typeCode,freqCode,refPeriodId,refYear,refMonth,period,reporterCode,reporterISO,reporterDesc,flowCode,flowDesc,partnerCode,partnerISO,partnerDesc,partner2Code,partner2ISO,partner2Desc,classificationCode,classificationSearchCode,isOriginalClassification,cmdCode,cmdDesc,aggrLevel,isLeaf,customsCode,customsDesc,mosCode,motCode,motDesc,qtyUnitCode,qtyUnitAbbr,qty,isQtyEstimated,altQtyUnitCode,altQtyUnitAbbr,altQty,isAltQtyEstimated,netWgt,isNetWgtEstimated,grossWgt,isGrossWgtEstimated,cifvalue,fobvalue,primaryValue,legacyEstimationFlag,isReported,isAggregate
"C","A","20240101","2024","52","2024","8","ALB","Albania","X","Export","0","W00","World","0","W00","World","H6","HS","true","0902","Tea","4","false","C00","TOTAL CPC","0","0","TOTAL MOT","-1","N/A","0","false","-1","N/A","0","false","0","false","0","false",,"248244.429","248244.429","0","false","true",
"C","A","20240101","2024","52","2024","12","DZA","Algeria","X","Export","0","W00","World","0","W00","World","H4","HS","true","0902","Tea","4","false","C00","TOTAL CPC","0","0","TOTAL MOT","8","kg","760.362","true","-1","N/A","0","false","760.362","true","0","false",,"14582.485","14582.485","6","false","true",
"C","A","20240101","2024","52","2024","24","AGO","Angola","X","Export","0","W00","World","0","W00","World","H6","HS","true","0902","Tea","4","false","C00","TOTAL CPC","0","0","TOTAL MOT","-1","N/A","0","false","-1","N/A","0","false",,"false","0","false",,"8089.67","8089.67","0","false","true",
"C","A","20240101","2024","52","2024","28","ATG","Antigua and Barbuda","X","Export","0","W00","World","0","W00","World","H3","HS","true","0902","Tea","4","false","C00","TOTAL CPC","0","0","TOTAL MOT","8","kg","170.055","false","5","u","267","false","170.055","false","0","false",,"5801.73","5801.73","0","false","true",
"C","A","20240101","2024","52","2024","31","AZE","Azerbaijan","X","Export","0","W00","World","0","W00","World","H6","HS","true","0902","Tea","4","false","C00","TOTAL CPC","0","0","TOTAL MOT","8","kg","747116.595","false","8","kg","747116.595","false","747116.595","false","0","false",,"6633749.57","6633749.57","0","false","true",
"C","A","20240101","2024","52","2024","32","ARG","Argentina","X","Export","0","W00","World","0","W00","World","H6","HS","true","0902","Tea","4","false","C00","TOTAL CPC","0","0","TOTAL MOT","8","kg","56959794","false","8","kg","56959794","false","56959794","false","0","false",,"64554523.18","64554523.18","0","false","true",
"C","A","20240101","2024","52","2024","36","AUS","Australia","X","Export","0","W00","World","0","W00","World","H6","HS","true","0902","Tea","4","false","C00","TOTAL CPC","0","0","TOTAL MOT","8","kg","1281702.92","false","8","kg","1281702.92","false","1281702.92","false","1490.937","false",,"4851433.658","4851433.658","0","false","true",
"C","A","20240101","2024","52","2024","40","AUT","Austria","X","Export","0","W00","World","0","W00","World","H6","HS","true","0902","Tea","4","false","C00","TOTAL CPC","0","0","TOTAL MOT","8","kg","684624.505","true","-1","N/A","0","false","684624.505","true","0","false",,"8601805.237","8601805.237","6","false","true",
"C","A","20240101","2024","52","2024","44","BHS","Bahamas","X","Export","0","W00","World","0","W00","World","H6","HS","true","0902","Tea","4","false","C00","TOTAL CPC","0","0","TOTAL MOT","8","kg","4.99","false","8","kg","4.99","false","4.99","false","0","false",,"113","113","0","false","true",
"C","A","20240101","2024","52","2024","48","BHR","Bahrain","X","Export","0","W00","World","0","W00","World","H6","HS","true","0902","Tea","4","false","C00","TOTAL CPC","0","0","TOTAL MOT","8","kg","236843.17","false","8","kg","236843.17","false","236843.17","false","0","false",,"468375.983","468375.983","0","false","true",
"C","A","20240101","2024","52","2024","51","ARM","Armenia","X","Export","0","W00","World","0","W00","World","H6","HS","true","0902","Tea","4","false","C00","TOTAL CPC","0","0","TOTAL MOT","8","kg","75936.43","false","8","kg","75936.43","false","75936.43","false","0","false",,"447573.52","447573.52","0","false","true",
"C","A","20240101","2024","52","2024","52","BRB","Barbados","X","Export","0","W00","World","0","W00","World","H6","HS","true","0902","Tea","4","false","C00","TOTAL CPC","0","0","TOTAL MOT","8","kg","3141","false","8","kg","3141","false","3141","false","0","false",,"41430","41430","0","false","true",
"C","A","20240101","2024","52","2024","56","BEL","Belgium","X","Export","0","W00","World","0","W00","World","H6","HS","true","0902","Tea","4","false","C00","TOTAL CPC","0","0","TOTAL MOT","8","kg","1562079.84","false","8","kg","1562079.84","false","1562079.84","false","0","false",,"14219871.858","14219871.858","0","false","true",
"C","A","20240101","2024","52","2024","70","BIH","Bosnia Herzegovina","X","Export","0","W00","World","0","W00","World","H6","HS","true","0902","Tea","4","false","C00","TOTAL CPC","0","0","TOTAL MOT","8","kg","2889.07","false","8","kg","2889.07","false","2889.07","false","0","false",,"51632.338","51632.338","0","false","true",
"C","A","20240101","2024","52","2024","76","BRA","Brazil","X","Export","0","W00","World","0","W00","World","H6","HS","true","0902","Tea","4","false","C00","TOTAL CPC","0","0","TOTAL MOT","8","kg","228334.569","true","-1","N/A","0","false","227879.569","true","0","false",,"1683064","1683064","6","false","true",
"C","A","20240101","2024","52","2024","84","BLZ","Belize","X","Export","0","W00","World","0","W00","World","H6","HS","true","0902","Tea","4","false","C00","TOTAL CPC","0","0","TOTAL MOT","8","kg","13137.38","false","8","kg","13137.38","false","13137.38","false","0","false",,"23386.72","23386.72","0","false","true",
"C","A","20240101","2024","52","2024","96","BRN","Brunei Darussalam","X","Export","0","W00","World","0","W00","World","H6","HS","true","0902","Tea","4","false","C00","TOTAL CPC","0","0","TOTAL MOT","8","kg","159","false","8","kg","159","false","159","false","0","false",,"1030.298","1030.298","0","false","true",
"C","A","20240101","2024","52","2024","100","BGR","Bulgaria","X","Export","0","W00","World","0","W00","World","H6","HS","true","0902","Tea","4","false","C00","TOTAL CPC","0","0","TOTAL MOT","8","kg","99214.411","true","-1","N/A","0","false","99214.411","true","0","false",,"631598.446","631598.446","6","false","true",
"C","A","20240101","2024","52","2024","104","MMR","Myanmar","X","Export","0","W00","World","0","W00","World","H6","HS","true","0902","Tea","4","false","C00","TOTAL CPC","0","0","TOTAL MOT","8","kg","2261640.12","false","8","kg","2261640.12","false","2261640.12","false","0","false",,"1761759.598","1761759.598","0","false","true",
"C","A","20240101","2024","52","2024","116","KHM","Cambodia","X","Export","0","W00","World","0","W00","World","H6","HS","true","0902","Tea","4","false","C00","TOTAL CPC","0","0","TOTAL MOT","8","kg","4458.06","false","8","kg","4458.06","false","4458.06","false","0","false",,"95170.69","95170.69","0","false","true",
"C","A","20240101","2024","52","2024","28","ATG","Antigua and Barbuda","X","Export","0","W00","World","0","W00","World","H3","HS","true","0902","Tea","4","false","C00","TOTAL CPC","0","1000","Air","8","kg","1.875","false","5","u","14","false","1.875","false","0","false",,"53.274","53.274","0","false","true",
"C","A","20240101","2024","52","2024","31","AZE","Azerbaijan","X","Export","0","W00","World","0","W00","World","H6","HS","true","0902","Tea","4","false","C00","TOTAL CPC","0","1000","Air","8","kg","83.875","false","8","kg","83.875","false","83.875","false","0","false",,"17352.61","17352.61","0","false","true",
"C","A","20240101","2024","52","2024","51","ARM","Armenia","X","Export","0","W00","World","0","W00","World","H6","HS","true","0902","Tea","4","false","C00","TOTAL CPC","0","1000","Air","8","kg","1482.3","false","8","kg","1482.3","false","1482.3","false","0","false",,"21532.17","21532.17","0","false","true",
"C","A","20240101","2024","52","2024","70","BIH","Bosnia Herzegovina","X","Export","0","W00","World","0","W00","World","H6","HS","true","0902","Tea","4","false","C00","TOTAL CPC","0","1000","Air","8","kg","3.03","false","8","kg","3.03","false","3.03","false","0","false",,"74.234","74.234","0","false","true",
"C","A","20240101","2024","52","2024","76","BRA","Brazil","X","Export","0","W00","World","0","W00","World","H6","HS","true","0902","Tea","4","false","C00","TOTAL CPC","0","1000","Air","8","kg","1686.02","true","-1","N/A","0","false","1686.02","true","0","false",,"13743","13743","6","false","true",
"C","A","20240101","2024","52","2024","100","BGR","Bulgaria","X","Export","0","W00","World","0","W00","World","H6","HS","true","0902","Tea","4","false","C00","TOTAL CPC","0","1000","Air","8","kg","487.077","true","-1","N/A","0","false","487.077","true","0","false",,"14303.797","14303.797","6","false","true",
"C","A","20240101","2024","52","2024","104","MMR","Myanmar","X","Export","0","W00","World","0","W00","World","H6","HS","true","0902","Tea","4","false","C00","TOTAL CPC","0","1000","Air","8","kg","3811.6","false","8","kg","3811.6","false","3811.6","false","0","false",,"17744.29","17744.29","0","false","true",
"C","A","20240101","2024","52","2024","8","ALB","Albania","X","Export","0","W00","World","0","W00","World","H6","HS","true","0902","Tea","4","false","C00","TOTAL CPC","0","2100","Sea","-1","N/A","0","false","-1","N/A","0","false","0","false","0","false",,"29888.131","29888.131","0","false","true",
"C","A","20240101","2024","52","2024","28","ATG","Antigua and Barbuda","X","Export","0","W00","World","0","W00","World","H3","HS","true","0902","Tea","4","false","C00","TOTAL CPC","0","2100","Sea","8","kg","168.18","false","5","u","253","false","168.18","false","0","false",,"5748.456","5748.456","0","false","true",
"C","A","20240101","2024","52","2024","31","AZE","Azerbaijan","X","Export","0","W00","World","0","W00","World","H6","HS","true","0902","Tea","4","false","C00","TOTAL CPC","0","2100","Sea","8","kg","528","false","8","kg","528","false","528","false","0","false",,"4305.83","4305.83","0","false","true",
"C","A","20240101","2024","52","2024","76","BRA","Brazil","X","Export","0","W00","World","0","W00","World","H6","HS","true","0902","Tea","4","false","C00","TOTAL CPC","0","2100","Sea","8","kg","224346.945","true","-1","N/A","0","false","223891.945","true","0","false",,"1660098","1660098","6","false","true",
"C","A","20240101","2024","52","2024","100","BGR","Bulgaria","X","Export","0","W00","World","0","W00","World","H6","HS","true","0902","Tea","4","false","C00","TOTAL CPC","0","2100","Sea","8","kg","1094","false","8","kg","1094","false","1094","false","0","false",,"34868.651","34868.651","0","false","true",
"C","A","20240101","2024","52","2024","70","BIH","Bosnia Herzegovina","X","Export","0","W00","World","0","W00","World","H6","HS","true","0902","Tea","4","false","C00","TOTAL CPC","0","3000","Land","8","kg","2886.04","false","8","kg","2886.04","false","2886.04","false","0","false",,"51558.104","51558.104","0","false","true",
"C","A","20240101","2024","52","2024","8","ALB","Albania","X","Export","0","W00","World","0","W00","World","H6","HS","true","0902","Tea","4","false","C00","TOTAL CPC","0","3200","Road","-1","N/A","0","false","-1","N/A","0","false","0","false","0","false",,"218356.298","218356.298","0","false","true",
"C","A","20240101","2024","52","2024","31","AZE","Azerbaijan","X","Export","0","W00","World","0","W00","World","H6","HS","true","0902","Tea","4","false","C00","TOTAL CPC","0","3200","Road","8","kg","733642.42","false","8","kg","733642.42","false","733642.42","false","0","false",,"6399093.79","6399093.79","0","false","true",
"C","A","20240101","2024","52","2024","51","ARM","Armenia","X","Export","0","W00","World","0","W00","World","H6","HS","true","0902","Tea","4","false","C00","TOTAL CPC","0","3200","Road","8","kg","32466.61","false","8","kg","32466.61","false","32466.61","false","0","false",,"80331.98","80331.98","0","false","true",
"C","A","20240101","2024","52","2024","76","BRA","Brazil","X","Export","0","W00","World","0","W00","World","H6","HS","true","0902","Tea","4","false","C00","TOTAL CPC","0","3200","Road","8","kg","2250","false","8","kg","2250","false","2250","false","0","false",,"8109","8109","0","false","true",
"C","A","20240101","2024","52","2024","84","BLZ","Belize","X","Export","0","W00","World","0","W00","World","H6","HS","true","0902","Tea","4","false","C00","TOTAL CPC","0","3200","Road","8","kg","13137.38","false","8","kg","13137.38","false","13137.38","false","0","false",,"23386.72","23386.72","0","false","true",
"C","A","20240101","2024","52","2024","100","BGR","Bulgaria","X","Export","0","W00","World","0","W00","World","H6","HS","true","0902","Tea","4","false","C00","TOTAL CPC","0","3200","Road","8","kg","97633.334","true","-1","N/A","0","false","97633.334","true","0","false",,"582425.999","582425.999","6","false","true",
"C","A","20240101","2024","52","2024","104","MMR","Myanmar","X","Export","0","W00","World","0","W00","World","H6","HS","true","0902","Tea","4","false","C00","TOTAL CPC","0","3200","Road","8","kg","1886858","false","8","kg","1886858","false","1886858","false","0","false",,"888560.558","888560.558","0","false","true",
"C","A","20240101","2024","52","2024","51","ARM","Armenia","X","Export","0","W00","World","0","W00","World","H6","HS","true","0902","Tea","4","false","C00","TOTAL CPC","0","3900","Land, not else classified","8","kg","41985.52","false","8","kg","41985.52","false","41985.52","false","0","false",,"345657.77","345657.77","0","false","true",
"C","A","20240101","2024","52","2024","104","MMR","Myanmar","X","Export","0","W00","World","0","W00","World","H6","HS","true","0902","Tea","4","false","C00","TOTAL CPC","0","9110","Pipelines","8","kg","370970.52","false","8","kg","370970.52","false","370970.52","false","0","false",,"855454.75","855454.75","0","false","true",
"C","A","20240101","2024","52","2024","51","ARM","Armenia","X","Export","0","W00","World","0","W00","World","H6","HS","true","0902","Tea","4","false","C00","TOTAL CPC","0","9200","Postal consignments, mail or courier shipment","8","kg","2","false","8","kg","2","false","2","false","0","false",,"51.6","51.6","0","false","true",
"C","A","20240101","2024","52","2024","31","AZE","Azerbaijan","X","Export","0","W00","World","0","W00","World","H6","HS","true","0902","Tea","4","false","C00","TOTAL CPC","0","9900","Other","8","kg","12862.3","false","8","kg","12862.3","false","12862.3","false","0","false",,"212997.34","212997.34","0","false","true",
"C","A","20240101","2024","52","2024","36","AUS","Australia","X","Export","0","W00","World","0","W00","World","H6","HS","true","0902","Tea","4","false","C00","TOTAL CPC","0","9900","Other","8","kg","1281702.92","false","8","kg","1281702.92","false","1281702.92","false","1490.937","false",,"4851433.658","4851433.658","0","false","true",
"C","A","20240101","2024","52","2024","76","BRA","Brazil","X","Export","0","W00","World","0","W00","World","H6","HS","true","0902","Tea","4","false","C00","TOTAL CPC","0","9900","Other","8","kg","51.604","true","-1","N/A","0","false","51.604","true","0","false",,"1114","1114","6","false","true",
"C","A","20240101","2024","52","2024","8","ALB","Albania","X","Export","0","W00","World","0","W00","World","H6","HS","true","090210","Tea, green; (not fermented), in immediate packings of a content not exceeding 3kg","6","true","C00","TOTAL CPC","0","0","TOTAL MOT","8","kg","23825.86","false","8","kg","23825.86","false","23825.86","false","0","false",,"201437.432","201437.432","0","false","true",
"C","A","20240101","2024","52","2024","12","DZA","Algeria","X","Export","0","W00","World","0","W00","World","H4","HS","true","090210","Tea, green; (not fermented), in immediate packings of a content not exceeding 3kg","6","true","C00","TOTAL CPC","0","0","TOTAL MOT","8","kg","664.205","true","-1","N/A","0","false","664.205","true","0","false",,"13596.074","13596.074","6","false","true",
"C","A","20240101","2024","52","2024","24","AGO","Angola","X","Export","0","W00","World","0","W00","World","H6","HS","true","090210","Tea, green; (not fermented), in immediate packings of a content not exceeding 3kg","6","true","C00","TOTAL CPC","0","0","TOTAL MOT","-1","N/A","0","false","8","kg","27920.89","false",,"false","0","false",,"1060.02","1060.02","0","false","true",
"C","A","20240101","2024","52","2024","28","ATG","Antigua and Barbuda","X","Export","0","W00","World","0","W00","World","H3","HS","true","090210","Tea, green; (not fermented), in immediate packings of a content not exceeding 3kg","6","true","C00","TOTAL CPC","0","0","TOTAL MOT","8","kg","1.875","false","5","u","14","false","1.875","false","0","false",,"53.274","53.274","0","false","true",
"C","A","20240101","2024","52","2024","31","AZE","Azerbaijan","X","Export","0","W00","World","0","W00","World","H6","HS","true","090210","Tea, green; (not fermented), in immediate packings of a content not exceeding 3kg","6","true","C00","TOTAL CPC","0","0","TOTAL MOT","8","kg","1220","false","8","kg","1220","false","1220","false","0","false",,"15245.65","15245.65","0","false","true",
"C","A","20240101","2024","52","2024","36","AUS","Australia","X","Export","0","W00","World","0","W00","World","H6","HS","true","090210","Tea, green; (not fermented), in immediate packings of a content not exceeding 3kg","6","true","C00","TOTAL CPC","0","0","TOTAL MOT","8","kg","54747.28","false","8","kg","54747.28","false","54747.28","false","72.782","false",,"630458.924","630458.924","0","false","true",
"C","A","20240101","2024","52","2024","40","AUT","Austria","X","Export","0","W00","World","0","W00","World","H6","HS","true","090210","Tea, green; (not fermented), in immediate packings of a content not exceeding 3kg","6","true","C00","TOTAL CPC","0","0","TOTAL MOT","8","kg","120978.799","true","-1","N/A","0","false","120978.799","true","0","false",,"2457209.296","2457209.296","6","false","true",
"C","A","20240101","2024","52","2024","44","BHS","Bahamas","X","Export","0","W00","World","0","W00","World","H6","HS","true","090210","Tea, green; (not fermented), in immediate packings of a content not exceeding 3kg","6","true","C00","TOTAL CPC","0","0","TOTAL MOT","8","kg","4.536","false","8","kg","4.536","false","4.536","false","0","false",,"88","88","0","false","true",
"C","A","20240101","2024","52","2024","48","BHR","Bahrain","X","Export","0","W00","World","0","W00","World","H6","HS","true","090210","Tea, green; (not fermented), in immediate packings of a content not exceeding 3kg","6","true","C00","TOTAL CPC","0","0","TOTAL MOT","8","kg","331.01","false","8","kg","331.01","false","331.01","false","0","false",,"3027.128","3027.128","0","false","true",
"C","A","20240101","2024","52","2024","51","ARM","Armenia","X","Export","0","W00","World","0","W00","World","H6","HS","true","090210","Tea, green; (not fermented), in immediate packings of a content not exceeding 3kg","6","true","C00","TOTAL CPC","0","0","TOTAL MOT","8","kg","47519.95","false","8","kg","47519.95","false","47519.95","false","0","false",,"57603.3","57603.3","0","false","true",
"C","A","20240101","2024","52","2024","52","BRB","Barbados","X","Export","0","W00","World","0","W00","World","H6","HS","true","090210","Tea, green; (not fermented), in immediate packings of a content not exceeding 3kg","6","true","C00","TOTAL CPC","0","0","TOTAL MOT","8","kg","361","false","8","kg","361","false","361","false","0","false",,"416.5","416.5","0","false","true",
"C","A","20240101","2024","52","2024","56","BEL","Belgium","X","Export","0","W00","World","0","W00","World","H6","HS","true","090210","Tea, green; (not fermented), in immediate packings of a content not exceeding 3kg","6","true","C00","TOTAL CPC","0","0","TOTAL MOT","8","kg","1407406.2","false","8","kg","1407406.2","false","1407406.2","false","0","false",,"11736129.719","11736129.719","0","false","true",
"C","A","20240101","2024","52","2024","70","BIH","Bosnia Herzegovina","X","Export","0","W00","World","0","W00","World","H6","HS","true","090210","Tea, green; (not fermented), in immediate packings of a content not exceeding 3kg","6","true","C00","TOTAL CPC","0","0","TOTAL MOT","8","kg","569.04","false","8","kg","569.04","false","569.04","false","0","false",,"9364.308","9364.308","0","false","true",
"C","A","20240101","2024","52","2024","76","BRA","Brazil","X","Export","0","W00","World","0","W00","World","H6","HS","true","090210","Tea, green; (not fermented), in immediate packings of a content not exceeding 3kg","6","true","C00","TOTAL CPC","0","0","TOTAL MOT","8","kg","39640.454","true","8","kg","38723","false","39652.454","true","0","false",,"588917","588917","6","false","true",
"C","A","20240101","2024","52","2024","84","BLZ","Belize","X","Export","0","W00","World","0","W00","World","H6","HS","true","090210","Tea, green; (not fermented), in immediate packings of a content not exceeding 3kg","6","true","C00","TOTAL CPC","0","0","TOTAL MOT","8","kg","3033.81","false","8","kg","3033.81","false","3033.81","false","0","false",,"1452.6","1452.6","0","false","true",
"C","A","20240101","2024","52","2024","100","BGR","Bulgaria","X","Export","0","W00","World","0","W00","World","H6","HS","true","090210","Tea, green; (not fermented), in immediate packings of a content not exceeding 3kg","6","true","C00","TOTAL CPC","0","0","TOTAL MOT","8","kg","6326.143","true","-1","N/A","0","false","6326.143","true","0","false",,"262567.239","262567.239","6","false","true",
"C","A","20240101","2024","52","2024","104","MMR","Myanmar","X","Export","0","W00","World","0","W00","World","H6","HS","true","090210","Tea, green; (not fermented), in immediate packings of a content not exceeding 3kg","6","true","C00","TOTAL CPC","0","0","TOTAL MOT","8","kg","123588.32","false","8","kg","123588.32","false","123588.32","false","0","false",,"219319.98","219319.98","0","false","true",
"C","A","20240101","2024","52","2024","116","KHM","Cambodia","X","Export","0","W00","World","0","W00","World","H6","HS","true","090210","Tea, green; (not fermented), in immediate packings of a content not exceeding 3kg","6","true","C00","TOTAL CPC","0","0","TOTAL MOT","8","kg","4010.48","false","8","kg","4010.48","false","4010.48","false","0","false",,"84716.43","84716.43","0","false","true",
"C","A","20240101","2024","52","2024","28","ATG","Antigua and Barbuda","X","Export","0","W00","World","0","W00","World","H3","HS","true","090210","Tea, green; (not fermented), in immediate packings of a content not exceeding 3kg","6","true","C00","TOTAL CPC","0","1000","Air","8","kg","1.875","false","5","u","14","false","1.875","false","0","false",,"53.274","53.274","0","false","true",
"C","A","20240101","2024","52","2024","51","ARM","Armenia","X","Export","0","W00","World","0","W00","World","H6","HS","true","090210","Tea, green; (not fermented), in immediate packings of a content not exceeding 3kg","6","true","C00","TOTAL CPC","0","1000","Air","8","kg","46.65","false","8","kg","46.65","false","46.65","false","0","false",,"3562.66","3562.66","0","false","true",
"C","A","20240101","2024","52","2024","76","BRA","Brazil","X","Export","0","W00","World","0","W00","World","H6","HS","true","090210","Tea, green; (not fermented), in immediate packings of a content not exceeding 3kg","6","true","C00","TOTAL CPC","0","1000","Air","8","kg","573.02","true","8","kg","571","false","573.02","true","0","false",,"3342","3342","6","false","true",
"C","A","20240101","2024","52","2024","100","BGR","Bulgaria","X","Export","0","W00","World","0","W00","World","H6","HS","true","090210","Tea, green; (not fermented), in immediate packings of a content not exceeding 3kg","6","true","C00","TOTAL CPC","0","1000","Air","8","kg","153.077","true","-1","N/A","0","false","153.077","true","0","false",,"8745.235","8745.235","6","false","true",
"C","A","20240101","2024","52","2024","104","MMR","Myanmar","X","Export","0","W00","World","0","W00","World","H6","HS","true","090210","Tea, green; (not fermented), in immediate packings of a content not exceeding 3kg","6","true","C00","TOTAL CPC","0","1000","Air","8","kg","2930","false","8","kg","2930","false","2930","false","0","false",,"12140","12140","0","false","true",
"C","A","20240101","2024","52","2024","8","ALB","Albania","X","Export","0","W00","World","0","W00","World","H6","HS","true","090210","Tea, green; (not fermented), in immediate packings of a content not exceeding 3kg","6","true","C00","TOTAL CPC","0","2100","Sea","8","kg","1393.88","false","8","kg","1393.88","false","1393.88","false","0","false",,"28337.272","28337.272","0","false","true",
"C","A","20240101","2024","52","2024","76","BRA","Brazil","X","Export","0","W00","World","0","W00","World","H6","HS","true","090210","Tea, green; (not fermented), in immediate packings of a content not exceeding 3kg","6","true","C00","TOTAL CPC","0","2100","Sea","8","kg","36810.287","true","8","kg","35903","false","36822.287","true","0","false",,"577214","577214","6","false","true",
"C","A","20240101","2024","52","2024","100","BGR","Bulgaria","X","Export","0","W00","World","0","W00","World","H6","HS","true","090210","Tea, green; (not fermented), in immediate packings of a content not exceeding 3kg","6","true","C00","TOTAL CPC","0","2100","Sea","8","kg","114","false","8","kg","114","false","114","false","0","false",,"5332.325","5332.325","0","false","true",
"C","A","20240101","2024","52","2024","70","BIH","Bosnia Herzegovina","X","Export","0","W00","World","0","W00","World","H6","HS","true","090210","Tea, green; (not fermented), in immediate packings of a content not exceeding 3kg","6","true","C00","TOTAL CPC","0","3000","Land","8","kg","569.04","false","8","kg","569.04","false","569.04","false","0","false",,"9364.308","9364.308","0","false","true",
"C","A","20240101","2024","52","2024","8","ALB","Albania","X","Export","0","W00","World","0","W00","World","H6","HS","true","090210","Tea, green; (not fermented), in immediate packings of a content not exceeding 3kg","6","true","C00","TOTAL CPC","0","3200","Road","8","kg","22431.98","false","8","kg","22431.98","false","22431.98","false","0","false",,"173100.159","173100.159","0","false","true",
"C","A","20240101","2024","52","2024","51","ARM","Armenia","X","Export","0","W00","World","0","W00","World","H6","HS","true","090210","Tea, green; (not fermented), in immediate packings of a content not exceeding 3kg","6","true","C00","TOTAL CPC","0","3200","Road","8","kg","24897.3","false","8","kg","24897.3","false","24897.3","false","0","false",,"36006.15","36006.15","0","false","true",
"C","A","20240101","2024","52","2024","76","BRA","Brazil","X","Export","0","W00","World","0","W00","World","H6","HS","true","090210","Tea, green; (not fermented), in immediate packings of a content not exceeding 3kg","6","true","C00","TOTAL CPC","0","3200","Road","8","kg","2228","false","8","kg","2228","false","2228","false","0","false",,"7680","7680","0","false","true",
"C","A","20240101","2024","52","2024","84","BLZ","Belize","X","Export","0","W00","World","0","W00","World","H6","HS","true","090210","Tea, green; (not fermented), in immediate packings of a content not exceeding 3kg","6","true","C00","TOTAL CPC","0","3200","Road","8","kg","3033.81","false","8","kg","3033.81","false","3033.81","false","0","false",,"1452.6","1452.6","0","false","true",
"C","A","20240101","2024","52","2024","100","BGR","Bulgaria","X","Export","0","W00","World","0","W00","World","H6","HS","true","090210","Tea, green; (not fermented), in immediate packings of a content not exceeding 3kg","6","true","C00","TOTAL CPC","0","3200","Road","8","kg","6059.066","true","-1","N/A","0","false","6059.066","true","0","false",,"248489.679","248489.679","6","false","true",
"C","A","20240101","2024","52","2024","104","MMR","Myanmar","X","Export","0","W00","World","0","W00","World","H6","HS","true","090210","Tea, green; (not fermented), in immediate packings of a content not exceeding 3kg","6","true","C00","TOTAL CPC","0","3200","Road","8","kg","68000","false","8","kg","68000","false","68000","false","0","false",,"122407.9","122407.9","0","false","true",
"C","A","20240101","2024","52","2024","51","ARM","Armenia","X","Export","0","W00","World","0","W00","World","H6","HS","true","090210","Tea, green; (not fermented), in immediate packings of a content not exceeding 3kg","6","true","C00","TOTAL CPC","0","3900","Land, not else classified","8","kg","22576","false","8","kg","22576","false","22576","false","0","false",,"18034.49","18034.49","0","false","true",
"C","A","20240101","2024","52","2024","104","MMR","Myanmar","X","Export","0","W00","World","0","W00","World","H6","HS","true","090210","Tea, green; (not fermented), in immediate packings of a content not exceeding 3kg","6","true","C00","TOTAL CPC","0","9110","Pipelines","8","kg","52658.32","false","8","kg","52658.32","false","52658.32","false","0","false",,"84772.08","84772.08","0","false","true",
"C","A","20240101","2024","52","2024","31","AZE","Azerbaijan","X","Export","0","W00","World","0","W00","World","H6","HS","true","090210","Tea, green; (not fermented), in immediate packings of a content not exceeding 3kg","6","true","C00","TOTAL CPC","0","9900","Other","8","kg","1220","false","8","kg","1220","false","1220","false","0","false",,"15245.65","15245.65","0","false","true",
"C","A","20240101","2024","52","2024","36","AUS","Australia","X","Export","0","W00","World","0","W00","World","H6","HS","true","090210","Tea, green; (not fermented), in immediate packings of a content not exceeding 3kg","6","true","C00","TOTAL CPC","0","9900","Other","8","kg","54747.28","false","8","kg","54747.28","false","54747.28","false","72.782","false",,"630458.924","630458.924","0","false","true",
"C","A","20240101","2024","52","2024","76","BRA","Brazil","X","Export","0","W00","World","0","W00","World","H6","HS","true","090210","Tea, green; (not fermented), in immediate packings of a content not exceeding 3kg","6","true","C00","TOTAL CPC","0","9900","Other","8","kg","29.147","true","8","kg","21","false","29.147","true","0","false",,"681","681","6","false","true",
"C","A","20240101","2024","52","2024","12","DZA","Algeria","X","Export","0","W00","World","0","W00","World","H4","HS","true","090220","Tea, green; (not fermented), in immediate packings of a content exceeding 3kg","6","true","C00","TOTAL CPC","0","0","TOTAL MOT","8","kg","56.555","true","-1","N/A","0","false","56.555","true","0","false",,"467.377","467.377","6","false","true",
"C","A","20240101","2024","52","2024","24","AGO","Angola","X","Export","0","W00","World","0","W00","World","H6","HS","true","090220","Tea, green; (not fermented), in immediate packings of a content exceeding 3kg","6","true","C00","TOTAL CPC","0","0","TOTAL MOT","8","kg","742","false","8","kg","742","false","742","false","0","false",,"4759.57","4759.57","0","false","true",
"C","A","20240101","2024","52","2024","31","AZE","Azerbaijan","X","Export","0","W00","World","0","W00","World","H6","HS","true","090220","Tea, green; (not fermented), in immediate packings of a content exceeding 3kg","6","true","C00","TOTAL CPC","0","0","TOTAL MOT","8","kg","90134.42","false","8","kg","90134.42","false","90134.42","false","0","false",,"505809.48","505809.48","0","false","true",
"C","A","20240101","2024","52","2024","36","AUS","Australia","X","Export","0","W00","World","0","W00","World","H6","HS","true","090220","Tea, green; (not fermented), in immediate packings of a content exceeding 3kg","6","true","C00","TOTAL CPC","0","0","TOTAL MOT","8","kg","103964.96","false","8","kg","103964.96","false","103964.96","false","116.333","false",,"1095315.401","1095315.401","0","false","true",
"C","A","20240101","2024","52","2024","40","AUT","Austria","X","Export","0","W00","World","0","W00","World","H6","HS","true","090220","Tea, green; (not fermented), in immediate packings of a content exceeding 3kg","6","true","C00","TOTAL CPC","0","0","TOTAL MOT","8","kg","8071.258","true","-1","N/A","0","false","8071.258","true","0","false",,"34876.463","34876.463","6","false","true",
"C","A","20240101","2024","52","2024","44","BHS","Bahamas","X","Export","0","W00","World","0","W00","World","H6","HS","true","090220","Tea, green; (not fermented), in immediate packings of a content exceeding 3kg","6","true","C00","TOTAL CPC","0","0","TOTAL MOT","8","kg","0.454","false","8","kg","0.454","false","0.454","false","0","false",,"25","25","0","false","true",
"C","A","20240101","2024","52","2024","48","BHR","Bahrain","X","Export","0","W00","World","0","W00","World","H6","HS","true","090220","Tea, green; (not fermented), in immediate packings of a content exceeding 3kg","6","true","C00","TOTAL CPC","0","0","TOTAL MOT","8","kg","18124.23","false","8","kg","18124.23","false","18124.23","false","0","false",,"44217.5","44217.5","0","false","true",
"C","A","20240101","2024","52","2024","51","ARM","Armenia","X","Export","0","W00","World","0","W00","World","H6","HS","true","090220","Tea, green; (not fermented), in immediate packings of a content exceeding 3kg","6","true","C00","TOTAL CPC","0","0","TOTAL MOT","8","kg","7172","false","8","kg","7172","false","7172","false","0","false",,"128363.06","128363.06","0","false","true",
"C","A","20240101","2024","52","2024","52","BRB","Barbados","X","Export","0","W00","World","0","W00","World","H6","HS","true","090220","Tea, green; (not fermented), in immediate packings of a content exceeding 3kg","6","true","C00","TOTAL CPC","0","0","TOTAL MOT","8","kg","137","false","8","kg","137","false","137","false","0","false",,"18.5","18.5","0","false","true",
"C","A","20240101","2024","52","2024","56","BEL","Belgium","X","Export","0","W00","World","0","W00","World","H6","HS","true","090220","Tea, green; (not fermented), in immediate packings of a content exceeding 3kg","6","true","C00","TOTAL CPC","0","0","TOTAL MOT","8","kg","6446.8","false","8","kg","6446.8","false","6446.8","false","0","false",,"135338.275","135338.275","0","false","true",
"C","A","20240101","2024","52","2024","70","BIH","Bosnia Herzegovina","X","Export","0","W00","World","0","W00","World","H6","HS","true","090220","Tea, green; (not fermented), in immediate packings of a content exceeding 3kg","6","true","C00","TOTAL CPC","0","0","TOTAL MOT","8","kg","709.2","false","8","kg","709.2","false","709.2","false","0","false",,"9782.712","9782.712","0","false","true",
"C","A","20240101","2024","52","2024","76","BRA","Brazil","X","Export","0","W00","World","0","W00","World","H6","HS","true","090220","Tea, green; (not fermented), in immediate packings of a content exceeding 3kg","6","true","C00","TOTAL CPC","0","0","TOTAL MOT","8","kg","184400.43","true","8","kg","183715","false","184025.43","true","0","false",,"1011907","1011907","6","false","true",
"C","A","20240101","2024","52","2024","100","BGR","Bulgaria","X","Export","0","W00","World","0","W00","World","H6","HS","true","090220","Tea, green; (not fermented), in immediate packings of a content exceeding 3kg","6","true","C00","TOTAL CPC","0","0","TOTAL MOT","8","kg","33859.637","true","-1","N/A","0","false","33859.637","true","0","false",,"219182.909","219182.909","6","false","true",
"C","A","20240101","2024","52","2024","104","MMR","Myanmar","X","Export","0","W00","World","0","W00","World","H6","HS","true","090220","Tea, green; (not fermented), in immediate packings of a content exceeding 3kg","6","true","C00","TOTAL CPC","0","0","TOTAL MOT","8","kg","1724967.6","false","8","kg","1724967.6","false","1724967.6","false","0","false",,"666669.928","666669.928","0","false","true",
"C","A","20240101","2024","52","2024","116","KHM","Cambodia","X","Export","0","W00","World","0","W00","World","H6","HS","true","090220","Tea, green; (not fermented), in immediate packings of a content exceeding 3kg","6","true","C00","TOTAL CPC","0","0","TOTAL MOT","8","kg","288.08","false","8","kg","288.08","false","288.08","false","0","false",,"7730.66","7730.66","0","false","true",
"C","A","20240101","2024","52","2024","51","ARM","Armenia","X","Export","0","W00","World","0","W00","World","H6","HS","true","090220","Tea, green; (not fermented), in immediate packings of a content exceeding 3kg","6","true","C00","TOTAL CPC","0","1000","Air","8","kg","157","false","8","kg","157","false","157","false","0","false",,"3724.61","3724.61","0","false","true",
"C","A","20240101","2024","52","2024","76","BRA","Brazil","X","Export","0","W00","World","0","W00","World","H6","HS","true","090220","Tea, green; (not fermented), in immediate packings of a content exceeding 3kg","6","true","C00","TOTAL CPC","0","1000","Air","8","kg","1100","false","8","kg","1100","false","1100","false","0","false",,"10098","10098","0","false","true",
"C","A","20240101","2024","52","2024","100","BGR","Bulgaria","X","Export","0","W00","World","0","W00","World","H6","HS","true","090220","Tea, green; (not fermented), in immediate packings of a content exceeding 3kg","6","true","C00","TOTAL CPC","0","1000","Air","8","kg","18","false","8","kg","18","false","18","false","0","false",,"284.317","284.317","0","false","true",
"C","A","20240101","2024","52","2024","104","MMR","Myanmar","X","Export","0","W00","World","0","W00","World","H6","HS","true","090220","Tea, green; (not fermented), in immediate packings of a content exceeding 3kg","6","true","C00","TOTAL CPC","0","1000","Air","8","kg","406.6","false","8","kg","406.6","false","406.6","false","0","false",,"2458.74","2458.74","0","false","true",
"C","A","20240101","2024","52","2024","31","AZE","Azerbaijan","X","Export","0","W00","World","0","W00","World","H6","HS","true","090220","Tea, green; (not fermented), in immediate packings of a content exceeding 3kg","6","true","C00","TOTAL CPC","0","2100","Sea","8","kg","60","false","8","kg","60","false","60","false","0","false",,"382.93","382.93","0","false","true",
"C","A","20240101","2024","52","2024","76","BRA","Brazil","X","Export","0","W00","World","0","W00","World","H6","HS","true","090220","Tea, green; (not fermented), in immediate packings of a content exceeding 3kg","6","true","C00","TOTAL CPC","0","2100","Sea","8","kg","183275.43","true","8","kg","182590","false","182900.43","true","0","false",,"1001365","1001365","6","false","true",
"C","A","20240101","2024","52","2024","100","BGR","Bulgaria","X","Export","0","W00","World","0","W00","World","H6","HS","true","090220","Tea, green; (not fermented), in immediate packings of a content exceeding 3kg","6","true","C00","TOTAL CPC","0","2100","Sea","8","kg","258","false","8","kg","258","false","258","false","0","false",,"16328.31","16328.31","0","false","true",
"C","A","20240101","2024","52","2024","70","BIH","Bosnia Herzegovina","X","Export","0","W00","World","0","W00","World","H6","HS","true","090220","Tea, green; (not fermented), in immediate packings of a content exceeding 3kg","6","true","C00","TOTAL CPC","0","3000","Land","8","kg","709.2","false","8","kg","709.2","false","709.2","false","0","false",,"9782.712","9782.712","0","false","true",
"C","A","20240101","2024","52","2024","31","AZE","Azerbaijan","X","Export","0","W00","World","0","W00","World","H6","HS","true","090220","Tea, green; (not fermented), in immediate packings of a content exceeding 3kg","6","true","C00","TOTAL CPC","0","3200","Road","8","kg","90074.42","false","8","kg","90074.42","false","90074.42","false","0","false",,"505426.55","505426.55","0","false","true",
"C","A","20240101","2024","52","2024","51","ARM","Armenia","X","Export","0","W00","World","0","W00","World","H6","HS","true","090220","Tea, green; (not fermented), in immediate packings of a content exceeding 3kg","6","true","C00","TOTAL CPC","0","3200","Road","8","kg","60","false","8","kg","60","false","60","false","0","false",,"1314.01","1314.01","0","false","true",
"C","A","20240101","2024","52","2024","76","BRA","Brazil","X","Export","0","W00","World","0","W00","World","H6","HS","true","090220","Tea, green; (not fermented), in immediate packings of a content exceeding 3kg","6","true","C00","TOTAL CPC","0","3200","Road","8","kg","22","false","8","kg","22","false","22","false","0","false",,"429","429","0","false","true",
"C","A","20240101","2024","52","2024","100","BGR","Bulgaria","X","Export","0","W00","World","0","W00","World","H6","HS","true","090220","Tea, green; (not fermented), in immediate packings of a content exceeding 3kg","6","true","C00","TOTAL CPC","0","3200","Road","8","kg","33583.637","true","-1","N/A","0","false","33583.637","true","0","false",,"202570.282","202570.282","6","false","true",
"C","A","20240101","2024","52","2024","104","MMR","Myanmar","X","Export","0","W00","World","0","W00","World","H6","HS","true","090220","Tea, green; (not fermented), in immediate packings of a content exceeding 3kg","6","true","C00","TOTAL CPC","0","3200","Road","8","kg","1716762","false","8","kg","1716762","false","1716762","false","0","false",,"600731.188","600731.188","0","false","true",
"C","A","20240101","2024","52","2024","51","ARM","Armenia","X","Export","0","W00","World","0","W00","World","H6","HS","true","090220","Tea, green; (not fermented), in immediate packings of a content exceeding 3kg","6","true","C00","TOTAL CPC","0","3900","Land, not else classified","8","kg","6955","false","8","kg","6955","false","6955","false","0","false",,"123324.44","123324.44","0","false","true",
"C","A","20240101","2024","52","2024","104","MMR","Myanmar","X","Export","0","W00","World","0","W00","World","H6","HS","true","090220","Tea, green; (not fermented), in immediate packings of a content exceeding 3kg","6","true","C00","TOTAL CPC","0","9110","Pipelines","8","kg","7799","false","8","kg","7799","false","7799","false","0","false",,"63480","63480","0","false","true",
"C","A","20240101","2024","52","2024","36","AUS","Australia","X","Export","0","W00","World","0","W00","World","H6","HS","true","090220","Tea, green; (not fermented), in immediate packings of a content exceeding 3kg","6","true","C00","TOTAL CPC","0","9900","Other","8","kg","103964.96","false","8","kg","103964.96","false","103964.96","false","116.333","false",,"1095315.401","1095315.401","0","false","true",
"C","A","20240101","2024","52","2024","76","BRA","Brazil","X","Export","0","W00","World","0","W00","World","H6","HS","true","090220","Tea, green; (not fermented), in immediate packings of a content exceeding 3kg","6","true","C00","TOTAL CPC","0","9900","Other","8","kg","3","false","8","kg","3","false","3","false","0","false",,"15","15","0","false","true",
"C","A","20240101","2024","52","2024","12","DZA","Algeria","X","Export","0","W00","World","0","W00","World","H4","HS","true","090230","Tea, black; (fermented) and partly fermented tea, in immediate packings of a content not exceeding 3kg","6","true","C00","TOTAL CPC","0","0","TOTAL MOT","8","kg","39.602","true","-1","N/A","0","false","39.602","true","0","false",,"519.033","519.033","6","false","true",
"C","A","20240101","2024","52","2024","24","AGO","Angola","X","Export","0","W00","World","0","W00","World","H6","HS","true","090230","Tea, black; (fermented) and partly fermented tea, in immediate packings of a content not exceeding 3kg","6","true","C00","TOTAL CPC","0","0","TOTAL MOT","-1","N/A","0","false","8","kg","598","false",,"false","0","false",,"251.04","251.04","0","false","true",
"C","A","20240101","2024","52","2024","31","AZE","Azerbaijan","X","Export","0","W00","World","0","W00","World","H6","HS","true","090230","Tea, black; (fermented) and partly fermented tea, in immediate packings of a content not exceeding 3kg","6","true","C00","TOTAL CPC","0","0","TOTAL MOT","8","kg","646432.95","false","8","kg","646432.95","false","646432.95","false","0","false",,"6061649.06","6061649.06","0","false","true",
"C","A","20240101","2024","52","2024","32","ARG","Argentina","X","Export","0","W00","World","0","W00","World","H6","HS","true","090230","Tea, black; (fermented) and partly fermented tea, in immediate packings of a content not exceeding 3kg","6","true","C00","TOTAL CPC","0","0","TOTAL MOT","8","kg","2870","false","8","kg","2870","false","2870","false","0","false",,"22849.78","22849.78","0","false","true",
"C","A","20240101","2024","52","2024","36","AUS","Australia","X","Export","0","W00","World","0","W00","World","H6","HS","true","090230","Tea, black; (fermented) and partly fermented tea, in immediate packings of a content not exceeding 3kg","6","true","C00","TOTAL CPC","0","0","TOTAL MOT","8","kg","1067589.2","false","8","kg","1067589.2","false","1067589.2","false","1244.606","false",,"2304601.228","2304601.228","0","false","true",
"C","A","20240101","2024","52","2024","40","AUT","Austria","X","Export","0","W00","World","0","W00","World","H6","HS","true","090230","Tea, black; (fermented) and partly fermented tea, in immediate packings of a content not exceeding 3kg","6","true","C00","TOTAL CPC","0","0","TOTAL MOT","8","kg","499201.447","true","-1","N/A","0","false","499201.447","true","0","false",,"5873268.053","5873268.053","6","false","true",
"C","A","20240101","2024","52","2024","48","BHR","Bahrain","X","Export","0","W00","World","0","W00","World","H6","HS","true","090230","Tea, black; (fermented) and partly fermented tea, in immediate packings of a content not exceeding 3kg","6","true","C00","TOTAL CPC","0","0","TOTAL MOT","8","kg","210649.14","false","8","kg","210649.14","false","210649.14","false","0","false",,"343174.334","343174.334","0","false","true",
"C","A","20240101","2024","52","2024","51","ARM","Armenia","X","Export","0","W00","World","0","W00","World","H6","HS","true","090230","Tea, black; (fermented) and partly fermented tea, in immediate packings of a content not exceeding 3kg","6","true","C00","TOTAL CPC","0","0","TOTAL MOT","8","kg","6475.48","false","8","kg","6475.48","false","6475.48","false","0","false",,"39425.25","39425.25","0","false","true",
"C","A","20240101","2024","52","2024","52","BRB","Barbados","X","Export","0","W00","World","0","W00","World","H6","HS","true","090230","Tea, black; (fermented) and partly fermented tea, in immediate packings of a content not exceeding 3kg","6","true","C00","TOTAL CPC","0","0","TOTAL MOT","8","kg","2266","false","8","kg","2266","false","2266","false","0","false",,"35899","35899","0","false","true",
"C","A","20240101","2024","52","2024","56","BEL","Belgium","X","Export","0","W00","World","0","W00","World","H6","HS","true","090230","Tea, black; (fermented) and partly fermented tea, in immediate packings of a content not exceeding 3kg","6","true","C00","TOTAL CPC","0","0","TOTAL MOT","8","kg","102347.82","false","8","kg","102347.82","false","102347.82","false","0","false",,"1617038.722","1617038.722","0","false","true",
"C","A","20240101","2024","52","2024","70","BIH","Bosnia Herzegovina","X","Export","0","W00","World","0","W00","World","H6","HS","true","090230","Tea, black; (fermented) and partly fermented tea, in immediate packings of a content not exceeding 3kg","6","true","C00","TOTAL CPC","0","0","TOTAL MOT","8","kg","297.9","false","8","kg","297.9","false","297.9","false","0","false",,"6024.948","6024.948","0","false","true",
"C","A","20240101","2024","52","2024","76","BRA","Brazil","X","Export","0","W00","World","0","W00","World","H6","HS","true","090230","Tea, black; (fermented) and partly fermented tea, in immediate packings of a content not exceeding 3kg","6","true","C00","TOTAL CPC","0","0","TOTAL MOT","8","kg","2948.878","true","8","kg","2652","false","2858.878","true","0","false",,"56238","56238","6","false","true",
"C","A","20240101","2024","52","2024","84","BLZ","Belize","X","Export","0","W00","World","0","W00","World","H6","HS","true","090230","Tea, black; (fermented) and partly fermented tea, in immediate packings of a content not exceeding 3kg","6","true","C00","TOTAL CPC","0","0","TOTAL MOT","8","kg","10103.57","false","8","kg","10103.57","false","10103.57","false","0","false",,"21934.12","21934.12","0","false","true",
"C","A","20240101","2024","52","2024","96","BRN","Brunei Darussalam","X","Export","0","W00","World","0","W00","World","H6","HS","true","090230","Tea, black; (fermented) and partly fermented tea, in immediate packings of a content not exceeding 3kg","6","true","C00","TOTAL CPC","0","0","TOTAL MOT","8","kg","159","false","8","kg","159","false","159","false","0","false",,"1030.298","1030.298","0","false","true",
"C","A","20240101","2024","52","2024","100","BGR","Bulgaria","X","Export","0","W00","World","0","W00","World","H6","HS","true","090230","Tea, black; (fermented) and partly fermented tea, in immediate packings of a content not exceeding 3kg","6","true","C00","TOTAL CPC","0","0","TOTAL MOT","8","kg","1419.585","true","-1","N/A","0","false","1419.585","true","0","false",,"26544.913","26544.913","6","false","true",
"C","A","20240101","2024","52","2024","104","MMR","Myanmar","X","Export","0","W00","World","0","W00","World","H6","HS","true","090230","Tea, black; (fermented) and partly fermented tea, in immediate packings of a content not exceeding 3kg","6","true","C00","TOTAL CPC","0","0","TOTAL MOT","8","kg","10760","false","8","kg","10760","false","10760","false","0","false",,"32199.05","32199.05","0","false","true",
"C","A","20240101","2024","52","2024","116","KHM","Cambodia","X","Export","0","W00","World","0","W00","World","H6","HS","true","090230","Tea, black; (fermented) and partly fermented tea, in immediate packings of a content not exceeding 3kg","6","true","C00","TOTAL CPC","0","0","TOTAL MOT","8","kg","140.19","false","8","kg","140.19","false","140.19","false","0","false",,"1847.33","1847.33","0","false","true",
"C","A","20240101","2024","52","2024","31","AZE","Azerbaijan","X","Export","0","W00","World","0","W00","World","H6","HS","true","090230","Tea, black; (fermented) and partly fermented tea, in immediate packings of a content not exceeding 3kg","6","true","C00","TOTAL CPC","0","1000","Air","8","kg","2.65","false","8","kg","2.65","false","2.65","false","0","false",,"79.06","79.06","0","false","true",
"C","A","20240101","2024","52","2024","51","ARM","Armenia","X","Export","0","W00","World","0","W00","World","H6","HS","true","090230","Tea, black; (fermented) and partly fermented tea, in immediate packings of a content not exceeding 3kg","6","true","C00","TOTAL CPC","0","1000","Air","8","kg","797.65","false","8","kg","797.65","false","797.65","false","0","false",,"5816.11","5816.11","0","false","true",
"C","A","20240101","2024","52","2024","76","BRA","Brazil","X","Export","0","W00","World","0","W00","World","H6","HS","true","090230","Tea, black; (fermented) and partly fermented tea, in immediate packings of a content not exceeding 3kg","6","true","C00","TOTAL CPC","0","1000","Air","8","kg","13","false","8","kg","13","false","13","false","0","false",,"303","303","0","false","true",
"C","A","20240101","2024","52","2024","100","BGR","Bulgaria","X","Export","0","W00","World","0","W00","World","H6","HS","true","090230","Tea, black; (fermented) and partly fermented tea, in immediate packings of a content not exceeding 3kg","6","true","C00","TOTAL CPC","0","1000","Air","8","kg","315","false","8","kg","315","false","315","false","0","false",,"5263.182","5263.182","0","false","true",
"C","A","20240101","2024","52","2024","104","MMR","Myanmar","X","Export","0","W00","World","0","W00","World","H6","HS","true","090230","Tea, black; (fermented) and partly fermented tea, in immediate packings of a content not exceeding 3kg","6","true","C00","TOTAL CPC","0","1000","Air","8","kg","35","false","8","kg","35","false","35","false","0","false",,"1561.55","1561.55","0","false","true",
"C","A","20240101","2024","52","2024","31","AZE","Azerbaijan","X","Export","0","W00","World","0","W00","World","H6","HS","true","090230","Tea, black; (fermented) and partly fermented tea, in immediate packings of a content not exceeding 3kg","6","true","C00","TOTAL CPC","0","2100","Sea","8","kg","468","false","8","kg","468","false","468","false","0","false",,"3922.9","3922.9","0","false","true",
"C","A","20240101","2024","52","2024","76","BRA","Brazil","X","Export","0","W00","World","0","W00","World","H6","HS","true","090230","Tea, black; (fermented) and partly fermented tea, in immediate packings of a content not exceeding 3kg","6","true","C00","TOTAL CPC","0","2100","Sea","8","kg","2916.422","true","8","kg","2623","false","2826.422","true","0","false",,"55517","55517","6","false","true",
"C","A","20240101","2024","52","2024","70","BIH","Bosnia Herzegovina","X","Export","0","W00","World","0","W00","World","H6","HS","true","090230","Tea, black; (fermented) and partly fermented tea, in immediate packings of a content not exceeding 3kg","6","true","C00","TOTAL CPC","0","3000","Land","8","kg","297.9","false","8","kg","297.9","false","297.9","false","0","false",,"6024.948","6024.948","0","false","true",
"C","A","20240101","2024","52","2024","31","AZE","Azerbaijan","X","Export","0","W00","World","0","W00","World","H6","HS","true","090230","Tea, black; (fermented) and partly fermented tea, in immediate packings of a content not exceeding 3kg","6","true","C00","TOTAL CPC","0","3200","Road","8","kg","634338.5","false","8","kg","634338.5","false","634338.5","false","0","false",,"5864060.12","5864060.12","0","false","true",
"C","A","20240101","2024","52","2024","51","ARM","Armenia","X","Export","0","W00","World","0","W00","World","H6","HS","true","090230","Tea, black; (fermented) and partly fermented tea, in immediate packings of a content not exceeding 3kg","6","true","C00","TOTAL CPC","0","3200","Road","8","kg","5463.31","false","8","kg","5463.31","false","5463.31","false","0","false",,"27331.48","27331.48","0","false","true",
"C","A","20240101","2024","52","2024","84","BLZ","Belize","X","Export","0","W00","World","0","W00","World","H6","HS","true","090230","Tea, black; (fermented) and partly fermented tea, in immediate packings of a content not exceeding 3kg","6","true","C00","TOTAL CPC","0","3200","Road","8","kg","10103.57","false","8","kg","10103.57","false","10103.57","false","0","false",,"21934.12","21934.12","0","false","true",
"C","A","20240101","2024","52","2024","100","BGR","Bulgaria","X","Export","0","W00","World","0","W00","World","H6","HS","true","090230","Tea, black; (fermented) and partly fermented tea, in immediate packings of a content not exceeding 3kg","6","true","C00","TOTAL CPC","0","3200","Road","8","kg","1104.585","true","-1","N/A","0","false","1104.585","true","0","false",,"21281.731","21281.731","6","false","true",
"C","A","20240101","2024","52","2024","51","ARM","Armenia","X","Export","0","W00","World","0","W00","World","H6","HS","true","090230","Tea, black; (fermented) and partly fermented tea, in immediate packings of a content not exceeding 3kg","6","true","C00","TOTAL CPC","0","3900","Land, not else classified","8","kg","214.52","false","8","kg","214.52","false","214.52","false","0","false",,"6277.66","6277.66","0","false","true",
"C","A","20240101","2024","52","2024","104","MMR","Myanmar","X","Export","0","W00","World","0","W00","World","H6","HS","true","090230","Tea, black; (fermented) and partly fermented tea, in immediate packings of a content not exceeding 3kg","6","true","C00","TOTAL CPC","0","9110","Pipelines","8","kg","10725","false","8","kg","10725","false","10725","false","0","false",,"30637.5","30637.5","0","false","true",
"C","A","20240101","2024","52","2024","31","AZE","Azerbaijan","X","Export","0","W00","World","0","W00","World","H6","HS","true","090230","Tea, black; (fermented) and partly fermented tea, in immediate packings of a content not exceeding 3kg","6","true","C00","TOTAL CPC","0","9900","Other","8","kg","11623.8","false","8","kg","11623.8","false","11623.8","false","0","false",,"193586.98","193586.98","0","false","true",
"C","A","20240101","2024","52","2024","36","AUS","Australia","X","Export","0","W00","World","0","W00","World","H6","HS","true","090230","Tea, black; (fermented) and partly fermented tea, in immediate packings of a content not exceeding 3kg","6","true","C00","TOTAL CPC","0","9900","Other","8","kg","1067589.2","false","8","kg","1067589.2","false","1067589.2","false","1244.606","false",,"2304601.228","2304601.228","0","false","true",
"C","A","20240101","2024","52","2024","76","BRA","Brazil","X","Export","0","W00","World","0","W00","World","H6","HS","true","090230","Tea, black; (fermented) and partly fermented tea, in immediate packings of a content not exceeding 3kg","6","true","C00","TOTAL CPC","0","9900","Other","8","kg","19.457","true","8","kg","16","false","19.457","true","0","false",,"418","418","6","false","true",
"C","A","20240101","2024","52","2024","24","AGO","Angola","X","Export","0","W00","World","0","W00","World","H6","HS","true","090240","Tea, black; (fermented) and partly fermented tea, in immediate packings of a content exceeding 3kg","6","true","C00","TOTAL CPC","0","0","TOTAL MOT","8","kg","223.66","false","8","kg","223.66","false","223.66","false","0","false",,"2019.04","2019.04","0","false","true",
"C","A","20240101","2024","52","2024","28","ATG","Antigua and Barbuda","X","Export","0","W00","World","0","W00","World","H3","HS","true","090240","Tea, black; (fermented) and partly fermented tea, in immediate packings of a content exceeding 3kg","6","true","C00","TOTAL CPC","0","0","TOTAL MOT","8","kg","168.18","false","5","u","253","false","168.18","false","0","false",,"5748.456","5748.456","0","false","true",
"C","A","20240101","2024","52","2024","31","AZE","Azerbaijan","X","Export","0","W00","World","0","W00","World","H6","HS","true","090240","Tea, black; (fermented) and partly fermented tea, in immediate packings of a content exceeding 3kg","6","true","C00","TOTAL CPC","0","0","TOTAL MOT","8","kg","9329.225","false","8","kg","9329.225","false","9329.225","false","0","false",,"51045.38","51045.38","0","false","true",
"C","A","20240101","2024","52","2024","32","ARG","Argentina","X","Export","0","W00","World","0","W00","World","H6","HS","true","090240","Tea, black; (fermented) and partly fermented tea, in immediate packings of a content exceeding 3kg","6","true","C00","TOTAL CPC","0","0","TOTAL MOT","8","kg","56956924","false","8","kg","56956924","false","56956924","false","0","false",,"64531673.4","64531673.4","0","false","true",
"C","A","20240101","2024","52","2024","36","AUS","Australia","X","Export","0","W00","World","0","W00","World","H6","HS","true","090240","Tea, black; (fermented) and partly fermented tea, in immediate packings of a content exceeding 3kg","6","true","C00","TOTAL CPC","0","0","TOTAL MOT","8","kg","55401.48","false","8","kg","55401.48","false","55401.48","false","57.215","false",,"821058.104","821058.104","0","false","true",
"C","A","20240101","2024","52","2024","40","AUT","Austria","X","Export","0","W00","World","0","W00","World","H6","HS","true","090240","Tea, black; (fermented) and partly fermented tea, in immediate packings of a content exceeding 3kg","6","true","C00","TOTAL CPC","0","0","TOTAL MOT","8","kg","56373","false","8","kg","56373","false","56373","false","0","false",,"236451.423","236451.423","0","false","true",
"C","A","20240101","2024","52","2024","48","BHR","Bahrain","X","Export","0","W00","World","0","W00","World","H6","HS","true","090240","Tea, black; (fermented) and partly fermented tea, in immediate packings of a content exceeding 3kg","6","true","C00","TOTAL CPC","0","0","TOTAL MOT","8","kg","7738.79","false","8","kg","7738.79","false","7738.79","false","0","false",,"77957.021","77957.021","0","false","true",
"C","A","20240101","2024","52","2024","51","ARM","Armenia","X","Export","0","W00","World","0","W00","World","H6","HS","true","090240","Tea, black; (fermented) and partly fermented tea, in immediate packings of a content exceeding 3kg","6","true","C00","TOTAL CPC","0","0","TOTAL MOT","8","kg","14769","false","8","kg","14769","false","14769","false","0","false",,"222181.91","222181.91","0","false","true",
"C","A","20240101","2024","52","2024","52","BRB","Barbados","X","Export","0","W00","World","0","W00","World","H6","HS","true","090240","Tea, black; (fermented) and partly fermented tea, in immediate packings of a content exceeding 3kg","6","true","C00","TOTAL CPC","0","0","TOTAL MOT","8","kg","377","false","8","kg","377","false","377","false","0","false",,"5096","5096","0","false","true",
"C","A","20240101","2024","52","2024","56","BEL","Belgium","X","Export","0","W00","World","0","W00","World","H6","HS","true","090240","Tea, black; (fermented) and partly fermented tea, in immediate packings of a content exceeding 3kg","6","true","C00","TOTAL CPC","0","0","TOTAL MOT","8","kg","45879.02","false","8","kg","45879.02","false","45879.02","false","0","false",,"731365.142","731365.142","0","false","true",
"C","A","20240101","2024","52","2024","70","BIH","Bosnia Herzegovina","X","Export","0","W00","World","0","W00","World","H6","HS","true","090240","Tea, black; (fermented) and partly fermented tea, in immediate packings of a content exceeding 3kg","6","true","C00","TOTAL CPC","0","0","TOTAL MOT","8","kg","1312.93","false","8","kg","1312.93","false","1312.93","false","0","false",,"26460.369","26460.369","0","false","true",
"C","A","20240101","2024","52","2024","76","BRA","Brazil","X","Export","0","W00","World","0","W00","World","H6","HS","true","090240","Tea, black; (fermented) and partly fermented tea, in immediate packings of a content exceeding 3kg","6","true","C00","TOTAL CPC","0","0","TOTAL MOT","8","kg","1344.806","true","8","kg","1222","false","1342.806","true","0","false",,"26002","26002","6","false","true",
"C","A","20240101","2024","52","2024","100","BGR","Bulgaria","X","Export","0","W00","World","0","W00","World","H6","HS","true","090240","Tea, black; (fermented) and partly fermented tea, in immediate packings of a content exceeding 3kg","6","true","C00","TOTAL CPC","0","0","TOTAL MOT","8","kg","57609.045","true","-1","N/A","0","false","57609.045","true","0","false",,"123303.385","123303.385","6","false","true",
"C","A","20240101","2024","52","2024","104","MMR","Myanmar","X","Export","0","W00","World","0","W00","World","H6","HS","true","090240","Tea, black; (fermented) and partly fermented tea, in immediate packings of a content exceeding 3kg","6","true","C00","TOTAL CPC","0","0","TOTAL MOT","8","kg","402324.2","false","8","kg","402324.2","false","402324.2","false","0","false",,"843570.64","843570.64","0","false","true",
"C","A","20240101","2024","52","2024","116","KHM","Cambodia","X","Export","0","W00","World","0","W00","World","H6","HS","true","090240","Tea, black; (fermented) and partly fermented tea, in immediate packings of a content exceeding 3kg","6","true","C00","TOTAL CPC","0","0","TOTAL MOT","8","kg","19.31","false","8","kg","19.31","false","19.31","false","0","false",,"876.27","876.27","0","false","true",
"C","A","20240101","2024","52","2024","31","AZE","Azerbaijan","X","Export","0","W00","World","0","W00","World","H6","HS","true","090240","Tea, black; (fermented) and partly fermented tea, in immediate packings of a content exceeding 3kg","6","true","C00","TOTAL CPC","0","1000","Air","8","kg","81.225","false","8","kg","81.225","false","81.225","false","0","false",,"17273.55","17273.55","0","false","true",
"C","A","20240101","2024","52","2024","51","ARM","Armenia","X","Export","0","W00","World","0","W00","World","H6","HS","true","090240","Tea, black; (fermented) and partly fermented tea, in immediate packings of a content exceeding 3kg","6","true","C00","TOTAL CPC","0","1000","Air","8","kg","481","false","8","kg","481","false","481","false","0","false",,"8428.79","8428.79","0","false","true",
"C","A","20240101","2024","52","2024","70","BIH","Bosnia Herzegovina","X","Export","0","W00","World","0","W00","World","H6","HS","true","090240","Tea, black; (fermented) and partly fermented tea, in immediate packings of a content exceeding 3kg","6","true","C00","TOTAL CPC","0","1000","Air","8","kg","3.03","false","8","kg","3.03","false","3.03","false","0","false",,"74.234","74.234","0","false","true",
"C","A","20240101","2024","52","2024","100","BGR","Bulgaria","X","Export","0","W00","World","0","W00","World","H6","HS","true","090240","Tea, black; (fermented) and partly fermented tea, in immediate packings of a content exceeding 3kg","6","true","C00","TOTAL CPC","0","1000","Air","8","kg","1","false","8","kg","1","false","1","false","0","false",,"11.063","11.063","0","false","true",
"C","A","20240101","2024","52","2024","104","MMR","Myanmar","X","Export","0","W00","World","0","W00","World","H6","HS","true","090240","Tea, black; (fermented) and partly fermented tea, in immediate packings of a content exceeding 3kg","6","true","C00","TOTAL CPC","0","1000","Air","8","kg","440","false","8","kg","440","false","440","false","0","false",,"1584","1584","0","false","true",
"C","A","20240101","2024","52","2024","28","ATG","Antigua and Barbuda","X","Export","0","W00","World","0","W00","World","H3","HS","true","090240","Tea, black; (fermented) and partly fermented tea, in immediate packings of a content exceeding 3kg","6","true","C00","TOTAL CPC","0","2100","Sea","8","kg","168.18","false","5","u","253","false","168.18","false","0","false",,"5748.456","5748.456","0","false","true",
"C","A","20240101","2024","52","2024","76","BRA","Brazil","X","Export","0","W00","World","0","W00","World","H6","HS","true","090240","Tea, black; (fermented) and partly fermented tea, in immediate packings of a content exceeding 3kg","6","true","C00","TOTAL CPC","0","2100","Sea","8","kg","1344.806","true","8","kg","1222","false","1342.806","true","0","false",,"26002","26002","6","false","true",
"C","A","20240101","2024","52","2024","100","BGR","Bulgaria","X","Export","0","W00","World","0","W00","World","H6","HS","true","090240","Tea, black; (fermented) and partly fermented tea, in immediate packings of a content exceeding 3kg","6","true","C00","TOTAL CPC","0","2100","Sea","8","kg","722","false","8","kg","722","false","722","false","0","false",,"13208.015","13208.015","0","false","true",
"C","A","20240101","2024","52","2024","70","BIH","Bosnia Herzegovina","X","Export","0","W00","World","0","W00","World","H6","HS","true","090240","Tea, black; (fermented) and partly fermented tea, in immediate packings of a content exceeding 3kg","6","true","C00","TOTAL CPC","0","3000","Land","8","kg","1309.9","false","8","kg","1309.9","false","1309.9","false","0","false",,"26386.135","26386.135","0","false","true",
"C","A","20240101","2024","52","2024","31","AZE","Azerbaijan","X","Export","0","W00","World","0","W00","World","H6","HS","true","090240","Tea, black; (fermented) and partly fermented tea, in immediate packings of a content exceeding 3kg","6","true","C00","TOTAL CPC","0","3200","Road","8","kg","9229.5","false","8","kg","9229.5","false","9229.5","false","0","false",,"29607.12","29607.12","0","false","true",
"C","A","20240101","2024","52","2024","51","ARM","Armenia","X","Export","0","W00","World","0","W00","World","H6","HS","true","090240","Tea, black; (fermented) and partly fermented tea, in immediate packings of a content exceeding 3kg","6","true","C00","TOTAL CPC","0","3200","Road","8","kg","2046","false","8","kg","2046","false","2046","false","0","false",,"15680.34","15680.34","0","false","true",
"C","A","20240101","2024","52","2024","100","BGR","Bulgaria","X","Export","0","W00","World","0","W00","World","H6","HS","true","090240","Tea, black; (fermented) and partly fermented tea, in immediate packings of a content exceeding 3kg","6","true","C00","TOTAL CPC","0","3200","Road","8","kg","56886.045","true","-1","N/A","0","false","56886.045","true","0","false",,"110084.307","110084.307","6","false","true",
"C","A","20240101","2024","52","2024","104","MMR","Myanmar","X","Export","0","W00","World","0","W00","World","H6","HS","true","090240","Tea, black; (fermented) and partly fermented tea, in immediate packings of a content exceeding 3kg","6","true","C00","TOTAL CPC","0","3200","Road","8","kg","102096","false","8","kg","102096","false","102096","false","0","false",,"165421.47","165421.47","0","false","true",
"C","A","20240101","2024","52","2024","51","ARM","Armenia","X","Export","0","W00","World","0","W00","World","H6","HS","true","090240","Tea, black; (fermented) and partly fermented tea, in immediate packings of a content exceeding 3kg","6","true","C00","TOTAL CPC","0","3900","Land, not else classified","8","kg","12240","false","8","kg","12240","false","12240","false","0","false",,"198021.18","198021.18","0","false","true",
"C","A","20240101","2024","52","2024","104","MMR","Myanmar","X","Export","0","W00","World","0","W00","World","H6","HS","true","090240","Tea, black; (fermented) and partly fermented tea, in immediate packings of a content exceeding 3kg","6","true","C00","TOTAL CPC","0","9110","Pipelines","8","kg","299788.2","false","8","kg","299788.2","false","299788.2","false","0","false",,"676565.17","676565.17","0","false","true",
"C","A","20240101","2024","52","2024","51","ARM","Armenia","X","Export","0","W00","World","0","W00","World","H6","HS","true","090240","Tea, black; (fermented) and partly fermented tea, in immediate packings of a content exceeding 3kg","6","true","C00","TOTAL CPC","0","9200","Postal consignments, mail or courier shipment","8","kg","2","false","8","kg","2","false","2","false","0","false",,"51.6","51.6","0","false","true",
"C","A","20240101","2024","52","2024","31","AZE","Azerbaijan","X","Export","0","W00","World","0","W00","World","H6","HS","true","090240","Tea, black; (fermented) and partly fermented tea, in immediate packings of a content exceeding 3kg","6","true","C00","TOTAL CPC","0","9900","Other","8","kg","18.5","false","8","kg","18.5","false","18.5","false","0","false",,"4164.71","4164.71","0","false","true",
"C","A","20240101","2024","52","2024","36","AUS","Australia","X","Export","0","W00","World","0","W00","World","H6","HS","true","090240","Tea, black; (fermented) and partly fermented tea, in immediate packings of a content exceeding 3kg","6","true","C00","TOTAL CPC","0","9900","Other","8","kg","55401.48","false","8","kg","55401.48","false","55401.48","false","57.215","false",,"821058.104","821058.104","0","false","true",
"C","A","20240101","2024","52","2024","124","CAN","Canada","X","Export","0","W00","World","0","W00","World","H6","HS","true","0902","Tea","4","false","C00","TOTAL CPC","0","0","TOTAL MOT","8","kg","3910869","false","8","kg","3910869","false","3910869","false","0","false",,"35428737.073","35428737.073","0","false","true",
"C","A","20240101","2024","52","2024","144","LKA","Sri Lanka","X","Export","0","W00","World","0","W00","World","H6","HS","true","0902","Tea","4","false","C00","TOTAL CPC","0","0","TOTAL MOT","8","kg","243163876.498","true","-1","N/A","0","false","243163876.498","true","0","false",,"1393333266.521","1393333266.521","6","false","true",
"C","A","20240101","2024","52","2024","152","CHL","Chile","X","Export","0","W00","World","0","W00","World","H6","HS","true","0902","Tea","4","false","C00","TOTAL CPC","0","0","TOTAL MOT","8","kg","96809.197","false","8","kg","96809.197","false","96809.197","false","0","false",,"1541776.99","1541776.99","0","false","true",
"C","A","20240101","2024","52","2024","156","CHN","China","X","Export","0","W00","World","0","W00","World","H6","HS","true","0902","Tea","4","false","C00","TOTAL CPC","0","0","TOTAL MOT","8","kg","374121661.563","true","-1","N/A","0","false","374121661.563","true","0","false",,"1418932586","1418932586","6","false","true",
"C","A","20240101","2024","52","2024","170","COL","Colombia","X","Export","0","W00","World","0","W00","World","H6","HS","true","0902","Tea","4","false","C00","TOTAL CPC","0","0","TOTAL MOT","8","kg","148313.29","false","8","kg","148313.29","false","148313.29","false","0","false",,"2487698.32","2487698.32","0","false","true",
"C","A","20240101","2024","52","2024","188","CRI","Costa Rica","X","Export","0","W00","World","0","W00","World","H6","HS","true","0902","Tea","4","false","C00","TOTAL CPC","0","0","TOTAL MOT","8","kg","126019.812","false","8","kg","126019.812","false","126019.812","false","0","false",,"1325399.84","1325399.84","0","false","true",
"C","A","20240101","2024","52","2024","191","HRV","Croatia","X","Export","0","W00","World","0","W00","World","H6","HS","true","0902","Tea","4","false","C00","TOTAL CPC","0","0","TOTAL MOT","8","kg","43567.149","false","8","kg","43567.149","false","43567.149","false","0","false",,"833936","833936","0","false","true",
"C","A","20240101","2024","52","2024","196","CYP","Cyprus","X","Export","0","W00","World","0","W00","World","H6","HS","true","0902","Tea","4","false","C00","TOTAL CPC","0","0","TOTAL MOT","8","kg","103","false","8","kg","103","false","103","false","0","false",,"2699.457","2699.457","0","false","true",
"C","A","20240101","2024","52","2024","203","CZE","Czechia","X","Export","0","W00","World","0","W00","World","H6","HS","true","0902","Tea","4","false","C00","TOTAL CPC","0","0","TOTAL MOT","8","kg","1093946.64","true","-1","N/A","0","false","1093946.64","true","0","false",,"15708002","15708002","6","false","true",
"C","A","20240101","2024","52","2024","204","BEN","Benin","X","Export","0","W00","World","0","W00","World","H6","HS","true","0902","Tea","4","false","C00","TOTAL CPC","0","0","TOTAL MOT","8","kg","1200","false","8","kg","1200","false","1200","false","0","false",,"2061.979","2061.979","0","false","true",
"C","A","20240101","2024","52","2024","208","DNK","Denmark","X","Export","0","W00","World","0","W00","World","H6","HS","true","0902","Tea","4","false","C00","TOTAL CPC","0","0","TOTAL MOT","8","kg","533005","false","8","kg","533005","false","533005","false","0","false",,"10776576.925","10776576.925","0","false","true",
"C","A","20240101","2024","52","2024","214","DOM","Dominican Rep.","X","Export","0","W00","World","0","W00","World","H6","HS","true","0902","Tea","4","false","C00","TOTAL CPC","0","0","TOTAL MOT","8","kg","4168.93","false","8","kg","4168.93","false","3481.93","false","0","false",,"8964.598","8964.598","0","false","true",
"C","A","20240101","2024","52","2024","124","CAN","Canada","X","Export","0","W00","World","0","W00","World","H6","HS","true","0902","Tea","4","false","C00","TOTAL CPC","0","1000","Air","8","kg","123074","false","8","kg","123074","false","123074","false","0","false",,"1094020.719","1094020.719","0","false","true",
"C","A","20240101","2024","52","2024","170","COL","Colombia","X","Export","0","W00","World","0","W00","World","H6","HS","true","0902","Tea","4","false","C00","TOTAL CPC","0","1000","Air","8","kg","1233.08","false","8","kg","1233.08","false","1233.08","false","0","false",,"28334.24","28334.24","0","false","true",
"C","A","20240101","2024","52","2024","196","CYP","Cyprus","X","Export","0","W00","World","0","W00","World","H6","HS","true","0902","Tea","4","false","C00","TOTAL CPC","0","1000","Air","8","kg","24","false","8","kg","24","false","24","false","0","false",,"243.536","243.536","0","false","true",
"C","A","20240101","2024","52","2024","203","CZE","Czechia","X","Export","0","W00","World","0","W00","World","H6","HS","true","0902","Tea","4","false","C00","TOTAL CPC","0","1000","Air","8","kg","4330.776","true","-1","N/A","0","false","4330.776","true","0","false",,"234291","234291","6","false","true",
"C","A","20240101","2024","52","2024","214","DOM","Dominican Rep.","X","Export","0","W00","World","0","W00","World","H6","HS","true","0902","Tea","4","false","C00","TOTAL CPC","0","1000","Air","8","kg","972","false","8","kg","972","false","285","false","0","false",,"2124.034","2124.034","0","false","true",
"C","A","20240101","2024","52","2024","124","CAN","Canada","X","Export","0","W00","World","0","W00","World","H6","HS","true","0902","Tea","4","false","C00","TOTAL CPC","0","2000","Water","8","kg","435428","false","8","kg","435428","false","435428","false","0","false",,"1378828.48","1378828.48","0","false","true",
"C","A","20240101","2024","52","2024","170","COL","Colombia","X","Export","0","W00","World","0","W00","World","H6","HS","true","0902","Tea","4","false","C00","TOTAL CPC","0","2000","Water","8","kg","144617.36","false","8","kg","144617.36","false","144617.36","false","0","false",,"2440563.28","2440563.28","0","false","true",
"C","A","20240101","2024","52","2024","196","CYP","Cyprus","X","Export","0","W00","World","0","W00","World","H6","HS","true","0902","Tea","4","false","C00","TOTAL CPC","0","2100","Sea","8","kg","79","false","8","kg","79","false","79","false","0","false",,"2455.921","2455.921","0","false","true",
"C","A","20240101","2024","52","2024","203","CZE","Czechia","X","Export","0","W00","World","0","W00","World","H6","HS","true","0902","Tea","4","false","C00","TOTAL CPC","0","2100","Sea","8","kg","20342","false","8","kg","20342","false","20342","false","0","false",,"808904","808904","0","false","true",
"C","A","20240101","2024","52","2024","214","DOM","Dominican Rep.","X","Export","0","W00","World","0","W00","World","H6","HS","true","0902","Tea","4","false","C00","TOTAL CPC","0","2100","Sea","8","kg","3196.93","false","8","kg","3196.93","false","3196.93","false","0","false",,"6840.564","6840.564","0","false","true",
"C","A","20240101","2024","52","2024","203","CZE","Czechia","X","Export","0","W00","World","0","W00","World","H6","HS","true","0902","Tea","4","false","C00","TOTAL CPC","0","3100","Railway","8","kg","11","false","8","kg","11","false","11","false","0","false",,"551","551","0","false","true",
"C","A","20240101","2024","52","2024","124","CAN","Canada","X","Export","0","W00","World","0","W00","World","H6","HS","true","0902","Tea","4","false","C00","TOTAL CPC","0","3200","Road","8","kg","3352367","false","8","kg","3352367","false","3352367","false","0","false",,"32955887.874","32955887.874","0","false","true",
"C","A","20240101","2024","52","2024","170","COL","Colombia","X","Export","0","W00","World","0","W00","World","H6","HS","true","0902","Tea","4","false","C00","TOTAL CPC","0","3200","Road","8","kg","2462.85","false","8","kg","2462.85","false","2462.85","false","0","false",,"18800.8","18800.8","0","false","true",
"C","A","20240101","2024","52","2024","203","CZE","Czechia","X","Export","0","W00","World","0","W00","World","H6","HS","true","0902","Tea","4","false","C00","TOTAL CPC","0","3200","Road","8","kg","669402.844","true","-1","N/A","0","false","669402.844","true","0","false",,"12657756","12657756","6","false","true",
"C","A","20240101","2024","52","2024","203","CZE","Czechia","X","Export","0","W00","World","0","W00","World","H6","HS","true","0902","Tea","4","false","C00","TOTAL CPC","0","9200","Postal consignments, mail or courier shipment","8","kg","399860.019","true","-1","N/A","0","false","399860.019","true","0","false",,"2006500","2006500","6","false","true",
"C","A","20240101","2024","52","2024","124","CAN","Canada","X","Export","0","W00","World","0","W00","World","H6","HS","true","090210","Tea, green; (not fermented), in immediate packings of a content not exceeding 3kg","6","true","C00","TOTAL CPC","0","0","TOTAL MOT","8","kg","581858","false","8","kg","581858","false","581858","false","0","false",,"12223750.831","12223750.831","0","false","true",
"C","A","20240101","2024","52","2024","144","LKA","Sri Lanka","X","Export","0","W00","World","0","W00","World","H6","HS","true","090210","Tea, green; (not fermented), in immediate packings of a content not exceeding 3kg","6","true","C00","TOTAL CPC","0","0","TOTAL MOT","8","kg","3681177.118","true","8","kg","3681170","false","3681177.118","true","0","false",,"54242179.498","54242179.498","6","false","true",
"C","A","20240101","2024","52","2024","152","CHL","Chile","X","Export","0","W00","World","0","W00","World","H6","HS","true","090210","Tea, green; (not fermented), in immediate packings of a content not exceeding 3kg","6","true","C00","TOTAL CPC","0","0","TOTAL MOT","8","kg","29983.804","false","8","kg","29983.804","false","29983.804","false","0","false",,"479628.16","479628.16","0","false","true",
"C","A","20240101","2024","52","2024","156","CHN","China","X","Export","0","W00","World","0","W00","World","H6","HS","true","090210","Tea, green; (not fermented), in immediate packings of a content not exceeding 3kg","6","true","C00","TOTAL CPC","0","0","TOTAL MOT","8","kg","129297213.389","true","8","kg","129297171","false","129297213.389","true","0","false",,"549039958","549039958","6","false","true",
"C","A","20240101","2024","52","2024","170","COL","Colombia","X","Export","0","W00","World","0","W00","World","H6","HS","true","090210","Tea, green; (not fermented), in immediate packings of a content not exceeding 3kg","6","true","C00","TOTAL CPC","0","0","TOTAL MOT","8","kg","30764.27","false","8","kg","30764.27","false","30764.27","false","0","false",,"781604.11","781604.11","0","false","true",
"C","A","20240101","2024","52","2024","188","CRI","Costa Rica","X","Export","0","W00","World","0","W00","World","H6","HS","true","090210","Tea, green; (not fermented), in immediate packings of a content not exceeding 3kg","6","true","C00","TOTAL CPC","0","0","TOTAL MOT","8","kg","120974.91","false","8","kg","120974.91","false","120974.91","false","0","false",,"1288002.42","1288002.42","0","false","true",
"C","A","20240101","2024","52","2024","191","HRV","Croatia","X","Export","0","W00","World","0","W00","World","H6","HS","true","090210","Tea, green; (not fermented), in immediate packings of a content not exceeding 3kg","6","true","C00","TOTAL CPC","0","0","TOTAL MOT","8","kg","18935.863","false","8","kg","18935.863","false","18935.863","false","0","false",,"332457","332457","0","false","true",
"C","A","20240101","2024","52","2024","203","CZE","Czechia","X","Export","0","W00","World","0","W00","World","H6","HS","true","090210","Tea, green; (not fermented), in immediate packings of a content not exceeding 3kg","6","true","C00","TOTAL CPC","0","0","TOTAL MOT","8","kg","229200.255","true","-1","N/A","0","false","229200.255","true","0","false",,"5610899","5610899","6","false","true",
"C","A","20240101","2024","52","2024","204","BEN","Benin","X","Export","0","W00","World","0","W00","World","H6","HS","true","090210","Tea, green; (not fermented), in immediate packings of a content not exceeding 3kg","6","true","C00","TOTAL CPC","0","0","TOTAL MOT","8","kg","1200","false","8","kg","1200","false","1200","false","0","false",,"2061.979","2061.979","0","false","true",
"C","A","20240101","2024","52","2024","208","DNK","Denmark","X","Export","0","W00","World","0","W00","World","H6","HS","true","090210","Tea, green; (not fermented), in immediate packings of a content not exceeding 3kg","6","true","C00","TOTAL CPC","0","0","TOTAL MOT","8","kg","114207","false","8","kg","114207","false","114207","false","0","false",,"2409930.472","2409930.472","0","false","true",
"C","A","20240101","2024","52","2024","214","DOM","Dominican Rep.","X","Export","0","W00","World","0","W00","World","H6","HS","true","090210","Tea, green; (not fermented), in immediate packings of a content not exceeding 3kg","6","true","C00","TOTAL CPC","0","0","TOTAL MOT","8","kg","972","false","8","kg","972","false","285","false","0","false",,"2124.034","2124.034","0","false","true",
"C","A","20240101","2024","52","2024","124","CAN","Canada","X","Export","0","W00","World","0","W00","World","H6","HS","true","090210","Tea, green; (not fermented), in immediate packings of a content not exceeding 3kg","6","true","C00","TOTAL CPC","0","1000","Air","8","kg","17207","false","8","kg","17207","false","17207","false","0","false",,"206791.649","206791.649","0","false","true",
"C","A","20240101","2024","52","2024","170","COL","Colombia","X","Export","0","W00","World","0","W00","World","H6","HS","true","090210","Tea, green; (not fermented), in immediate packings of a content not exceeding 3kg","6","true","C00","TOTAL CPC","0","1000","Air","8","kg","43.08","false","8","kg","43.08","false","43.08","false","0","false",,"740.24","740.24","0","false","true",
"C","A","20240101","2024","52","2024","203","CZE","Czechia","X","Export","0","W00","World","0","W00","World","H6","HS","true","090210","Tea, green; (not fermented), in immediate packings of a content not exceeding 3kg","6","true","C00","TOTAL CPC","0","1000","Air","8","kg","2832","false","8","kg","2832","false","2832","false","0","false",,"148814","148814","0","false","true",
"C","A","20240101","2024","52","2024","214","DOM","Dominican Rep.","X","Export","0","W00","World","0","W00","World","H6","HS","true","090210","Tea, green; (not fermented), in immediate packings of a content not exceeding 3kg","6","true","C00","TOTAL CPC","0","1000","Air","8","kg","972","false","8","kg","972","false","285","false","0","false",,"2124.034","2124.034","0","false","true",
"C","A","20240101","2024","52","2024","124","CAN","Canada","X","Export","0","W00","World","0","W00","World","H6","HS","true","090210","Tea, green; (not fermented), in immediate packings of a content not exceeding 3kg","6","true","C00","TOTAL CPC","0","2000","Water","8","kg","5375","false","8","kg","5375","false","5375","false","0","false",,"82838.688","82838.688","0","false","true",
"C","A","20240101","2024","52","2024","170","COL","Colombia","X","Export","0","W00","World","0","W00","World","H6","HS","true","090210","Tea, green; (not fermented), in immediate packings of a content not exceeding 3kg","6","true","C00","TOTAL CPC","0","2000","Water","8","kg","30490.51","false","8","kg","30490.51","false","30490.51","false","0","false",,"774297.47","774297.47","0","false","true",
"C","A","20240101","2024","52","2024","203","CZE","Czechia","X","Export","0","W00","World","0","W00","World","H6","HS","true","090210","Tea, green; (not fermented), in immediate packings of a content not exceeding 3kg","6","true","C00","TOTAL CPC","0","2100","Sea","8","kg","9759","false","8","kg","9759","false","9759","false","0","false",,"417637","417637","0","false","true",
"C","A","20240101","2024","52","2024","124","CAN","Canada","X","Export","0","W00","World","0","W00","World","H6","HS","true","090210","Tea, green; (not fermented), in immediate packings of a content not exceeding 3kg","6","true","C00","TOTAL CPC","0","3200","Road","8","kg","559276","false","8","kg","559276","false","559276","false","0","false",,"11934120.495","11934120.495","0","false","true",
"C","A","20240101","2024","52","2024","170","COL","Colombia","X","Export","0","W00","World","0","W00","World","H6","HS","true","090210","Tea, green; (not fermented), in immediate packings of a content not exceeding 3kg","6","true","C00","TOTAL CPC","0","3200","Road","8","kg","230.68","false","8","kg","230.68","false","230.68","false","0","false",,"6566.4","6566.4","0","false","true",
"C","A","20240101","2024","52","2024","203","CZE","Czechia","X","Export","0","W00","World","0","W00","World","H6","HS","true","090210","Tea, green; (not fermented), in immediate packings of a content not exceeding 3kg","6","true","C00","TOTAL CPC","0","3200","Road","8","kg","209100","false","8","kg","209100","false","209100","false","0","false",,"4691816","4691816","0","false","true",
"C","A","20240101","2024","52","2024","203","CZE","Czechia","X","Export","0","W00","World","0","W00","World","H6","HS","true","090210","Tea, green; (not fermented), in immediate packings of a content not exceeding 3kg","6","true","C00","TOTAL CPC","0","9200","Postal consignments, mail or courier shipment","8","kg","7509.255","true","-1","N/A","0","false","7509.255","true","0","false",,"352632","352632","6","false","true",
"C","A","20240101","2024","52","2024","124","CAN","Canada","X","Export","0","W00","World","0","W00","World","H6","HS","true","090220","Tea, green; (not fermented), in immediate packings of a content exceeding 3kg","6","true","C00","TOTAL CPC","0","0","TOTAL MOT","8","kg","1812217","false","8","kg","1812217","false","1812217","false","0","false",,"6437653.203","6437653.203","0","false","true",
"C","A","20240101","2024","52","2024","144","LKA","Sri Lanka","X","Export","0","W00","World","0","W00","World","H6","HS","true","090220","Tea, green; (not fermented), in immediate packings of a content exceeding 3kg","6","true","C00","TOTAL CPC","0","0","TOTAL MOT","8","kg","1005710","false","8","kg","1005710","false","1005710","false","0","false",,"5626615.497","5626615.497","0","false","true",
"C","A","20240101","2024","52","2024","152","CHL","Chile","X","Export","0","W00","World","0","W00","World","H6","HS","true","090220","Tea, green; (not fermented), in immediate packings of a content exceeding 3kg","6","true","C00","TOTAL CPC","0","0","TOTAL MOT","8","kg","84.62","false","8","kg","84.62","false","84.62","false","0","false",,"2500","2500","0","false","true",
"C","A","20240101","2024","52","2024","156","CHN","China","X","Export","0","W00","World","0","W00","World","H6","HS","true","090220","Tea, green; (not fermented), in immediate packings of a content exceeding 3kg","6","true","C00","TOTAL CPC","0","0","TOTAL MOT","8","kg","202644028","false","8","kg","202644028","false","202644028","false","0","false",,"586569736","586569736","0","false","true",
"C","A","20240101","2024","52","2024","170","COL","Colombia","X","Export","0","W00","World","0","W00","World","H6","HS","true","090220","Tea, green; (not fermented), in immediate packings of a content exceeding 3kg","6","true","C00","TOTAL CPC","0","0","TOTAL MOT","8","kg","1139","false","8","kg","1139","false","1139","false","0","false",,"23946.7","23946.7","0","false","true",
"C","A","20240101","2024","52","2024","191","HRV","Croatia","X","Export","0","W00","World","0","W00","World","H6","HS","true","090220","Tea, green; (not fermented), in immediate packings of a content exceeding 3kg","6","true","C00","TOTAL CPC","0","0","TOTAL MOT","8","kg","6762.542","false","8","kg","6762.542","false","6762.542","false","0","false",,"55075","55075","0","false","true",
"C","A","20240101","2024","52","2024","196","CYP","Cyprus","X","Export","0","W00","World","0","W00","World","H6","HS","true","090220","Tea, green; (not fermented), in immediate packings of a content exceeding 3kg","6","true","C00","TOTAL CPC","0","0","TOTAL MOT","8","kg","24","false","8","kg","24","false","24","false","0","false",,"243.536","243.536","0","false","true",
"C","A","20240101","2024","52","2024","203","CZE","Czechia","X","Export","0","W00","World","0","W00","World","H6","HS","true","090220","Tea, green; (not fermented), in immediate packings of a content exceeding 3kg","6","true","C00","TOTAL CPC","0","0","TOTAL MOT","8","kg","10878.901","true","-1","N/A","0","false","10878.901","true","0","false",,"277498","277498","6","false","true",
"C","A","20240101","2024","52","2024","208","DNK","Denmark","X","Export","0","W00","World","0","W00","World","H6","HS","true","090220","Tea, green; (not fermented), in immediate packings of a content exceeding 3kg","6","true","C00","TOTAL CPC","0","0","TOTAL MOT","8","kg","16146","false","8","kg","16146","false","16146","false","0","false",,"356785.932","356785.932","0","false","true",
"C","A","20240101","2024","52","2024","214","DOM","Dominican Rep.","X","Export","0","W00","World","0","W00","World","H6","HS","true","090220","Tea, green; (not fermented), in immediate packings of a content exceeding 3kg","6","true","C00","TOTAL CPC","0","0","TOTAL MOT","8","kg","586.48","false","8","kg","586.48","false","586.48","false","0","false",,"2234.489","2234.489","0","false","true",
"C","A","20240101","2024","52","2024","124","CAN","Canada","X","Export","0","W00","World","0","W00","World","H6","HS","true","090220","Tea, green; (not fermented), in immediate packings of a content exceeding 3kg","6","true","C00","TOTAL CPC","0","1000","Air","8","kg","9005","false","8","kg","9005","false","9005","false","0","false",,"179765.616","179765.616","0","false","true",
"C","A","20240101","2024","52","2024","170","COL","Colombia","X","Export","0","W00","World","0","W00","World","H6","HS","true","090220","Tea, green; (not fermented), in immediate packings of a content exceeding 3kg","6","true","C00","TOTAL CPC","0","1000","Air","8","kg","246","false","8","kg","246","false","246","false","0","false",,"6124","6124","0","false","true",
"C","A","20240101","2024","52","2024","196","CYP","Cyprus","X","Export","0","W00","World","0","W00","World","H6","HS","true","090220","Tea, green; (not fermented), in immediate packings of a content exceeding 3kg","6","true","C00","TOTAL CPC","0","1000","Air","8","kg","24","false","8","kg","24","false","24","false","0","false",,"243.536","243.536","0","false","true",
"C","A","20240101","2024","52","2024","203","CZE","Czechia","X","Export","0","W00","World","0","W00","World","H6","HS","true","090220","Tea, green; (not fermented), in immediate packings of a content exceeding 3kg","6","true","C00","TOTAL CPC","0","1000","Air","8","kg","28","false","8","kg","28","false","28","false","0","false",,"2602","2602","0","false","true",
"C","A","20240101","2024","52","2024","124","CAN","Canada","X","Export","0","W00","World","0","W00","World","H6","HS","true","090220","Tea, green; (not fermented), in immediate packings of a content exceeding 3kg","6","true","C00","TOTAL CPC","0","2000","Water","8","kg","18409","false","8","kg","18409","false","18409","false","0","false",,"55454.33","55454.33","0","false","true",
"C","A","20240101","2024","52","2024","170","COL","Colombia","X","Export","0","W00","World","0","W00","World","H6","HS","true","090220","Tea, green; (not fermented), in immediate packings of a content exceeding 3kg","6","true","C00","TOTAL CPC","0","2000","Water","8","kg","893","false","8","kg","893","false","893","false","0","false",,"17822.7","17822.7","0","false","true",
"C","A","20240101","2024","52","2024","214","DOM","Dominican Rep.","X","Export","0","W00","World","0","W00","World","H6","HS","true","090220","Tea, green; (not fermented), in immediate packings of a content exceeding 3kg","6","true","C00","TOTAL CPC","0","2100","Sea","8","kg","586.48","false","8","kg","586.48","false","586.48","false","0","false",,"2234.489","2234.489","0","false","true",
"C","A","20240101","2024","52","2024","124","CAN","Canada","X","Export","0","W00","World","0","W00","World","H6","HS","true","090220","Tea, green; (not fermented), in immediate packings of a content exceeding 3kg","6","true","C00","TOTAL CPC","0","3200","Road","8","kg","1784803","false","8","kg","1784803","false","1784803","false","0","false",,"6202433.257","6202433.257","0","false","true",
"C","A","20240101","2024","52","2024","203","CZE","Czechia","X","Export","0","W00","World","0","W00","World","H6","HS","true","090220","Tea, green; (not fermented), in immediate packings of a content exceeding 3kg","6","true","C00","TOTAL CPC","0","3200","Road","8","kg","7525.137","true","-1","N/A","0","false","7525.137","true","0","false",,"217420","217420","6","false","true",
"C","A","20240101","2024","52","2024","203","CZE","Czechia","X","Export","0","W00","World","0","W00","World","H6","HS","true","090220","Tea, green; (not fermented), in immediate packings of a content exceeding 3kg","6","true","C00","TOTAL CPC","0","9200","Postal consignments, mail or courier shipment","8","kg","3325.764","true","-1","N/A","0","false","3325.764","true","0","false",,"57476","57476","6","false","true",
"C","A","20240101","2024","52","2024","124","CAN","Canada","X","Export","0","W00","World","0","W00","World","H6","HS","true","090230","Tea, black; (fermented) and partly fermented tea, in immediate packings of a content not exceeding 3kg","6","true","C00","TOTAL CPC","0","0","TOTAL MOT","8","kg","784416","false","8","kg","784416","false","784416","false","0","false",,"14177639.54","14177639.54","0","false","true",
"C","A","20240101","2024","52","2024","144","LKA","Sri Lanka","X","Export","0","W00","World","0","W00","World","H6","HS","true","090230","Tea, black; (fermented) and partly fermented tea, in immediate packings of a content not exceeding 3kg","6","true","C00","TOTAL CPC","0","0","TOTAL MOT","8","kg","101069378.315","true","8","kg","101069367","false","101069378.315","true","0","false",,"659330762.667","659330762.667","6","false","true",
"C","A","20240101","2024","52","2024","152","CHL","Chile","X","Export","0","W00","World","0","W00","World","H6","HS","true","090230","Tea, black; (fermented) and partly fermented tea, in immediate packings of a content not exceeding 3kg","6","true","C00","TOTAL CPC","0","0","TOTAL MOT","8","kg","63589.663","false","8","kg","63589.663","false","63589.663","false","0","false",,"1047444.83","1047444.83","0","false","true",
"C","A","20240101","2024","52","2024","156","CHN","China","X","Export","0","W00","World","0","W00","World","H6","HS","true","090230","Tea, black; (fermented) and partly fermented tea, in immediate packings of a content not exceeding 3kg","6","true","C00","TOTAL CPC","0","0","TOTAL MOT","8","kg","6575840.174","true","8","kg","6575839","false","6575840.174","true","0","false",,"84042287","84042287","6","false","true",
"C","A","20240101","2024","52","2024","170","COL","Colombia","X","Export","0","W00","World","0","W00","World","H6","HS","true","090230","Tea, black; (fermented) and partly fermented tea, in immediate packings of a content not exceeding 3kg","6","true","C00","TOTAL CPC","0","0","TOTAL MOT","8","kg","109988.02","false","8","kg","109988.02","false","109988.02","false","0","false",,"1596487.38","1596487.38","0","false","true",
"C","A","20240101","2024","52","2024","188","CRI","Costa Rica","X","Export","0","W00","World","0","W00","World","H6","HS","true","090230","Tea, black; (fermented) and partly fermented tea, in immediate packings of a content not exceeding 3kg","6","true","C00","TOTAL CPC","0","0","TOTAL MOT","8","kg","4991.202","false","8","kg","4991.202","false","4991.202","false","0","false",,"36897.02","36897.02","0","false","true",
"C","A","20240101","2024","52","2024","191","HRV","Croatia","X","Export","0","W00","World","0","W00","World","H6","HS","true","090230","Tea, black; (fermented) and partly fermented tea, in immediate packings of a content not exceeding 3kg","6","true","C00","TOTAL CPC","0","0","TOTAL MOT","8","kg","10921.793","false","8","kg","10921.793","false","10921.793","false","0","false",,"397244","397244","0","false","true",
"C","A","20240101","2024","52","2024","196","CYP","Cyprus","X","Export","0","W00","World","0","W00","World","H6","HS","true","090230","Tea, black; (fermented) and partly fermented tea, in immediate packings of a content not exceeding 3kg","6","true","C00","TOTAL CPC","0","0","TOTAL MOT","8","kg","79","false","8","kg","79","false","79","false","0","false",,"2455.921","2455.921","0","false","true",
"C","A","20240101","2024","52","2024","203","CZE","Czechia","X","Export","0","W00","World","0","W00","World","H6","HS","true","090230","Tea, black; (fermented) and partly fermented tea, in immediate packings of a content not exceeding 3kg","6","true","C00","TOTAL CPC","0","0","TOTAL MOT","8","kg","460524.776","true","-1","N/A","0","false","460524.776","true","0","false",,"8303576","8303576","6","false","true",
"C","A","20240101","2024","52","2024","208","DNK","Denmark","X","Export","0","W00","World","0","W00","World","H6","HS","true","090230","Tea, black; (fermented) and partly fermented tea, in immediate packings of a content not exceeding 3kg","6","true","C00","TOTAL CPC","0","0","TOTAL MOT","8","kg","326159","false","8","kg","326159","false","326159","false","0","false",,"6489301.501","6489301.501","0","false","true",
"C","A","20240101","2024","52","2024","214","DOM","Dominican Rep.","X","Export","0","W00","World","0","W00","World","H6","HS","true","090230","Tea, black; (fermented) and partly fermented tea, in immediate packings of a content not exceeding 3kg","6","true","C00","TOTAL CPC","0","0","TOTAL MOT","8","kg","2000","false","8","kg","2000","false","2000","false","0","false",,"2280.2","2280.2","0","false","true",
"C","A","20240101","2024","52","2024","124","CAN","Canada","X","Export","0","W00","World","0","W00","World","H6","HS","true","090230","Tea, black; (fermented) and partly fermented tea, in immediate packings of a content not exceeding 3kg","6","true","C00","TOTAL CPC","0","1000","Air","8","kg","15052","false","8","kg","15052","false","15052","false","0","false",,"221114.071","221114.071","0","false","true",
"C","A","20240101","2024","52","2024","203","CZE","Czechia","X","Export","0","W00","World","0","W00","World","H6","HS","true","090230","Tea, black; (fermented) and partly fermented tea, in immediate packings of a content not exceeding 3kg","6","true","C00","TOTAL CPC","0","1000","Air","8","kg","1404.776","true","-1","N/A","0","false","1404.776","true","0","false",,"80858","80858","6","false","true",
"C","A","20240101","2024","52","2024","124","CAN","Canada","X","Export","0","W00","World","0","W00","World","H6","HS","true","090230","Tea, black; (fermented) and partly fermented tea, in immediate packings of a content not exceeding 3kg","6","true","C00","TOTAL CPC","0","2000","Water","8","kg","28437","false","8","kg","28437","false","28437","false","0","false",,"434177.819","434177.819","0","false","true",
"C","A","20240101","2024","52","2024","170","COL","Colombia","X","Export","0","W00","World","0","W00","World","H6","HS","true","090230","Tea, black; (fermented) and partly fermented tea, in immediate packings of a content not exceeding 3kg","6","true","C00","TOTAL CPC","0","2000","Water","8","kg","109755.85","false","8","kg","109755.85","false","109755.85","false","0","false",,"1591252.98","1591252.98","0","false","true",
"C","A","20240101","2024","52","2024","196","CYP","Cyprus","X","Export","0","W00","World","0","W00","World","H6","HS","true","090230","Tea, black; (fermented) and partly fermented tea, in immediate packings of a content not exceeding 3kg","6","true","C00","TOTAL CPC","0","2100","Sea","8","kg","79","false","8","kg","79","false","79","false","0","false",,"2455.921","2455.921","0","false","true",
"C","A","20240101","2024","52","2024","203","CZE","Czechia","X","Export","0","W00","World","0","W00","World","H6","HS","true","090230","Tea, black; (fermented) and partly fermented tea, in immediate packings of a content not exceeding 3kg","6","true","C00","TOTAL CPC","0","2100","Sea","8","kg","10583","false","8","kg","10583","false","10583","false","0","false",,"391267","391267","0","false","true",
"C","A","20240101","2024","52","2024","214","DOM","Dominican Rep.","X","Export","0","W00","World","0","W00","World","H6","HS","true","090230","Tea, black; (fermented) and partly fermented tea, in immediate packings of a content not exceeding 3kg","6","true","C00","TOTAL CPC","0","2100","Sea","8","kg","2000","false","8","kg","2000","false","2000","false","0","false",,"2280.2","2280.2","0","false","true",
"C","A","20240101","2024","52","2024","124","CAN","Canada","X","Export","0","W00","World","0","W00","World","H6","HS","true","090230","Tea, black; (fermented) and partly fermented tea, in immediate packings of a content not exceeding 3kg","6","true","C00","TOTAL CPC","0","3200","Road","8","kg","740927","false","8","kg","740927","false","740927","false","0","false",,"13522347.65","13522347.65","0","false","true",
"C","A","20240101","2024","52","2024","170","COL","Colombia","X","Export","0","W00","World","0","W00","World","H6","HS","true","090230","Tea, black; (fermented) and partly fermented tea, in immediate packings of a content not exceeding 3kg","6","true","C00","TOTAL CPC","0","3200","Road","8","kg","232.17","false","8","kg","232.17","false","232.17","false","0","false",,"5234.4","5234.4","0","false","true",
"C","A","20240101","2024","52","2024","203","CZE","Czechia","X","Export","0","W00","World","0","W00","World","H6","HS","true","090230","Tea, black; (fermented) and partly fermented tea, in immediate packings of a content not exceeding 3kg","6","true","C00","TOTAL CPC","0","3200","Road","8","kg","433510","false","8","kg","433510","false","433510","false","0","false",,"7402070","7402070","0","false","true",
"C","A","20240101","2024","52","2024","203","CZE","Czechia","X","Export","0","W00","World","0","W00","World","H6","HS","true","090230","Tea, black; (fermented) and partly fermented tea, in immediate packings of a content not exceeding 3kg","6","true","C00","TOTAL CPC","0","9200","Postal consignments, mail or courier shipment","8","kg","15027","false","8","kg","15027","false","15027","false","0","false",,"429381","429381","0","false","true",
"C","A","20240101","2024","52","2024","124","CAN","Canada","X","Export","0","W00","World","0","W00","World","H6","HS","true","090240","Tea, black; (fermented) and partly fermented tea, in immediate packings of a content exceeding 3kg","6","true","C00","TOTAL CPC","0","0","TOTAL MOT","8","kg","732378","false","8","kg","732378","false","732378","false","0","false",,"2589693.499","2589693.499","0","false","true",
"C","A","20240101","2024","52","2024","144","LKA","Sri Lanka","X","Export","0","W00","World","0","W00","World","H6","HS","true","090240","Tea, black; (fermented) and partly fermented tea, in immediate packings of a content exceeding 3kg","6","true","C00","TOTAL CPC","0","0","TOTAL MOT","8","kg","137407611.065","true","8","kg","137407598","false","137407611.065","true","0","false",,"674133708.859","674133708.859","6","false","true",
"C","A","20240101","2024","52","2024","152","CHL","Chile","X","Export","0","W00","World","0","W00","World","H6","HS","true","090240","Tea, black; (fermented) and partly fermented tea, in immediate packings of a content exceeding 3kg","6","true","C00","TOTAL CPC","0","0","TOTAL MOT","8","kg","3151.11","false","8","kg","3151.11","false","3151.11","false","0","false",,"12204","12204","0","false","true",
"C","A","20240101","2024","52","2024","156","CHN","China","X","Export","0","W00","World","0","W00","World","H6","HS","true","090240","Tea, black; (fermented) and partly fermented tea, in immediate packings of a content exceeding 3kg","6","true","C00","TOTAL CPC","0","0","TOTAL MOT","8","kg","35604580","false","8","kg","35604580","false","35604580","false","0","false",,"199280605","199280605","0","false","true",
"C","A","20240101","2024","52","2024","170","COL","Colombia","X","Export","0","W00","World","0","W00","World","H6","HS","true","090240","Tea, black; (fermented) and partly fermented tea, in immediate packings of a content exceeding 3kg","6","true","C00","TOTAL CPC","0","0","TOTAL MOT","8","kg","6422","false","8","kg","6422","false","6422","false","0","false",,"85660.13","85660.13","0","false","true",
"C","A","20240101","2024","52","2024","188","CRI","Costa Rica","X","Export","0","W00","World","0","W00","World","H6","HS","true","090240","Tea, black; (fermented) and partly fermented tea, in immediate packings of a content exceeding 3kg","6","true","C00","TOTAL CPC","0","0","TOTAL MOT","8","kg","53.7","false","8","kg","53.7","false","53.7","false","0","false",,"500.4","500.4","0","false","true",
"C","A","20240101","2024","52","2024","191","HRV","Croatia","X","Export","0","W00","World","0","W00","World","H6","HS","true","090240","Tea, black; (fermented) and partly fermented tea, in immediate packings of a content exceeding 3kg","6","true","C00","TOTAL CPC","0","0","TOTAL MOT","8","kg","6946.951","false","8","kg","6946.951","false","6946.951","false","0","false",,"49160","49160","0","false","true",
"C","A","20240101","2024","52","2024","203","CZE","Czechia","X","Export","0","W00","World","0","W00","World","H6","HS","true","090240","Tea, black; (fermented) and partly fermented tea, in immediate packings of a content exceeding 3kg","6","true","C00","TOTAL CPC","0","0","TOTAL MOT","8","kg","393342.707","true","-1","N/A","0","false","393342.707","true","0","false",,"1516029","1516029","6","false","true",
"C","A","20240101","2024","52","2024","208","DNK","Denmark","X","Export","0","W00","World","0","W00","World","H6","HS","true","090240","Tea, black; (fermented) and partly fermented tea, in immediate packings of a content exceeding 3kg","6","true","C00","TOTAL CPC","0","0","TOTAL MOT","8","kg","76493","false","8","kg","76493","false","76493","false","0","false",,"1520559.02","1520559.02","0","false","true",
"C","A","20240101","2024","52","2024","214","DOM","Dominican Rep.","X","Export","0","W00","World","0","W00","World","H6","HS","true","090240","Tea, black; (fermented) and partly fermented tea, in immediate packings of a content exceeding 3kg","6","true","C00","TOTAL CPC","0","0","TOTAL MOT","8","kg","610.45","false","8","kg","610.45","false","610.45","false","0","false",,"2325.876","2325.876","0","false","true",
"C","A","20240101","2024","52","2024","124","CAN","Canada","X","Export","0","W00","World","0","W00","World","H6","HS","true","090240","Tea, black; (fermented) and partly fermented tea, in immediate packings of a content exceeding 3kg","6","true","C00","TOTAL CPC","0","1000","Air","8","kg","81810","false","8","kg","81810","false","81810","false","0","false",,"486349.383","486349.383","0","false","true",
"C","A","20240101","2024","52","2024","170","COL","Colombia","X","Export","0","W00","World","0","W00","World","H6","HS","true","090240","Tea, black; (fermented) and partly fermented tea, in immediate packings of a content exceeding 3kg","6","true","C00","TOTAL CPC","0","1000","Air","8","kg","944","false","8","kg","944","false","944","false","0","false",,"21470","21470","0","false","true",
"C","A","20240101","2024","52","2024","203","CZE","Czechia","X","Export","0","W00","World","0","W00","World","H6","HS","true","090240","Tea, black; (fermented) and partly fermented tea, in immediate packings of a content exceeding 3kg","6","true","C00","TOTAL CPC","0","1000","Air","8","kg","66","false","8","kg","66","false","66","false","0","false",,"2017","2017","0","false","true",
"C","A","20240101","2024","52","2024","124","CAN","Canada","X","Export","0","W00","World","0","W00","World","H6","HS","true","090240","Tea, black; (fermented) and partly fermented tea, in immediate packings of a content exceeding 3kg","6","true","C00","TOTAL CPC","0","2000","Water","8","kg","383207","false","8","kg","383207","false","383207","false","0","false",,"806357.644","806357.644","0","false","true",
"C","A","20240101","2024","52","2024","170","COL","Colombia","X","Export","0","W00","World","0","W00","World","H6","HS","true","090240","Tea, black; (fermented) and partly fermented tea, in immediate packings of a content exceeding 3kg","6","true","C00","TOTAL CPC","0","2000","Water","8","kg","3478","false","8","kg","3478","false","3478","false","0","false",,"57190.13","57190.13","0","false","true",
"C","A","20240101","2024","52","2024","214","DOM","Dominican Rep.","X","Export","0","W00","World","0","W00","World","H6","HS","true","090240","Tea, black; (fermented) and partly fermented tea, in immediate packings of a content exceeding 3kg","6","true","C00","TOTAL CPC","0","2100","Sea","8","kg","610.45","false","8","kg","610.45","false","610.45","false","0","false",,"2325.876","2325.876","0","false","true",
"C","A","20240101","2024","52","2024","203","CZE","Czechia","X","Export","0","W00","World","0","W00","World","H6","HS","true","090240","Tea, black; (fermented) and partly fermented tea, in immediate packings of a content exceeding 3kg","6","true","C00","TOTAL CPC","0","3100","Railway","8","kg","11","false","8","kg","11","false","11","false","0","false",,"551","551","0","false","true",
"C","A","20240101","2024","52","2024","124","CAN","Canada","X","Export","0","W00","World","0","W00","World","H6","HS","true","090240","Tea, black; (fermented) and partly fermented tea, in immediate packings of a content exceeding 3kg","6","true","C00","TOTAL CPC","0","3200","Road","8","kg","267361","false","8","kg","267361","false","267361","false","0","false",,"1296986.472","1296986.472","0","false","true",
"C","A","20240101","2024","52","2024","170","COL","Colombia","X","Export","0","W00","World","0","W00","World","H6","HS","true","090240","Tea, black; (fermented) and partly fermented tea, in immediate packings of a content exceeding 3kg","6","true","C00","TOTAL CPC","0","3200","Road","8","kg","2000","false","8","kg","2000","false","2000","false","0","false",,"7000","7000","0","false","true",
"C","A","20240101","2024","52","2024","203","CZE","Czechia","X","Export","0","W00","World","0","W00","World","H6","HS","true","090240","Tea, black; (fermented) and partly fermented tea, in immediate packings of a content exceeding 3kg","6","true","C00","TOTAL CPC","0","3200","Road","8","kg","19267.707","true","-1","N/A","0","false","19267.707","true","0","false",,"346450","346450","6","false","true",
"C","A","20240101","2024","52","2024","203","CZE","Czechia","X","Export","0","W00","World","0","W00","World","H6","HS","true","090240","Tea, black; (fermented) and partly fermented tea, in immediate packings of a content exceeding 3kg","6","true","C00","TOTAL CPC","0","9200","Postal consignments, mail or courier shipment","8","kg","373998","false","8","kg","373998","false","373998","false","0","false",,"1167011","1167011","0","false","true",
"C","A","20240101","2024","52","2024","218","ECU","Ecuador","X","Export","0","W00","World","0","W00","World","H6","HS","true","0902","Tea","4","false","C00","TOTAL CPC","0","0","TOTAL MOT","8","kg","485202.64","false","8","kg","485202.64","false","473271.659","false","0","false",,"1174623.44","1174623.44","0","false","true",
"C","A","20240101","2024","52","2024","222","SLV","El Salvador","X","Export","0","W00","World","0","W00","World","H6","HS","true","0902","Tea","4","false","C00","TOTAL CPC","0","0","TOTAL MOT","8","kg","1339.22","false","8","kg","1339.22","false","1339.22","false","0","false",,"19717.14","19717.14","0","false","true",
"C","A","20240101","2024","52","2024","233","EST","Estonia","X","Export","0","W00","World","0","W00","World","H6","HS","true","0902","Tea","4","false","C00","TOTAL CPC","0","0","TOTAL MOT","8","kg","161410.837","false","8","kg","161410.837","false","161410.837","false","0","false",,"1563562.48","1563562.48","0","false","true",
"C","A","20240101","2024","52","2024","242","FJI","Fiji","X","Export","0","W00","World","0","W00","World","H6","HS","true","0902","Tea","4","false","C00","TOTAL CPC","0","0","TOTAL MOT","8","kg","70582.692","false","8","kg","70582.692","false","70582.692","false","0","false",,"512835.6","512835.6","0","false","true",
"C","A","20240101","2024","52","2024","246","FIN","Finland","X","Export","0","W00","World","0","W00","World","H6","HS","true","0902","Tea","4","false","C00","TOTAL CPC","0","0","TOTAL MOT","8","kg","47124.771","true","-1","N/A","0","false","47124.771","true","0","false",,"943242.586","943242.586","6","false","true",
"C","A","20240101","2024","52","2024","251","FRA","France","X","Export","0","W00","World","0","W00","World","H6","HS","true","0902","Tea","4","false","C00","TOTAL CPC","0","0","TOTAL MOT","8","kg","2954246.873","true","-1","N/A","0","false","2954246.873","true","0","false",,"69465569.505","69465569.505","6","false","true",
"C","A","20240101","2024","52","2024","268","GEO","Georgia","X","Export","0","W00","World","0","W00","World","H6","HS","true","0902","Tea","4","false","C00","TOTAL CPC","0","0","TOTAL MOT","8","kg","1689658.52","false","8","kg","1689658.52","false","1689658.52","false","0","false",,"2872213.337","2872213.337","0","false","true",
"C","A","20240101","2024","52","2024","270","GMB","Gambia","X","Export","0","W00","World","0","W00","World","H6","HS","true","0902","Tea","4","false","C00","TOTAL CPC","0","0","TOTAL MOT","8","kg","130850","false","8","kg","130850","false","130850","false","0","false",,"42392.474","42392.474","0","false","true",
"C","A","20240101","2024","52","2024","218","ECU","Ecuador","X","Export","0","W00","World","0","W00","World","H6","HS","true","0902","Tea","4","false","C00","TOTAL CPC","0","1000","Air","8","kg","285.6","false","8","kg","285.6","false","283.36","false","0","false",,"3680","3680","0","false","true",
"C","A","20240101","2024","52","2024","233","EST","Estonia","X","Export","0","W00","World","0","W00","World","H6","HS","true","0902","Tea","4","false","C00","TOTAL CPC","0","1000","Air","8","kg","1.2","false","8","kg","1.2","false","1.2","false","0","false",,"59.88","59.88","0","false","true",
"C","A","20240101","2024","52","2024","251","FRA","France","X","Export","0","W00","World","0","W00","World","H6","HS","true","0902","Tea","4","false","C00","TOTAL CPC","0","1000","Air","8","kg","59125.453","true","-1","N/A","0","false","59125.453","true","0","false",,"3161689.607","3161689.607","6","false","true",
"C","A","20240101","2024","52","2024","268","GEO","Georgia","X","Export","0","W00","World","0","W00","World","H6","HS","true","0902","Tea","4","false","C00","TOTAL CPC","0","1000","Air","8","kg","1374.04","false","8","kg","1374.04","false","1374.04","false","0","false",,"47917.315","47917.315","0","false","true",
"C","A","20240101","2024","52","2024","218","ECU","Ecuador","X","Export","0","W00","World","0","W00","World","H6","HS","true","0902","Tea","4","false","C00","TOTAL CPC","0","2100","Sea","8","kg","480917.04","false","8","kg","480917.04","false","468988.299","false","0","false",,"1160643.44","1160643.44","0","false","true",
"C","A","20240101","2024","52","2024","233","EST","Estonia","X","Export","0","W00","World","0","W00","World","H6","HS","true","0902","Tea","4","false","C00","TOTAL CPC","0","2100","Sea","8","kg","1358.75","false","8","kg","1358.75","false","1358.75","false","0","false",,"17619.06","17619.06","0","false","true",
"C","A","20240101","2024","52","2024","251","FRA","France","X","Export","0","W00","World","0","W00","World","H6","HS","true","0902","Tea","4","false","C00","TOTAL CPC","0","2100","Sea","8","kg","729681.133","true","-1","N/A","0","false","729681.133","true","0","false",,"17596000.449","17596000.449","6","false","true",
"C","A","20240101","2024","52","2024","268","GEO","Georgia","X","Export","0","W00","World","0","W00","World","H6","HS","true","0902","Tea","4","false","C00","TOTAL CPC","0","2100","Sea","8","kg","10439.53","false","8","kg","10439.53","false","10439.53","false","0","false",,"189375.756","189375.756","0","false","true",
"C","A","20240101","2024","52","2024","251","FRA","France","X","Export","0","W00","World","0","W00","World","H6","HS","true","0902","Tea","4","false","C00","TOTAL CPC","0","2200","Inland waterway","8","kg","16","false","8","kg","16","false","16","false","0","false",,"422.128","422.128","0","false","true",
"C","A","20240101","2024","52","2024","251","FRA","France","X","Export","0","W00","World","0","W00","World","H6","HS","true","0902","Tea","4","false","C00","TOTAL CPC","0","3100","Railway","8","kg","39.329","true","-1","N/A","0","false","39.329","true","0","false",,"3011.182","3011.182","6","false","true",
"C","A","20240101","2024","52","2024","268","GEO","Georgia","X","Export","0","W00","World","0","W00","World","H6","HS","true","0902","Tea","4","false","C00","TOTAL CPC","0","3100","Railway","8","kg","696948","false","8","kg","696948","false","696948","false","0","false",,"604184.04","604184.04","0","false","true",
"C","A","20240101","2024","52","2024","218","ECU","Ecuador","X","Export","0","W00","World","0","W00","World","H6","HS","true","0902","Tea","4","false","C00","TOTAL CPC","0","3200","Road","8","kg","4000","false","8","kg","4000","false","4000","false","0","false",,"10300","10300","0","false","true",
"C","A","20240101","2024","52","2024","233","EST","Estonia","X","Export","0","W00","World","0","W00","World","H6","HS","true","0902","Tea","4","false","C00","TOTAL CPC","0","3200","Road","8","kg","11958.174","false","8","kg","11958.174","false","11958.174","false","0","false",,"114853.48","114853.48","0","false","true",
"C","A","20240101","2024","52","2024","251","FRA","France","X","Export","0","W00","World","0","W00","World","H6","HS","true","0902","Tea","4","false","C00","TOTAL CPC","0","3200","Road","8","kg","2149924.466","true","-1","N/A","0","false","2149924.466","true","0","false",,"48155344.789","48155344.789","6","false","true",
"C","A","20240101","2024","52","2024","268","GEO","Georgia","X","Export","0","W00","World","0","W00","World","H6","HS","true","0902","Tea","4","false","C00","TOTAL CPC","0","3200","Road","8","kg","980896.95","false","8","kg","980896.95","false","980896.95","false","0","false",,"2030736.227","2030736.227","0","false","true",
"C","A","20240101","2024","52","2024","233","EST","Estonia","X","Export","0","W00","World","0","W00","World","H6","HS","true","0902","Tea","4","false","C00","TOTAL CPC","0","9000","Pipelines, cables, postal and others","8","kg","148092.713","false","8","kg","148092.713","false","148092.713","false","0","false",,"1431030.06","1431030.06","0","false","true",
"C","A","20240101","2024","52","2024","251","FRA","France","X","Export","0","W00","World","0","W00","World","H6","HS","true","0902","Tea","4","false","C00","TOTAL CPC","0","9000","Pipelines, cables, postal and others","8","kg","2373.377","true","-1","N/A","0","false","2373.377","true","0","false",,"151305.965","151305.965","6","false","true",
"C","A","20240101","2024","52","2024","251","FRA","France","X","Export","0","W00","World","0","W00","World","H6","HS","true","0902","Tea","4","false","C00","TOTAL CPC","0","9200","Postal consignments, mail or courier shipment","8","kg","13087.114","true","-1","N/A","0","false","13087.114","true","0","false",,"397795.384","397795.384","6","false","true",
"C","A","20240101","2024","52","2024","218","ECU","Ecuador","X","Export","0","W00","World","0","W00","World","H6","HS","true","090210","Tea, green; (not fermented), in immediate packings of a content not exceeding 3kg","6","true","C00","TOTAL CPC","0","0","TOTAL MOT","8","kg","107470.56","false","8","kg","107470.56","false","104419.52","false","0","false",,"458190.36","458190.36","0","false","true",
"C","A","20240101","2024","52","2024","222","SLV","El Salvador","X","Export","0","W00","World","0","W00","World","H6","HS","true","090210","Tea, green; (not fermented), in immediate packings of a content not exceeding 3kg","6","true","C00","TOTAL CPC","0","0","TOTAL MOT","8","kg","487.2","false","8","kg","487.2","false","487.2","false","0","false",,"8088.29","8088.29","0","false","true",
"C","A","20240101","2024","52","2024","233","EST","Estonia","X","Export","0","W00","World","0","W00","World","H6","HS","true","090210","Tea, green; (not fermented), in immediate packings of a content not exceeding 3kg","6","true","C00","TOTAL CPC","0","0","TOTAL MOT","8","kg","6336.668","false","8","kg","6336.668","false","6336.668","false","0","false",,"101335.93","101335.93","0","false","true",
"C","A","20240101","2024","52","2024","242","FJI","Fiji","X","Export","0","W00","World","0","W00","World","H6","HS","true","090210","Tea, green; (not fermented), in immediate packings of a content not exceeding 3kg","6","true","C00","TOTAL CPC","0","0","TOTAL MOT","8","kg","928","false","8","kg","928","false","928","false","0","false",,"5627.562","5627.562","0","false","true",
"C","A","20240101","2024","52","2024","246","FIN","Finland","X","Export","0","W00","World","0","W00","World","H6","HS","true","090210","Tea, green; (not fermented), in immediate packings of a content not exceeding 3kg","6","true","C00","TOTAL CPC","0","0","TOTAL MOT","8","kg","5665.58","true","-1","N/A","0","false","5665.58","true","0","false",,"211658.175","211658.175","6","false","true",
"C","A","20240101","2024","52","2024","251","FRA","France","X","Export","0","W00","World","0","W00","World","H6","HS","true","090210","Tea, green; (not fermented), in immediate packings of a content not exceeding 3kg","6","true","C00","TOTAL CPC","0","0","TOTAL MOT","8","kg","1381583.19","true","-1","N/A","0","false","1381583.19","true","0","false",,"25462245.902","25462245.902","6","false","true",
"C","A","20240101","2024","52","2024","268","GEO","Georgia","X","Export","0","W00","World","0","W00","World","H6","HS","true","090210","Tea, green; (not fermented), in immediate packings of a content not exceeding 3kg","6","true","C00","TOTAL CPC","0","0","TOTAL MOT","8","kg","1056672.2","false","8","kg","1056672.2","false","1056672.2","false","0","false",,"1039404.605","1039404.605","0","false","true",
"C","A","20240101","2024","52","2024","270","GMB","Gambia","X","Export","0","W00","World","0","W00","World","H6","HS","true","090210","Tea, green; (not fermented), in immediate packings of a content not exceeding 3kg","6","true","C00","TOTAL CPC","0","0","TOTAL MOT","8","kg","39100","false","8","kg","39100","false","39100","false","0","false",,"8422.523","8422.523","0","false","true",
"C","A","20240101","2024","52","2024","251","FRA","France","X","Export","0","W00","World","0","W00","World","H6","HS","true","090210","Tea, green; (not fermented), in immediate packings of a content not exceeding 3kg","6","true","C00","TOTAL CPC","0","1000","Air","8","kg","19640.807","true","-1","N/A","0","false","19640.807","true","0","false",,"996122.314","996122.314","6","false","true",
"C","A","20240101","2024","52","2024","268","GEO","Georgia","X","Export","0","W00","World","0","W00","World","H6","HS","true","090210","Tea, green; (not fermented), in immediate packings of a content not exceeding 3kg","6","true","C00","TOTAL CPC","0","1000","Air","8","kg","4.44","false","8","kg","4.44","false","4.44","false","0","false",,"227.1","227.1","0","false","true",
"C","A","20240101","2024","52","2024","218","ECU","Ecuador","X","Export","0","W00","World","0","W00","World","H6","HS","true","090210","Tea, green; (not fermented), in immediate packings of a content not exceeding 3kg","6","true","C00","TOTAL CPC","0","2100","Sea","8","kg","107470.56","false","8","kg","107470.56","false","104419.52","false","0","false",,"458190.36","458190.36","0","false","true",
"C","A","20240101","2024","52","2024","233","EST","Estonia","X","Export","0","W00","World","0","W00","World","H6","HS","true","090210","Tea, green; (not fermented), in immediate packings of a content not exceeding 3kg","6","true","C00","TOTAL CPC","0","2100","Sea","8","kg","415.86","false","8","kg","415.86","false","415.86","false","0","false",,"5907.73","5907.73","0","false","true",
"C","A","20240101","2024","52","2024","251","FRA","France","X","Export","0","W00","World","0","W00","World","H6","HS","true","090210","Tea, green; (not fermented), in immediate packings of a content not exceeding 3kg","6","true","C00","TOTAL CPC","0","2100","Sea","8","kg","252542.616","true","-1","N/A","0","false","252542.616","true","0","false",,"3695814.058","3695814.058","6","false","true",
"C","A","20240101","2024","52","2024","268","GEO","Georgia","X","Export","0","W00","World","0","W00","World","H6","HS","true","090210","Tea, green; (not fermented), in immediate packings of a content not exceeding 3kg","6","true","C00","TOTAL CPC","0","2100","Sea","8","kg","2615.56","false","8","kg","2615.56","false","2615.56","false","0","false",,"42009.099","42009.099","0","false","true",
"C","A","20240101","2024","52","2024","251","FRA","France","X","Export","0","W00","World","0","W00","World","H6","HS","true","090210","Tea, green; (not fermented), in immediate packings of a content not exceeding 3kg","6","true","C00","TOTAL CPC","0","2200","Inland waterway","8","kg","13","false","8","kg","13","false","13","false","0","false",,"348.527","348.527","0","false","true",
"C","A","20240101","2024","52","2024","251","FRA","France","X","Export","0","W00","World","0","W00","World","H6","HS","true","090210","Tea, green; (not fermented), in immediate packings of a content not exceeding 3kg","6","true","C00","TOTAL CPC","0","3100","Railway","8","kg","12.865","true","-1","N/A","0","false","12.865","true","0","false",,"478.412","478.412","6","false","true",
"C","A","20240101","2024","52","2024","268","GEO","Georgia","X","Export","0","W00","World","0","W00","World","H6","HS","true","090210","Tea, green; (not fermented), in immediate packings of a content not exceeding 3kg","6","true","C00","TOTAL CPC","0","3100","Railway","8","kg","696948","false","8","kg","696948","false","696948","false","0","false",,"604184.04","604184.04","0","false","true",
"C","A","20240101","2024","52","2024","233","EST","Estonia","X","Export","0","W00","World","0","W00","World","H6","HS","true","090210","Tea, green; (not fermented), in immediate packings of a content not exceeding 3kg","6","true","C00","TOTAL CPC","0","3200","Road","8","kg","1077.37","false","8","kg","1077.37","false","1077.37","false","0","false",,"19236.49","19236.49","0","false","true",
"C","A","20240101","2024","52","2024","251","FRA","France","X","Export","0","W00","World","0","W00","World","H6","HS","true","090210","Tea, green; (not fermented), in immediate packings of a content not exceeding 3kg","6","true","C00","TOTAL CPC","0","3200","Road","8","kg","1105890","false","8","kg","1105890","false","1105890","false","0","false",,"20579853.865","20579853.865","0","false","true",
"C","A","20240101","2024","52","2024","268","GEO","Georgia","X","Export","0","W00","World","0","W00","World","H6","HS","true","090210","Tea, green; (not fermented), in immediate packings of a content not exceeding 3kg","6","true","C00","TOTAL CPC","0","3200","Road","8","kg","357104.2","false","8","kg","357104.2","false","357104.2","false","0","false",,"392984.365","392984.365","0","false","true",
"C","A","20240101","2024","52","2024","233","EST","Estonia","X","Export","0","W00","World","0","W00","World","H6","HS","true","090210","Tea, green; (not fermented), in immediate packings of a content not exceeding 3kg","6","true","C00","TOTAL CPC","0","9000","Pipelines, cables, postal and others","8","kg","4843.438","false","8","kg","4843.438","false","4843.438","false","0","false",,"76191.71","76191.71","0","false","true",
"C","A","20240101","2024","52","2024","251","FRA","France","X","Export","0","W00","World","0","W00","World","H6","HS","true","090210","Tea, green; (not fermented), in immediate packings of a content not exceeding 3kg","6","true","C00","TOTAL CPC","0","9000","Pipelines, cables, postal and others","8","kg","1236.787","true","-1","N/A","0","false","1236.787","true","0","false",,"81090.862","81090.862","6","false","true",
"C","A","20240101","2024","52","2024","251","FRA","France","X","Export","0","W00","World","0","W00","World","H6","HS","true","090210","Tea, green; (not fermented), in immediate packings of a content not exceeding 3kg","6","true","C00","TOTAL CPC","0","9200","Postal consignments, mail or courier shipment","8","kg","2247.114","true","-1","N/A","0","false","2247.114","true","0","false",,"108537.865","108537.865","6","false","true",
"C","A","20240101","2024","52","2024","233","EST","Estonia","X","Export","0","W00","World","0","W00","World","H6","HS","true","090220","Tea, green; (not fermented), in immediate packings of a content exceeding 3kg","6","true","C00","TOTAL CPC","0","0","TOTAL MOT","8","kg","2.416","false","8","kg","2.416","false","2.416","false","0","false",,"116.23","116.23","0","false","true",
"C","A","20240101","2024","52","2024","242","FJI","Fiji","X","Export","0","W00","World","0","W00","World","H6","HS","true","090220","Tea, green; (not fermented), in immediate packings of a content exceeding 3kg","6","true","C00","TOTAL CPC","0","0","TOTAL MOT","8","kg","61","false","8","kg","61","false","61","false","0","false",,"3020.764","3020.764","0","false","true",
"C","A","20240101","2024","52","2024","246","FIN","Finland","X","Export","0","W00","World","0","W00","World","H6","HS","true","090220","Tea, green; (not fermented), in immediate packings of a content exceeding 3kg","6","true","C00","TOTAL CPC","0","0","TOTAL MOT","8","kg","1254.099","true","-1","N/A","0","false","1254.099","true","0","false",,"18148.147","18148.147","6","false","true",
"C","A","20240101","2024","52","2024","251","FRA","France","X","Export","0","W00","World","0","W00","World","H6","HS","true","090220","Tea, green; (not fermented), in immediate packings of a content exceeding 3kg","6","true","C00","TOTAL CPC","0","0","TOTAL MOT","8","kg","364333.962","true","-1","N/A","0","false","364333.962","true","0","false",,"8250589.013","8250589.013","6","false","true",
"C","A","20240101","2024","52","2024","268","GEO","Georgia","X","Export","0","W00","World","0","W00","World","H6","HS","true","090220","Tea, green; (not fermented), in immediate packings of a content exceeding 3kg","6","true","C00","TOTAL CPC","0","0","TOTAL MOT","8","kg","222418.01","false","8","kg","222418.01","false","222418.01","false","0","false",,"196644.04","196644.04","0","false","true",
"C","A","20240101","2024","52","2024","270","GMB","Gambia","X","Export","0","W00","World","0","W00","World","H6","HS","true","090220","Tea, green; (not fermented), in immediate packings of a content exceeding 3kg","6","true","C00","TOTAL CPC","0","0","TOTAL MOT","8","kg","91600","false","8","kg","91600","false","91600","false","0","false",,"33754.908","33754.908","0","false","true",
"C","A","20240101","2024","52","2024","233","EST","Estonia","X","Export","0","W00","World","0","W00","World","H6","HS","true","090220","Tea, green; (not fermented), in immediate packings of a content exceeding 3kg","6","true","C00","TOTAL CPC","0","1000","Air","8","kg","1.2","false","8","kg","1.2","false","1.2","false","0","false",,"59.88","59.88","0","false","true",
"C","A","20240101","2024","52","2024","251","FRA","France","X","Export","0","W00","World","0","W00","World","H6","HS","true","090220","Tea, green; (not fermented), in immediate packings of a content exceeding 3kg","6","true","C00","TOTAL CPC","0","1000","Air","8","kg","7840.051","true","-1","N/A","0","false","7840.051","true","0","false",,"484457.258","484457.258","6","false","true",
"C","A","20240101","2024","52","2024","268","GEO","Georgia","X","Export","0","W00","World","0","W00","World","H6","HS","true","090220","Tea, green; (not fermented), in immediate packings of a content exceeding 3kg","6","true","C00","TOTAL CPC","0","1000","Air","8","kg","244","false","8","kg","244","false","244","false","0","false",,"6112.96","6112.96","0","false","true",
"C","A","20240101","2024","52","2024","251","FRA","France","X","Export","0","W00","World","0","W00","World","H6","HS","true","090220","Tea, green; (not fermented), in immediate packings of a content exceeding 3kg","6","true","C00","TOTAL CPC","0","2100","Sea","8","kg","106287.695","true","-1","N/A","0","false","106287.695","true","0","false",,"3908114.326","3908114.326","6","false","true",
"C","A","20240101","2024","52","2024","268","GEO","Georgia","X","Export","0","W00","World","0","W00","World","H6","HS","true","090220","Tea, green; (not fermented), in immediate packings of a content exceeding 3kg","6","true","C00","TOTAL CPC","0","2100","Sea","8","kg","425.41","false","8","kg","425.41","false","425.41","false","0","false",,"16643.213","16643.213","0","false","true",
"C","A","20240101","2024","52","2024","251","FRA","France","X","Export","0","W00","World","0","W00","World","H6","HS","true","090220","Tea, green; (not fermented), in immediate packings of a content exceeding 3kg","6","true","C00","TOTAL CPC","0","3200","Road","8","kg","249787.482","true","-1","N/A","0","false","249787.482","true","0","false",,"3836321.112","3836321.112","6","false","true",
"C","A","20240101","2024","52","2024","268","GEO","Georgia","X","Export","0","W00","World","0","W00","World","H6","HS","true","090220","Tea, green; (not fermented), in immediate packings of a content exceeding 3kg","6","true","C00","TOTAL CPC","0","3200","Road","8","kg","221748.6","false","8","kg","221748.6","false","221748.6","false","0","false",,"173887.867","173887.867","0","false","true",
"C","A","20240101","2024","52","2024","233","EST","Estonia","X","Export","0","W00","World","0","W00","World","H6","HS","true","090220","Tea, green; (not fermented), in immediate packings of a content exceeding 3kg","6","true","C00","TOTAL CPC","0","9000","Pipelines, cables, postal and others","8","kg","1.216","false","8","kg","1.216","false","1.216","false","0","false",,"56.35","56.35","0","false","true",
"C","A","20240101","2024","52","2024","251","FRA","France","X","Export","0","W00","World","0","W00","World","H6","HS","true","090220","Tea, green; (not fermented), in immediate packings of a content exceeding 3kg","6","true","C00","TOTAL CPC","0","9000","Pipelines, cables, postal and others","8","kg","331.734","true","-1","N/A","0","false","331.734","true","0","false",,"18916.763","18916.763","6","false","true",
"C","A","20240101","2024","52","2024","251","FRA","France","X","Export","0","W00","World","0","W00","World","H6","HS","true","090220","Tea, green; (not fermented), in immediate packings of a content exceeding 3kg","6","true","C00","TOTAL CPC","0","9200","Postal consignments, mail or courier shipment","8","kg","87","false","8","kg","87","false","87","false","0","false",,"2779.553","2779.553","0","false","true",
"C","A","20240101","2024","52","2024","218","ECU","Ecuador","X","Export","0","W00","World","0","W00","World","H6","HS","true","090230","Tea, black; (fermented) and partly fermented tea, in immediate packings of a content not exceeding 3kg","6","true","C00","TOTAL CPC","0","0","TOTAL MOT","8","kg","6993.28","false","8","kg","6993.28","false","2373.899","false","0","false",,"68476.08","68476.08","0","false","true",
"C","A","20240101","2024","52","2024","222","SLV","El Salvador","X","Export","0","W00","World","0","W00","World","H6","HS","true","090230","Tea, black; (fermented) and partly fermented tea, in immediate packings of a content not exceeding 3kg","6","true","C00","TOTAL CPC","0","0","TOTAL MOT","8","kg","135.39","false","8","kg","135.39","false","135.39","false","0","false",,"1691.83","1691.83","0","false","true",
"C","A","20240101","2024","52","2024","233","EST","Estonia","X","Export","0","W00","World","0","W00","World","H6","HS","true","090230","Tea, black; (fermented) and partly fermented tea, in immediate packings of a content not exceeding 3kg","6","true","C00","TOTAL CPC","0","0","TOTAL MOT","8","kg","148721.589","false","8","kg","148721.589","false","148721.589","false","0","false",,"1437135.41","1437135.41","0","false","true",
"C","A","20240101","2024","52","2024","242","FJI","Fiji","X","Export","0","W00","World","0","W00","World","H6","HS","true","090230","Tea, black; (fermented) and partly fermented tea, in immediate packings of a content not exceeding 3kg","6","true","C00","TOTAL CPC","0","0","TOTAL MOT","8","kg","61830.23","false","8","kg","61830.23","false","61830.23","false","0","false",,"444140.984","444140.984","0","false","true",
"C","A","20240101","2024","52","2024","246","FIN","Finland","X","Export","0","W00","World","0","W00","World","H6","HS","true","090230","Tea, black; (fermented) and partly fermented tea, in immediate packings of a content not exceeding 3kg","6","true","C00","TOTAL CPC","0","0","TOTAL MOT","8","kg","38826.935","true","-1","N/A","0","false","38826.935","true","0","false",,"701062.955","701062.955","6","false","true",
"C","A","20240101","2024","52","2024","251","FRA","France","X","Export","0","W00","World","0","W00","World","H6","HS","true","090230","Tea, black; (fermented) and partly fermented tea, in immediate packings of a content not exceeding 3kg","6","true","C00","TOTAL CPC","0","0","TOTAL MOT","8","kg","1062050.816","true","-1","N/A","0","false","1062050.816","true","0","false",,"32193579.724","32193579.724","6","false","true",
"C","A","20240101","2024","52","2024","268","GEO","Georgia","X","Export","0","W00","World","0","W00","World","H6","HS","true","090230","Tea, black; (fermented) and partly fermented tea, in immediate packings of a content not exceeding 3kg","6","true","C00","TOTAL CPC","0","0","TOTAL MOT","8","kg","29499.23","false","8","kg","29499.23","false","29499.23","false","0","false",,"314976.035","314976.035","0","false","true",
"C","A","20240101","2024","52","2024","270","GMB","Gambia","X","Export","0","W00","World","0","W00","World","H6","HS","true","090230","Tea, black; (fermented) and partly fermented tea, in immediate packings of a content not exceeding 3kg","6","true","C00","TOTAL CPC","0","0","TOTAL MOT","8","kg","100","false","8","kg","100","false","100","false","0","false",,"82.709","82.709","0","false","true",
"C","A","20240101","2024","52","2024","218","ECU","Ecuador","X","Export","0","W00","World","0","W00","World","H6","HS","true","090230","Tea, black; (fermented) and partly fermented tea, in immediate packings of a content not exceeding 3kg","6","true","C00","TOTAL CPC","0","1000","Air","8","kg","89.6","false","8","kg","89.6","false","85.12","false","0","false",,"2954","2954","0","false","true",
"C","A","20240101","2024","52","2024","251","FRA","France","X","Export","0","W00","World","0","W00","World","H6","HS","true","090230","Tea, black; (fermented) and partly fermented tea, in immediate packings of a content not exceeding 3kg","6","true","C00","TOTAL CPC","0","1000","Air","8","kg","21006.564","true","-1","N/A","0","false","21006.564","true","0","false",,"1154669.404","1154669.404","6","false","true",
"C","A","20240101","2024","52","2024","268","GEO","Georgia","X","Export","0","W00","World","0","W00","World","H6","HS","true","090230","Tea, black; (fermented) and partly fermented tea, in immediate packings of a content not exceeding 3kg","6","true","C00","TOTAL CPC","0","1000","Air","8","kg","154.74","false","8","kg","154.74","false","154.74","false","0","false",,"7544.809","7544.809","0","false","true",
"C","A","20240101","2024","52","2024","218","ECU","Ecuador","X","Export","0","W00","World","0","W00","World","H6","HS","true","090230","Tea, black; (fermented) and partly fermented tea, in immediate packings of a content not exceeding 3kg","6","true","C00","TOTAL CPC","0","2100","Sea","8","kg","6903.68","false","8","kg","6903.68","false","2288.779","false","0","false",,"65522.08","65522.08","0","false","true",
"C","A","20240101","2024","52","2024","233","EST","Estonia","X","Export","0","W00","World","0","W00","World","H6","HS","true","090230","Tea, black; (fermented) and partly fermented tea, in immediate packings of a content not exceeding 3kg","6","true","C00","TOTAL CPC","0","2100","Sea","8","kg","942.89","false","8","kg","942.89","false","942.89","false","0","false",,"11711.33","11711.33","0","false","true",
"C","A","20240101","2024","52","2024","251","FRA","France","X","Export","0","W00","World","0","W00","World","H6","HS","true","090230","Tea, black; (fermented) and partly fermented tea, in immediate packings of a content not exceeding 3kg","6","true","C00","TOTAL CPC","0","2100","Sea","8","kg","336700.397","true","-1","N/A","0","false","336700.397","true","0","false",,"8949514.547","8949514.547","6","false","true",
"C","A","20240101","2024","52","2024","268","GEO","Georgia","X","Export","0","W00","World","0","W00","World","H6","HS","true","090230","Tea, black; (fermented) and partly fermented tea, in immediate packings of a content not exceeding 3kg","6","true","C00","TOTAL CPC","0","2100","Sea","8","kg","5369.4","false","8","kg","5369.4","false","5369.4","false","0","false",,"86296.269","86296.269","0","false","true",
"C","A","20240101","2024","52","2024","251","FRA","France","X","Export","0","W00","World","0","W00","World","H6","HS","true","090230","Tea, black; (fermented) and partly fermented tea, in immediate packings of a content not exceeding 3kg","6","true","C00","TOTAL CPC","0","2200","Inland waterway","8","kg","3","false","8","kg","3","false","3","false","0","false",,"73.602","73.602","0","false","true",
"C","A","20240101","2024","52","2024","251","FRA","France","X","Export","0","W00","World","0","W00","World","H6","HS","true","090230","Tea, black; (fermented) and partly fermented tea, in immediate packings of a content not exceeding 3kg","6","true","C00","TOTAL CPC","0","3100","Railway","8","kg","26.464","true","-1","N/A","0","false","26.464","true","0","false",,"2532.77","2532.77","6","false","true",
"C","A","20240101","2024","52","2024","233","EST","Estonia","X","Export","0","W00","World","0","W00","World","H6","HS","true","090230","Tea, black; (fermented) and partly fermented tea, in immediate packings of a content not exceeding 3kg","6","true","C00","TOTAL CPC","0","3200","Road","8","kg","4539.924","false","8","kg","4539.924","false","4539.924","false","0","false",,"70866.78","70866.78","0","false","true",
"C","A","20240101","2024","52","2024","251","FRA","France","X","Export","0","W00","World","0","W00","World","H6","HS","true","090230","Tea, black; (fermented) and partly fermented tea, in immediate packings of a content not exceeding 3kg","6","true","C00","TOTAL CPC","0","3200","Road","8","kg","701928.5","true","-1","N/A","0","false","701928.5","true","0","false",,"22002126.684","22002126.684","6","false","true",
"C","A","20240101","2024","52","2024","268","GEO","Georgia","X","Export","0","W00","World","0","W00","World","H6","HS","true","090230","Tea, black; (fermented) and partly fermented tea, in immediate packings of a content not exceeding 3kg","6","true","C00","TOTAL CPC","0","3200","Road","8","kg","23975.09","false","8","kg","23975.09","false","23975.09","false","0","false",,"221134.957","221134.957","0","false","true",
"C","A","20240101","2024","52","2024","233","EST","Estonia","X","Export","0","W00","World","0","W00","World","H6","HS","true","090230","Tea, black; (fermented) and partly fermented tea, in immediate packings of a content not exceeding 3kg","6","true","C00","TOTAL CPC","0","9000","Pipelines, cables, postal and others","8","kg","143238.775","false","8","kg","143238.775","false","143238.775","false","0","false",,"1354557.3","1354557.3","0","false","true",
"C","A","20240101","2024","52","2024","251","FRA","France","X","Export","0","W00","World","0","W00","World","H6","HS","true","090230","Tea, black; (fermented) and partly fermented tea, in immediate packings of a content not exceeding 3kg","6","true","C00","TOTAL CPC","0","9000","Pipelines, cables, postal and others","8","kg","243.892","true","-1","N/A","0","false","243.892","true","0","false",,"18165.591","18165.591","6","false","true",
"C","A","20240101","2024","52","2024","251","FRA","France","X","Export","0","W00","World","0","W00","World","H6","HS","true","090230","Tea, black; (fermented) and partly fermented tea, in immediate packings of a content not exceeding 3kg","6","true","C00","TOTAL CPC","0","9200","Postal consignments, mail or courier shipment","8","kg","2142","false","8","kg","2142","false","2142","false","0","false",,"66497.126","66497.126","0","false","true",
"C","A","20240101","2024","52","2024","218","ECU","Ecuador","X","Export","0","W00","World","0","W00","World","H6","HS","true","090240","Tea, black; (fermented) and partly fermented tea, in immediate packings of a content exceeding 3kg","6","true","C00","TOTAL CPC","0","0","TOTAL MOT","8","kg","370738.8","false","8","kg","370738.8","false","366478.24","false","0","false",,"647957","647957","0","false","true",
"C","A","20240101","2024","52","2024","222","SLV","El Salvador","X","Export","0","W00","World","0","W00","World","H6","HS","true","090240","Tea, black; (fermented) and partly fermented tea, in immediate packings of a content exceeding 3kg","6","true","C00","TOTAL CPC","0","0","TOTAL MOT","8","kg","716.63","false","8","kg","716.63","false","716.63","false","0","false",,"9937.02","9937.02","0","false","true",
"C","A","20240101","2024","52","2024","233","EST","Estonia","X","Export","0","W00","World","0","W00","World","H6","HS","true","090240","Tea, black; (fermented) and partly fermented tea, in immediate packings of a content exceeding 3kg","6","true","C00","TOTAL CPC","0","0","TOTAL MOT","8","kg","6350.164","false","8","kg","6350.164","false","6350.164","false","0","false",,"24974.91","24974.91","0","false","true",
"C","A","20240101","2024","52","2024","242","FJI","Fiji","X","Export","0","W00","World","0","W00","World","H6","HS","true","090240","Tea, black; (fermented) and partly fermented tea, in immediate packings of a content exceeding 3kg","6","true","C00","TOTAL CPC","0","0","TOTAL MOT","8","kg","7763.462","false","8","kg","7763.462","false","7763.462","false","0","false",,"60046.29","60046.29","0","false","true",
"C","A","20240101","2024","52","2024","246","FIN","Finland","X","Export","0","W00","World","0","W00","World","H6","HS","true","090240","Tea, black; (fermented) and partly fermented tea, in immediate packings of a content exceeding 3kg","6","true","C00","TOTAL CPC","0","0","TOTAL MOT","8","kg","1378.157","true","-1","N/A","0","false","1378.157","true","0","false",,"12373.308","12373.308","6","false","true",
"C","A","20240101","2024","52","2024","251","FRA","France","X","Export","0","W00","World","0","W00","World","H6","HS","true","090240","Tea, black; (fermented) and partly fermented tea, in immediate packings of a content exceeding 3kg","6","true","C00","TOTAL CPC","0","0","TOTAL MOT","8","kg","146278.905","true","-1","N/A","0","false","146278.905","true","0","false",,"3559154.866","3559154.866","6","false","true",
"C","A","20240101","2024","52","2024","268","GEO","Georgia","X","Export","0","W00","World","0","W00","World","H6","HS","true","090240","Tea, black; (fermented) and partly fermented tea, in immediate packings of a content exceeding 3kg","6","true","C00","TOTAL CPC","0","0","TOTAL MOT","8","kg","381069.08","false","8","kg","381069.08","false","381069.08","false","0","false",,"1321188.658","1321188.658","0","false","true",
"C","A","20240101","2024","52","2024","270","GMB","Gambia","X","Export","0","W00","World","0","W00","World","H6","HS","true","090240","Tea, black; (fermented) and partly fermented tea, in immediate packings of a content exceeding 3kg","6","true","C00","TOTAL CPC","0","0","TOTAL MOT","8","kg","50","false","8","kg","50","false","50","false","0","false",,"132.334","132.334","0","false","true",
"C","A","20240101","2024","52","2024","218","ECU","Ecuador","X","Export","0","W00","World","0","W00","World","H6","HS","true","090240","Tea, black; (fermented) and partly fermented tea, in immediate packings of a content exceeding 3kg","6","true","C00","TOTAL CPC","0","1000","Air","8","kg","196","false","8","kg","196","false","198.24","false","0","false",,"726","726","0","false","true",
"C","A","20240101","2024","52","2024","251","FRA","France","X","Export","0","W00","World","0","W00","World","H6","HS","true","090240","Tea, black; (fermented) and partly fermented tea, in immediate packings of a content exceeding 3kg","6","true","C00","TOTAL CPC","0","1000","Air","8","kg","10638.031","true","-1","N/A","0","false","10638.031","true","0","false",,"526440.631","526440.631","6","false","true",
"C","A","20240101","2024","52","2024","268","GEO","Georgia","X","Export","0","W00","World","0","W00","World","H6","HS","true","090240","Tea, black; (fermented) and partly fermented tea, in immediate packings of a content exceeding 3kg","6","true","C00","TOTAL CPC","0","1000","Air","8","kg","970.86","false","8","kg","970.86","false","970.86","false","0","false",,"34032.445","34032.445","0","false","true",
"C","A","20240101","2024","52","2024","218","ECU","Ecuador","X","Export","0","W00","World","0","W00","World","H6","HS","true","090240","Tea, black; (fermented) and partly fermented tea, in immediate packings of a content exceeding 3kg","6","true","C00","TOTAL CPC","0","2100","Sea","8","kg","366542.8","false","8","kg","366542.8","false","362280","false","0","false",,"636931","636931","0","false","true",
"C","A","20240101","2024","52","2024","251","FRA","France","X","Export","0","W00","World","0","W00","World","H6","HS","true","090240","Tea, black; (fermented) and partly fermented tea, in immediate packings of a content exceeding 3kg","6","true","C00","TOTAL CPC","0","2100","Sea","8","kg","34150.425","true","-1","N/A","0","false","34150.425","true","0","false",,"1042557.518","1042557.518","6","false","true",
"C","A","20240101","2024","52","2024","268","GEO","Georgia","X","Export","0","W00","World","0","W00","World","H6","HS","true","090240","Tea, black; (fermented) and partly fermented tea, in immediate packings of a content exceeding 3kg","6","true","C00","TOTAL CPC","0","2100","Sea","8","kg","2029.16","false","8","kg","2029.16","false","2029.16","false","0","false",,"44427.175","44427.175","0","false","true",
"C","A","20240101","2024","52","2024","218","ECU","Ecuador","X","Export","0","W00","World","0","W00","World","H6","HS","true","090240","Tea, black; (fermented) and partly fermented tea, in immediate packings of a content exceeding 3kg","6","true","C00","TOTAL CPC","0","3200","Road","8","kg","4000","false","8","kg","4000","false","4000","false","0","false",,"10300","10300","0","false","true",
"C","A","20240101","2024","52","2024","233","EST","Estonia","X","Export","0","W00","World","0","W00","World","H6","HS","true","090240","Tea, black; (fermented) and partly fermented tea, in immediate packings of a content exceeding 3kg","6","true","C00","TOTAL CPC","0","3200","Road","8","kg","6340.88","false","8","kg","6340.88","false","6340.88","false","0","false",,"24750.21","24750.21","0","false","true",
"C","A","20240101","2024","52","2024","251","FRA","France","X","Export","0","W00","World","0","W00","World","H6","HS","true","090240","Tea, black; (fermented) and partly fermented tea, in immediate packings of a content exceeding 3kg","6","true","C00","TOTAL CPC","0","3200","Road","8","kg","92318.484","true","-1","N/A","0","false","92318.484","true","0","false",,"1737043.128","1737043.128","6","false","true",
"C","A","20240101","2024","52","2024","268","GEO","Georgia","X","Export","0","W00","World","0","W00","World","H6","HS","true","090240","Tea, black; (fermented) and partly fermented tea, in immediate packings of a content exceeding 3kg","6","true","C00","TOTAL CPC","0","3200","Road","8","kg","378069.06","false","8","kg","378069.06","false","378069.06","false","0","false",,"1242729.038","1242729.038","0","false","true",
"C","A","20240101","2024","52","2024","233","EST","Estonia","X","Export","0","W00","World","0","W00","World","H6","HS","true","090240","Tea, black; (fermented) and partly fermented tea, in immediate packings of a content exceeding 3kg","6","true","C00","TOTAL CPC","0","9000","Pipelines, cables, postal and others","8","kg","9.284","false","8","kg","9.284","false","9.284","false","0","false",,"224.7","224.7","0","false","true",
"C","A","20240101","2024","52","2024","251","FRA","France","X","Export","0","W00","World","0","W00","World","H6","HS","true","090240","Tea, black; (fermented) and partly fermented tea, in immediate packings of a content exceeding 3kg","6","true","C00","TOTAL CPC","0","9000","Pipelines, cables, postal and others","8","kg","560.965","true","-1","N/A","0","false","560.965","true","0","false",,"33132.748","33132.748","6","false","true",
"C","A","20240101","2024","52","2024","251","FRA","France","X","Export","0","W00","World","0","W00","World","H6","HS","true","090240","Tea, black; (fermented) and partly fermented tea, in immediate packings of a content exceeding 3kg","6","true","C00","TOTAL CPC","0","9200","Postal consignments, mail or courier shipment","8","kg","8611","false","8","kg","8611","false","8611","false","0","false",,"219980.84","219980.84","0","false","true",
"C","A","20240101","2024","52","2024","276","DEU","Germany","X","Export","0","W00","World","0","W00","World","H6","HS","true","0902","Tea","4","false","C00","TOTAL CPC","0","0","TOTAL MOT","8","kg","22615311.881","true","-1","N/A","0","false","22615311.881","true","0","false",,"254893884.666","254893884.666","6","false","true",
"C","A","20240101","2024","52","2024","300","GRC","Greece","X","Export","0","W00","World","0","W00","World","H6","HS","true","0902","Tea","4","false","C00","TOTAL CPC","0","0","TOTAL MOT","8","kg","186156","false","8","kg","186156","false","186156","false","0","false",,"1417393.448","1417393.448","0","false","true",
"C","A","20240101","2024","52","2024","308","GRD","Grenada","X","Export","0","W00","World","0","W00","World","H4","HS","true","0902","Tea","4","false","C00","TOTAL CPC","0","0","TOTAL MOT","8","kg","1065.809","true","-1","N/A","0","false","1065.809","true","0","false",,"7969.393","7969.393","6","false","true",
"C","A","20240101","2024","52","2024","320","GTM","Guatemala","X","Export","0","W00","World","0","W00","World","H6","HS","true","0902","Tea","4","false","C00","TOTAL CPC","0","0","TOTAL MOT","8","kg","2103","false","8","kg","2103","false","2103","false","0","false",,"9626","9626","0","false","true",
"C","A","20240101","2024","52","2024","328","GUY","Guyana","X","Export","0","W00","World","0","W00","World","H5","HS","true","0902","Tea","4","false","C00","TOTAL CPC","0","0","TOTAL MOT","8","kg","844.6","false","5","u","1519","false","844.6","false","0","false",,"647.06","647.06","0","false","true",
"C","A","20240101","2024","52","2024","340","HND","Honduras","X","Export","0","W00","World","0","W00","World","H6","HS","true","0902","Tea","4","false","C00","TOTAL CPC","0","0","TOTAL MOT","8","kg","0.05","false","8","kg","0.05","false","0.05","false","0","false",,"1","1","0","false","true",
"C","A","20240101","2024","52","2024","344","HKG","China, Hong Kong SAR","X","Export","0","W00","World","0","W00","World","H6","HS","true","0902","Tea","4","false","C00","TOTAL CPC","0","0","TOTAL MOT","8","kg","1315197","false","8","kg","1315197","false","1315197","false","0","false",,"15802991.358","15802991.358","0","false","true",
"C","A","20240101","2024","52","2024","276","DEU","Germany","X","Export","0","W00","World","0","W00","World","H6","HS","true","0902","Tea","4","false","C00","TOTAL CPC","0","1000","Air","8","kg","260878.304","true","-1","N/A","0","false","260878.304","true","0","false",,"3559603.082","3559603.082","6","false","true",
"C","A","20240101","2024","52","2024","300","GRC","Greece","X","Export","0","W00","World","0","W00","World","H6","HS","true","0902","Tea","4","false","C00","TOTAL CPC","0","1000","Air","8","kg","1548","false","8","kg","1548","false","1548","false","0","false",,"69092.674","69092.674","0","false","true",
"C","A","20240101","2024","52","2024","328","GUY","Guyana","X","Export","0","W00","World","0","W00","World","H5","HS","true","0902","Tea","4","false","C00","TOTAL CPC","0","1000","Air","8","kg","13.8","false","5","u","1295","false","13.8","false","0","false",,"115.17","115.17","0","false","true",
"C","A","20240101","2024","52","2024","276","DEU","Germany","X","Export","0","W00","World","0","W00","World","H6","HS","true","0902","Tea","4","false","C00","TOTAL CPC","0","2100","Sea","8","kg","5575960.912","true","-1","N/A","0","false","5575960.912","true","0","false",,"53619201.041","53619201.041","6","false","true",
"C","A","20240101","2024","52","2024","300","GRC","Greece","X","Export","0","W00","World","0","W00","World","H6","HS","true","0902","Tea","4","false","C00","TOTAL CPC","0","2100","Sea","8","kg","48323","false","8","kg","48323","false","48323","false","0","false",,"770032.519","770032.519","0","false","true",
"C","A","20240101","2024","52","2024","308","GRD","Grenada","X","Export","0","W00","World","0","W00","World","H4","HS","true","0902","Tea","4","false","C00","TOTAL CPC","0","2100","Sea","8","kg","1065.809","true","-1","N/A","0","false","1065.809","true","0","false",,"7969.393","7969.393","6","false","true",
"C","A","20240101","2024","52","2024","276","DEU","Germany","X","Export","0","W00","World","0","W00","World","H6","HS","true","0902","Tea","4","false","C00","TOTAL CPC","0","3100","Railway","8","kg","17529.211","true","-1","N/A","0","false","17529.211","true","0","false",,"444290.617","444290.617","6","false","true",
"C","A","20240101","2024","52","2024","300","GRC","Greece","X","Export","0","W00","World","0","W00","World","H6","HS","true","0902","Tea","4","false","C00","TOTAL CPC","0","3100","Railway","8","kg","2","false","8","kg","2","false","2","false","0","false",,"41.13","41.13","0","false","true",
"C","A","20240101","2024","52","2024","276","DEU","Germany","X","Export","0","W00","World","0","W00","World","H6","HS","true","0902","Tea","4","false","C00","TOTAL CPC","0","3200","Road","8","kg","16739759.198","true","-1","N/A","0","false","16739759.198","true","0","false",,"196637456.371","196637456.371","6","false","true",
"C","A","20240101","2024","52","2024","300","GRC","Greece","X","Export","0","W00","World","0","W00","World","H6","HS","true","0902","Tea","4","false","C00","TOTAL CPC","0","3200","Road","8","kg","135881","false","8","kg","135881","false","135881","false","0","false",,"563722.144","563722.144","0","false","true",
"C","A","20240101","2024","52","2024","276","DEU","Germany","X","Export","0","W00","World","0","W00","World","H6","HS","true","0902","Tea","4","false","C00","TOTAL CPC","0","9200","Postal consignments, mail or courier shipment","8","kg","21184.257","true","-1","N/A","0","false","21184.257","true","0","false",,"633333.554","633333.554","6","false","true",
"C","A","20240101","2024","52","2024","300","GRC","Greece","X","Export","0","W00","World","0","W00","World","H6","HS","true","0902","Tea","4","false","C00","TOTAL CPC","0","9200","Postal consignments, mail or courier shipment","8","kg","402","false","8","kg","402","false","402","false","0","false",,"14504.981","14504.981","0","false","true",
"C","A","20240101","2024","52","2024","328","GUY","Guyana","X","Export","0","W00","World","0","W00","World","H5","HS","true","0902","Tea","4","false","C00","TOTAL CPC","0","9900","Other","8","kg","830.8","false","5","u","224","false","830.8","false","0","false",,"531.889","531.889","0","false","true",
"C","A","20240101","2024","52","2024","276","DEU","Germany","X","Export","0","W00","World","0","W00","World","H6","HS","true","090210","Tea, green; (not fermented), in immediate packings of a content not exceeding 3kg","6","true","C00","TOTAL CPC","0","0","TOTAL MOT","8","kg","2466875.147","true","-1","N/A","0","false","2466875.147","true","0","false",,"60259992.539","60259992.539","6","false","true",
"C","A","20240101","2024","52","2024","300","GRC","Greece","X","Export","0","W00","World","0","W00","World","H6","HS","true","090210","Tea, green; (not fermented), in immediate packings of a content not exceeding 3kg","6","true","C00","TOTAL CPC","0","0","TOTAL MOT","8","kg","24094","false","8","kg","24094","false","24094","false","0","false",,"409001.269","409001.269","0","false","true",
"C","A","20240101","2024","52","2024","308","GRD","Grenada","X","Export","0","W00","World","0","W00","World","H4","HS","true","090210","Tea, green; (not fermented), in immediate packings of a content not exceeding 3kg","6","true","C00","TOTAL CPC","0","0","TOTAL MOT","8","kg","157.853","true","-1","N/A","0","false","157.853","true","0","false",,"3870.37","3870.37","6","false","true",
"C","A","20240101","2024","52","2024","320","GTM","Guatemala","X","Export","0","W00","World","0","W00","World","H6","HS","true","090210","Tea, green; (not fermented), in immediate packings of a content not exceeding 3kg","6","true","C00","TOTAL CPC","0","0","TOTAL MOT","8","kg","1159","false","8","kg","1159","false","1159","false","0","false",,"4003","4003","0","false","true",
"C","A","20240101","2024","52","2024","328","GUY","Guyana","X","Export","0","W00","World","0","W00","World","H5","HS","true","090210","Tea, green; (not fermented), in immediate packings of a content not exceeding 3kg","6","true","C00","TOTAL CPC","0","0","TOTAL MOT","8","kg","6.6","false","5","u","1299","false","6.6","false","0","false",,"104.556","104.556","0","false","true",
"C","A","20240101","2024","52","2024","340","HND","Honduras","X","Export","0","W00","World","0","W00","World","H6","HS","true","090210","Tea, green; (not fermented), in immediate packings of a content not exceeding 3kg","6","true","C00","TOTAL CPC","0","0","TOTAL MOT","8","kg","0.05","false","8","kg","0.05","false","0.05","false","0","false",,"1","1","0","false","true",
"C","A","20240101","2024","52","2024","344","HKG","China, Hong Kong SAR","X","Export","0","W00","World","0","W00","World","H6","HS","true","090210","Tea, green; (not fermented), in immediate packings of a content not exceeding 3kg","6","true","C00","TOTAL CPC","0","0","TOTAL MOT","8","kg","212122","false","8","kg","212122","false","212122","false","0","false",,"3582917.944","3582917.944","0","false","true",
"C","A","20240101","2024","52","2024","276","DEU","Germany","X","Export","0","W00","World","0","W00","World","H6","HS","true","090210","Tea, green; (not fermented), in immediate packings of a content not exceeding 3kg","6","true","C00","TOTAL CPC","0","1000","Air","8","kg","23270.649","true","-1","N/A","0","false","23270.649","true","0","false",,"843251.209","843251.209","6","false","true",
"C","A","20240101","2024","52","2024","300","GRC","Greece","X","Export","0","W00","World","0","W00","World","H6","HS","true","090210","Tea, green; (not fermented), in immediate packings of a content not exceeding 3kg","6","true","C00","TOTAL CPC","0","1000","Air","8","kg","466","false","8","kg","466","false","466","false","0","false",,"24901.245","24901.245","0","false","true",
"C","A","20240101","2024","52","2024","328","GUY","Guyana","X","Export","0","W00","World","0","W00","World","H5","HS","true","090210","Tea, green; (not fermented), in immediate packings of a content not exceeding 3kg","6","true","C00","TOTAL CPC","0","1000","Air","8","kg","3.8","false","5","u","1294","false","3.8","false","0","false",,"90.168","90.168","0","false","true",
"C","A","20240101","2024","52","2024","276","DEU","Germany","X","Export","0","W00","World","0","W00","World","H6","HS","true","090210","Tea, green; (not fermented), in immediate packings of a content not exceeding 3kg","6","true","C00","TOTAL CPC","0","2100","Sea","8","kg","285044.378","true","-1","N/A","0","false","285044.378","true","0","false",,"6515195.297","6515195.297","6","false","true",
"C","A","20240101","2024","52","2024","300","GRC","Greece","X","Export","0","W00","World","0","W00","World","H6","HS","true","090210","Tea, green; (not fermented), in immediate packings of a content not exceeding 3kg","6","true","C00","TOTAL CPC","0","2100","Sea","8","kg","12388","false","8","kg","12388","false","12388","false","0","false",,"236270.666","236270.666","0","false","true",
"C","A","20240101","2024","52","2024","308","GRD","Grenada","X","Export","0","W00","World","0","W00","World","H4","HS","true","090210","Tea, green; (not fermented), in immediate packings of a content not exceeding 3kg","6","true","C00","TOTAL CPC","0","2100","Sea","8","kg","157.853","true","-1","N/A","0","false","157.853","true","0","false",,"3870.37","3870.37","6","false","true",
"C","A","20240101","2024","52","2024","276","DEU","Germany","X","Export","0","W00","World","0","W00","World","H6","HS","true","090210","Tea, green; (not fermented), in immediate packings of a content not exceeding 3kg","6","true","C00","TOTAL CPC","0","3100","Railway","8","kg","1263.188","true","-1","N/A","0","false","1263.188","true","0","false",,"50591.405","50591.405","6","false","true",
"C","A","20240101","2024","52","2024","300","GRC","Greece","X","Export","0","W00","World","0","W00","World","H6","HS","true","090210","Tea, green; (not fermented), in immediate packings of a content not exceeding 3kg","6","true","C00","TOTAL CPC","0","3100","Railway","8","kg","2","false","8","kg","2","false","2","false","0","false",,"41.13","41.13","0","false","true",
"C","A","20240101","2024","52","2024","276","DEU","Germany","X","Export","0","W00","World","0","W00","World","H6","HS","true","090210","Tea, green; (not fermented), in immediate packings of a content not exceeding 3kg","6","true","C00","TOTAL CPC","0","3200","Road","8","kg","2148503","false","8","kg","2148503","false","2148503","false","0","false",,"52541178.677","52541178.677","0","false","true",
"C","A","20240101","2024","52","2024","300","GRC","Greece","X","Export","0","W00","World","0","W00","World","H6","HS","true","090210","Tea, green; (not fermented), in immediate packings of a content not exceeding 3kg","6","true","C00","TOTAL CPC","0","3200","Road","8","kg","10977","false","8","kg","10977","false","10977","false","0","false",,"138018.662","138018.662","0","false","true",
"C","A","20240101","2024","52","2024","276","DEU","Germany","X","Export","0","W00","World","0","W00","World","H6","HS","true","090210","Tea, green; (not fermented), in immediate packings of a content not exceeding 3kg","6","true","C00","TOTAL CPC","0","9200","Postal consignments, mail or courier shipment","8","kg","8793.932","true","-1","N/A","0","false","8793.932","true","0","false",,"309775.951","309775.951","6","false","true",
"C","A","20240101","2024","52","2024","300","GRC","Greece","X","Export","0","W00","World","0","W00","World","H6","HS","true","090210","Tea, green; (not fermented), in immediate packings of a content not exceeding 3kg","6","true","C00","TOTAL CPC","0","9200","Postal consignments, mail or courier shipment","8","kg","261","false","8","kg","261","false","261","false","0","false",,"9769.566","9769.566","0","false","true",
"C","A","20240101","2024","52","2024","328","GUY","Guyana","X","Export","0","W00","World","0","W00","World","H5","HS","true","090210","Tea, green; (not fermented), in immediate packings of a content not exceeding 3kg","6","true","C00","TOTAL CPC","0","9900","Other","8","kg","2.8","false","5","u","5","false","2.8","false","0","false",,"14.388","14.388","0","false","true",
"C","A","20240101","2024","52","2024","276","DEU","Germany","X","Export","0","W00","World","0","W00","World","H6","HS","true","090220","Tea, green; (not fermented), in immediate packings of a content exceeding 3kg","6","true","C00","TOTAL CPC","0","0","TOTAL MOT","8","kg","3786035.292","true","-1","N/A","0","false","3786035.292","true","0","false",,"37470180.41","37470180.41","6","false","true",
"C","A","20240101","2024","52","2024","300","GRC","Greece","X","Export","0","W00","World","0","W00","World","H6","HS","true","090220","Tea, green; (not fermented), in immediate packings of a content exceeding 3kg","6","true","C00","TOTAL CPC","0","0","TOTAL MOT","8","kg","134871","false","8","kg","134871","false","134871","false","0","false",,"495326.523","495326.523","0","false","true",
"C","A","20240101","2024","52","2024","320","GTM","Guatemala","X","Export","0","W00","World","0","W00","World","H6","HS","true","090220","Tea, green; (not fermented), in immediate packings of a content exceeding 3kg","6","true","C00","TOTAL CPC","0","0","TOTAL MOT","8","kg","79","false","8","kg","79","false","79","false","0","false",,"3068","3068","0","false","true",
"C","A","20240101","2024","52","2024","328","GUY","Guyana","X","Export","0","W00","World","0","W00","World","H5","HS","true","090220","Tea, green; (not fermented), in immediate packings of a content exceeding 3kg","6","true","C00","TOTAL CPC","0","0","TOTAL MOT","8","kg","400","false","5","u","200","false","400","false","0","false",,"487.501","487.501","0","false","true",
"C","A","20240101","2024","52","2024","344","HKG","China, Hong Kong SAR","X","Export","0","W00","World","0","W00","World","H6","HS","true","090220","Tea, green; (not fermented), in immediate packings of a content exceeding 3kg","6","true","C00","TOTAL CPC","0","0","TOTAL MOT","8","kg","179049","false","8","kg","179049","false","179049","false","0","false",,"1593720.194","1593720.194","0","false","true",
"C","A","20240101","2024","52","2024","276","DEU","Germany","X","Export","0","W00","World","0","W00","World","H6","HS","true","090220","Tea, green; (not fermented), in immediate packings of a content exceeding 3kg","6","true","C00","TOTAL CPC","0","1000","Air","8","kg","100102.622","true","-1","N/A","0","false","100102.622","true","0","false",,"350831.694","350831.694","6","false","true",
"C","A","20240101","2024","52","2024","300","GRC","Greece","X","Export","0","W00","World","0","W00","World","H6","HS","true","090220","Tea, green; (not fermented), in immediate packings of a content exceeding 3kg","6","true","C00","TOTAL CPC","0","1000","Air","8","kg","65","false","8","kg","65","false","65","false","0","false",,"2784.965","2784.965","0","false","true",
"C","A","20240101","2024","52","2024","276","DEU","Germany","X","Export","0","W00","World","0","W00","World","H6","HS","true","090220","Tea, green; (not fermented), in immediate packings of a content exceeding 3kg","6","true","C00","TOTAL CPC","0","2100","Sea","8","kg","532571.705","true","-1","N/A","0","false","532571.705","true","0","false",,"5919158.757","5919158.757","6","false","true",
"C","A","20240101","2024","52","2024","300","GRC","Greece","X","Export","0","W00","World","0","W00","World","H6","HS","true","090220","Tea, green; (not fermented), in immediate packings of a content exceeding 3kg","6","true","C00","TOTAL CPC","0","2100","Sea","8","kg","14307","false","8","kg","14307","false","14307","false","0","false",,"132671.703","132671.703","0","false","true",
"C","A","20240101","2024","52","2024","276","DEU","Germany","X","Export","0","W00","World","0","W00","World","H6","HS","true","090220","Tea, green; (not fermented), in immediate packings of a content exceeding 3kg","6","true","C00","TOTAL CPC","0","3100","Railway","8","kg","4422","false","8","kg","4422","false","4422","false","0","false",,"94321.324","94321.324","0","false","true",
"C","A","20240101","2024","52","2024","276","DEU","Germany","X","Export","0","W00","World","0","W00","World","H6","HS","true","090220","Tea, green; (not fermented), in immediate packings of a content exceeding 3kg","6","true","C00","TOTAL CPC","0","3200","Road","8","kg","3143764.271","true","-1","N/A","0","false","3143764.271","true","0","false",,"31012854.011","31012854.011","6","false","true",
"C","A","20240101","2024","52","2024","300","GRC","Greece","X","Export","0","W00","World","0","W00","World","H6","HS","true","090220","Tea, green; (not fermented), in immediate packings of a content exceeding 3kg","6","true","C00","TOTAL CPC","0","3200","Road","8","kg","120468","false","8","kg","120468","false","120468","false","0","false",,"357492.948","357492.948","0","false","true",
"C","A","20240101","2024","52","2024","276","DEU","Germany","X","Export","0","W00","World","0","W00","World","H6","HS","true","090220","Tea, green; (not fermented), in immediate packings of a content exceeding 3kg","6","true","C00","TOTAL CPC","0","9200","Postal consignments, mail or courier shipment","8","kg","5174.694","true","-1","N/A","0","false","5174.694","true","0","false",,"93014.624","93014.624","6","false","true",
"C","A","20240101","2024","52","2024","300","GRC","Greece","X","Export","0","W00","World","0","W00","World","H6","HS","true","090220","Tea, green; (not fermented), in immediate packings of a content exceeding 3kg","6","true","C00","TOTAL CPC","0","9200","Postal consignments, mail or courier shipment","8","kg","31","false","8","kg","31","false","31","false","0","false",,"2376.907","2376.907","0","false","true",
"C","A","20240101","2024","52","2024","328","GUY","Guyana","X","Export","0","W00","World","0","W00","World","H5","HS","true","090220","Tea, green; (not fermented), in immediate packings of a content exceeding 3kg","6","true","C00","TOTAL CPC","0","9900","Other","8","kg","400","false","5","u","200","false","400","false","0","false",,"487.501","487.501","0","false","true",
"C","A","20240101","2024","52","2024","276","DEU","Germany","X","Export","0","W00","World","0","W00","World","H6","HS","true","090230","Tea, black; (fermented) and partly fermented tea, in immediate packings of a content not exceeding 3kg","6","true","C00","TOTAL CPC","0","0","TOTAL MOT","8","kg","7337447.084","true","-1","N/A","0","false","7337447.084","true","0","false",,"91915069.228","91915069.228","6","false","true",
"C","A","20240101","2024","52","2024","300","GRC","Greece","X","Export","0","W00","World","0","W00","World","H6","HS","true","090230","Tea, black; (fermented) and partly fermented tea, in immediate packings of a content not exceeding 3kg","6","true","C00","TOTAL CPC","0","0","TOTAL MOT","8","kg","22162","false","8","kg","22162","false","22162","false","0","false",,"490502.353","490502.353","0","false","true",
"C","A","20240101","2024","52","2024","320","GTM","Guatemala","X","Export","0","W00","World","0","W00","World","H6","HS","true","090230","Tea, black; (fermented) and partly fermented tea, in immediate packings of a content not exceeding 3kg","6","true","C00","TOTAL CPC","0","0","TOTAL MOT","8","kg","116","false","8","kg","116","false","116","false","0","false",,"1932","1932","0","false","true",
"C","A","20240101","2024","52","2024","328","GUY","Guyana","X","Export","0","W00","World","0","W00","World","H5","HS","true","090230","Tea, black; (fermented) and partly fermented tea, in immediate packings of a content not exceeding 3kg","6","true","C00","TOTAL CPC","0","0","TOTAL MOT","8","kg","428","false","5","u","19","false","428","false","0","false",,"30","30","0","false","true",
"C","A","20240101","2024","52","2024","344","HKG","China, Hong Kong SAR","X","Export","0","W00","World","0","W00","World","H6","HS","true","090230","Tea, black; (fermented) and partly fermented tea, in immediate packings of a content not exceeding 3kg","6","true","C00","TOTAL CPC","0","0","TOTAL MOT","8","kg","520971","false","8","kg","520971","false","520971","false","0","false",,"6331627.673","6331627.673","0","false","true",
"C","A","20240101","2024","52","2024","276","DEU","Germany","X","Export","0","W00","World","0","W00","World","H6","HS","true","090230","Tea, black; (fermented) and partly fermented tea, in immediate packings of a content not exceeding 3kg","6","true","C00","TOTAL CPC","0","1000","Air","8","kg","72987.259","true","-1","N/A","0","false","72987.259","true","0","false",,"1684583.76","1684583.76","6","false","true",
"C","A","20240101","2024","52","2024","300","GRC","Greece","X","Export","0","W00","World","0","W00","World","H6","HS","true","090230","Tea, black; (fermented) and partly fermented tea, in immediate packings of a content not exceeding 3kg","6","true","C00","TOTAL CPC","0","1000","Air","8","kg","994","false","8","kg","994","false","994","false","0","false",,"41120.716","41120.716","0","false","true",
"C","A","20240101","2024","52","2024","276","DEU","Germany","X","Export","0","W00","World","0","W00","World","H6","HS","true","090230","Tea, black; (fermented) and partly fermented tea, in immediate packings of a content not exceeding 3kg","6","true","C00","TOTAL CPC","0","2100","Sea","8","kg","1507920.871","true","-1","N/A","0","false","1507920.871","true","0","false",,"20865656.9","20865656.9","6","false","true",
"C","A","20240101","2024","52","2024","300","GRC","Greece","X","Export","0","W00","World","0","W00","World","H6","HS","true","090230","Tea, black; (fermented) and partly fermented tea, in immediate packings of a content not exceeding 3kg","6","true","C00","TOTAL CPC","0","2100","Sea","8","kg","18423","false","8","kg","18423","false","18423","false","0","false",,"390487.151","390487.151","0","false","true",
"C","A","20240101","2024","52","2024","276","DEU","Germany","X","Export","0","W00","World","0","W00","World","H6","HS","true","090230","Tea, black; (fermented) and partly fermented tea, in immediate packings of a content not exceeding 3kg","6","true","C00","TOTAL CPC","0","3100","Railway","8","kg","11199.023","true","-1","N/A","0","false","11199.023","true","0","false",,"283825.327","283825.327","6","false","true",
"C","A","20240101","2024","52","2024","276","DEU","Germany","X","Export","0","W00","World","0","W00","World","H6","HS","true","090230","Tea, black; (fermented) and partly fermented tea, in immediate packings of a content not exceeding 3kg","6","true","C00","TOTAL CPC","0","3200","Road","8","kg","5739007","false","8","kg","5739007","false","5739007","false","0","false",,"68871695.45","68871695.45","0","false","true",
"C","A","20240101","2024","52","2024","300","GRC","Greece","X","Export","0","W00","World","0","W00","World","H6","HS","true","090230","Tea, black; (fermented) and partly fermented tea, in immediate packings of a content not exceeding 3kg","6","true","C00","TOTAL CPC","0","3200","Road","8","kg","2635","false","8","kg","2635","false","2635","false","0","false",,"56535.979","56535.979","0","false","true",
"C","A","20240101","2024","52","2024","276","DEU","Germany","X","Export","0","W00","World","0","W00","World","H6","HS","true","090230","Tea, black; (fermented) and partly fermented tea, in immediate packings of a content not exceeding 3kg","6","true","C00","TOTAL CPC","0","9200","Postal consignments, mail or courier shipment","8","kg","6332.932","true","-1","N/A","0","false","6332.932","true","0","false",,"209307.792","209307.792","6","false","true",
"C","A","20240101","2024","52","2024","300","GRC","Greece","X","Export","0","W00","World","0","W00","World","H6","HS","true","090230","Tea, black; (fermented) and partly fermented tea, in immediate packings of a content not exceeding 3kg","6","true","C00","TOTAL CPC","0","9200","Postal consignments, mail or courier shipment","8","kg","110","false","8","kg","110","false","110","false","0","false",,"2358.507","2358.507","0","false","true",
"C","A","20240101","2024","52","2024","328","GUY","Guyana","X","Export","0","W00","World","0","W00","World","H5","HS","true","090230","Tea, black; (fermented) and partly fermented tea, in immediate packings of a content not exceeding 3kg","6","true","C00","TOTAL CPC","0","9900","Other","8","kg","428","false","5","u","19","false","428","false","0","false",,"30","30","0","false","true",
"C","A","20240101","2024","52","2024","276","DEU","Germany","X","Export","0","W00","World","0","W00","World","H6","HS","true","090240","Tea, black; (fermented) and partly fermented tea, in immediate packings of a content exceeding 3kg","6","true","C00","TOTAL CPC","0","0","TOTAL MOT","8","kg","9024954.358","true","-1","N/A","0","false","9024954.358","true","0","false",,"65248642.488","65248642.488","6","false","true",
"C","A","20240101","2024","52","2024","300","GRC","Greece","X","Export","0","W00","World","0","W00","World","H6","HS","true","090240","Tea, black; (fermented) and partly fermented tea, in immediate packings of a content exceeding 3kg","6","true","C00","TOTAL CPC","0","0","TOTAL MOT","8","kg","5029","false","8","kg","5029","false","5029","false","0","false",,"22563.303","22563.303","0","false","true",
"C","A","20240101","2024","52","2024","308","GRD","Grenada","X","Export","0","W00","World","0","W00","World","H4","HS","true","090240","Tea, black; (fermented) and partly fermented tea, in immediate packings of a content exceeding 3kg","6","true","C00","TOTAL CPC","0","0","TOTAL MOT","8","kg","907.956","true","-1","N/A","0","false","907.956","true","0","false",,"4099.022","4099.022","6","false","true",
"C","A","20240101","2024","52","2024","320","GTM","Guatemala","X","Export","0","W00","World","0","W00","World","H6","HS","true","090240","Tea, black; (fermented) and partly fermented tea, in immediate packings of a content exceeding 3kg","6","true","C00","TOTAL CPC","0","0","TOTAL MOT","8","kg","749","false","8","kg","749","false","749","false","0","false",,"623","623","0","false","true",
"C","A","20240101","2024","52","2024","328","GUY","Guyana","X","Export","0","W00","World","0","W00","World","H5","HS","true","090240","Tea, black; (fermented) and partly fermented tea, in immediate packings of a content exceeding 3kg","6","true","C00","TOTAL CPC","0","0","TOTAL MOT","8","kg","10","false","5","u","1","false","10","false","0","false",,"25.002","25.002","0","false","true",
"C","A","20240101","2024","52","2024","344","HKG","China, Hong Kong SAR","X","Export","0","W00","World","0","W00","World","H6","HS","true","090240","Tea, black; (fermented) and partly fermented tea, in immediate packings of a content exceeding 3kg","6","true","C00","TOTAL CPC","0","0","TOTAL MOT","8","kg","403055","false","8","kg","403055","false","403055","false","0","false",,"4294725.547","4294725.547","0","false","true",
"C","A","20240101","2024","52","2024","276","DEU","Germany","X","Export","0","W00","World","0","W00","World","H6","HS","true","090240","Tea, black; (fermented) and partly fermented tea, in immediate packings of a content exceeding 3kg","6","true","C00","TOTAL CPC","0","1000","Air","8","kg","64517.774","true","-1","N/A","0","false","64517.774","true","0","false",,"680936.42","680936.42","6","false","true",
"C","A","20240101","2024","52","2024","300","GRC","Greece","X","Export","0","W00","World","0","W00","World","H6","HS","true","090240","Tea, black; (fermented) and partly fermented tea, in immediate packings of a content exceeding 3kg","6","true","C00","TOTAL CPC","0","1000","Air","8","kg","23","false","8","kg","23","false","23","false","0","false",,"285.748","285.748","0","false","true",
"C","A","20240101","2024","52","2024","328","GUY","Guyana","X","Export","0","W00","World","0","W00","World","H5","HS","true","090240","Tea, black; (fermented) and partly fermented tea, in immediate packings of a content exceeding 3kg","6","true","C00","TOTAL CPC","0","1000","Air","8","kg","10","false","5","u","1","false","10","false","0","false",,"25.002","25.002","0","false","true",
"C","A","20240101","2024","52","2024","276","DEU","Germany","X","Export","0","W00","World","0","W00","World","H6","HS","true","090240","Tea, black; (fermented) and partly fermented tea, in immediate packings of a content exceeding 3kg","6","true","C00","TOTAL CPC","0","2100","Sea","8","kg","3250423.957","true","-1","N/A","0","false","3250423.957","true","0","false",,"20319190.087","20319190.087","6","false","true",
"C","A","20240101","2024","52","2024","300","GRC","Greece","X","Export","0","W00","World","0","W00","World","H6","HS","true","090240","Tea, black; (fermented) and partly fermented tea, in immediate packings of a content exceeding 3kg","6","true","C00","TOTAL CPC","0","2100","Sea","8","kg","3205","false","8","kg","3205","false","3205","false","0","false",,"10602.999","10602.999","0","false","true",
"C","A","20240101","2024","52","2024","308","GRD","Grenada","X","Export","0","W00","World","0","W00","World","H4","HS","true","090240","Tea, black; (fermented) and partly fermented tea, in immediate packings of a content exceeding 3kg","6","true","C00","TOTAL CPC","0","2100","Sea","8","kg","907.956","true","-1","N/A","0","false","907.956","true","0","false",,"4099.022","4099.022","6","false","true",
"C","A","20240101","2024","52","2024","276","DEU","Germany","X","Export","0","W00","World","0","W00","World","H6","HS","true","090240","Tea, black; (fermented) and partly fermented tea, in immediate packings of a content exceeding 3kg","6","true","C00","TOTAL CPC","0","3100","Railway","8","kg","645","false","8","kg","645","false","645","false","0","false",,"15552.561","15552.561","0","false","true",
"C","A","20240101","2024","52","2024","276","DEU","Germany","X","Export","0","W00","World","0","W00","World","H6","HS","true","090240","Tea, black; (fermented) and partly fermented tea, in immediate packings of a content exceeding 3kg","6","true","C00","TOTAL CPC","0","3200","Road","8","kg","5708484.928","true","-1","N/A","0","false","5708484.928","true","0","false",,"44211728.233","44211728.233","6","false","true",
"C","A","20240101","2024","52","2024","300","GRC","Greece","X","Export","0","W00","World","0","W00","World","H6","HS","true","090240","Tea, black; (fermented) and partly fermented tea, in immediate packings of a content exceeding 3kg","6","true","C00","TOTAL CPC","0","3200","Road","8","kg","1801","false","8","kg","1801","false","1801","false","0","false",,"11674.556","11674.556","0","false","true",
"C","A","20240101","2024","52","2024","276","DEU","Germany","X","Export","0","W00","World","0","W00","World","H6","HS","true","090240","Tea, black; (fermented) and partly fermented tea, in immediate packings of a content exceeding 3kg","6","true","C00","TOTAL CPC","0","9200","Postal consignments, mail or courier shipment","8","kg","882.699","true","-1","N/A","0","false","882.699","true","0","false",,"21235.187","21235.187","6","false","true",
"C","A","20240101","2024","52","2024","348","HUN","Hungary","X","Export","0","W00","World","0","W00","World","H6","HS","true","0902","Tea","4","false","C00","TOTAL CPC","0","0","TOTAL MOT","8","kg","53281.235","true","-1","N/A","0","false","53281.235","true","0","false",,"1364420.83","1364420.83","6","false","true",
"C","A","20240101","2024","52","2024","352","ISL","Iceland","X","Export","0","W00","World","0","W00","World","H6","HS","true","0902","Tea","4","false","C00","TOTAL CPC","0","0","TOTAL MOT","8","kg","155.916","true","-1","N/A","0","false","155.916","true","0","false",,"13532.461","13532.461","6","false","true",
"C","A","20240101","2024","52","2024","360","IDN","Indonesia","X","Export","0","W00","World","0","W00","World","H6","HS","true","0902","Tea","4","false","C00","TOTAL CPC","0","0","TOTAL MOT","8","kg","34024016.394","false","8","kg","34024016.394","false","34024016.394","false","0","false",,"52856553.54","52856553.54","0","false","true",
"C","A","20240101","2024","52","2024","372","IRL","Ireland","X","Export","0","W00","World","0","W00","World","H6","HS","true","0902","Tea","4","false","C00","TOTAL CPC","0","0","TOTAL MOT","8","kg","1297562.855","true","-1","N/A","0","false","1297562.855","true","0","false",,"10690512.693","10690512.693","6","false","true",
"C","A","20240101","2024","52","2024","376","ISR","Israel","X","Export","0","W00","World","0","W00","World","H6","HS","true","0902","Tea","4","false","C00","TOTAL CPC","0","0","TOTAL MOT","8","kg","233831.254","true","-1","N/A","0","false","233831.254","true","0","false",,"2921000","2921000","6","false","true",
"C","A","20240101","2024","52","2024","380","ITA","Italy","X","Export","0","W00","World","0","W00","World","H6","HS","true","0902","Tea","4","false","C00","TOTAL CPC","0","0","TOTAL MOT","8","kg","1056553","false","8","kg","1056553","false","1056553","false","0","false",,"8723182.213","8723182.213","0","false","true",
"C","A","20240101","2024","52","2024","384","CIV","Côte d'Ivoire","X","Export","0","W00","World","0","W00","World","H6","HS","true","0902","Tea","4","false","C00","TOTAL CPC","0","0","TOTAL MOT","8","kg","790180","false","8","kg","790180","false","790180","false","0","false",,"193321.009","193321.009","0","false","true",
"C","A","20240101","2024","52","2024","388","JAM","Jamaica","X","Export","0","W00","World","0","W00","World","H6","HS","true","0902","Tea","4","false","C00","TOTAL CPC","0","0","TOTAL MOT","8","kg","506796.15","false","-1","N/A","0","false","506796.15","false","0","false",,"5148259","5148259","0","false","true",
"C","A","20240101","2024","52","2024","392","JPN","Japan","X","Export","0","W00","World","0","W00","World","H6","HS","true","0902","Tea","4","false","C00","TOTAL CPC","0","0","TOTAL MOT","8","kg","8884635","false","8","kg","8884635","false","8884635","false","0","false",,"242385438.939","242385438.939","0","false","true",
"C","A","20240101","2024","52","2024","398","KAZ","Kazakhstan","X","Export","0","W00","World","0","W00","World","H6","HS","true","0902","Tea","4","false","C00","TOTAL CPC","0","0","TOTAL MOT","8","kg","5075165.58","false","8","kg","5075165.58","false","5075165.58","false","0","false",,"26855973.33","26855973.33","0","false","true",
"C","A","20240101","2024","52","2024","400","JOR","Jordan","X","Export","0","W00","World","0","W00","World","H6","HS","true","0902","Tea","4","false","C00","TOTAL CPC","0","0","TOTAL MOT","8","kg","10767443.17","false","8","kg","10767443.17","false","10767443.17","false","0","false",,"65074748.171","65074748.171","0","false","true",
"C","A","20240101","2024","52","2024","404","KEN","Kenya","X","Export","0","W00","World","0","W00","World","H6","HS","true","0902","Tea","4","false","C00","TOTAL CPC","0","0","TOTAL MOT","8","kg","625557735.936","false","8","kg","625557735.936","false","625557735.936","false","0","false",,"1408552341.17","1408552341.17","0","false","true",
"C","A","20240101","2024","52","2024","410","KOR","Rep. of Korea","X","Export","0","W00","World","0","W00","World","H6","HS","true","0902","Tea","4","false","C00","TOTAL CPC","0","0","TOTAL MOT","8","kg","2902380.786","true","-1","N/A","0","false","2902380.786","true","0","false",,"20753015","20753015","6","false","true",
"C","A","20240101","2024","52","2024","414","KWT","Kuwait","X","Export","0","W00","World","0","W00","World","H6","HS","true","0902","Tea","4","false","C00","TOTAL CPC","0","0","TOTAL MOT","8","kg","530280.124","true","-1","N/A","0","false","530280.124","true","0","false",,"6663819","6663819","6","false","true",
"C","A","20240101","2024","52","2024","417","KGZ","Kyrgyzstan","X","Export","0","W00","World","0","W00","World","H6","HS","true","0902","Tea","4","false","C00","TOTAL CPC","0","0","TOTAL MOT","8","kg","37422","false","8","kg","37422","false","37422","false","0","false",,"134017","134017","0","false","true",
"C","A","20240101","2024","52","2024","422","LBN","Lebanon","X","Export","0","W00","World","0","W00","World","H5","HS","true","0902","Tea","4","false","C00","TOTAL CPC","0","0","TOTAL MOT","8","kg","250405.591","true","-1","N/A","0","false","250405.591","true","0","false",,"1929134","1929134","6","false","true",
"C","A","20240101","2024","52","2024","426","LSO","Lesotho","X","Export","0","W00","World","0","W00","World","H6","HS","true","0902","Tea","4","false","C00","TOTAL CPC","0","0","TOTAL MOT","8","kg","278231.7","false","8","kg","278231.7","false","278231.7","false","0","false",,"1492063.038","1492063.038","0","false","true",
"C","A","20240101","2024","52","2024","428","LVA","Latvia","X","Export","0","W00","World","0","W00","World","H6","HS","true","0902","Tea","4","false","C00","TOTAL CPC","0","0","TOTAL MOT","8","kg","306261.146","true","-1","N/A","0","false","306261.146","true","0","false",,"5044217.712","5044217.712","6","false","true",
"C","A","20240101","2024","52","2024","440","LTU","Lithuania","X","Export","0","W00","World","0","W00","World","H6","HS","true","0902","Tea","4","false","C00","TOTAL CPC","0","0","TOTAL MOT","8","kg","157034.912","false","8","kg","157034.912","false","157034.912","false","0","false",,"2924675","2924675","0","false","true",
"C","A","20240101","2024","52","2024","442","LUX","Luxembourg","X","Export","0","W00","World","0","W00","World","H6","HS","true","0902","Tea","4","false","C00","TOTAL CPC","0","0","TOTAL MOT","8","kg","8103.14","false","8","kg","8103.14","false","8103.14","false","0","false",,"838691.7","838691.7","0","false","true",
"C","A","20240101","2024","52","2024","446","MAC","China, Macao SAR","X","Export","0","W00","World","0","W00","World","H6","HS","true","0902","Tea","4","false","C00","TOTAL CPC","0","0","TOTAL MOT","8","kg","2756","false","8","kg","2756","false","2756","false","0","false",,"27346.77","27346.77","0","false","true",
"C","A","20240101","2024","52","2024","450","MDG","Madagascar","X","Export","0","W00","World","0","W00","World","H6","HS","true","0902","Tea","4","false","C00","TOTAL CPC","0","0","TOTAL MOT","8","kg","2307.48","false","8","kg","2307.48","false","2307.48","false","0","false",,"12326.069","12326.069","0","false","true",
"C","A","20240101","2024","52","2024","454","MWI","Malawi","X","Export","0","W00","World","0","W00","World","H6","HS","true","0902","Tea","4","false","C00","TOTAL CPC","0","0","TOTAL MOT","8","kg","28251794.5","false","8","kg","28251794.5","false","28251794.5","false","0","false",,"69371987.8","69371987.8","0","false","true",
"C","A","20240101","2024","52","2024","458","MYS","Malaysia","X","Export","0","W00","World","0","W00","World","H6","HS","true","0902","Tea","4","false","C00","TOTAL CPC","0","0","TOTAL MOT","8","kg","6556552.948","false","8","kg","6556552.948","false","6556552.948","false","0","false",,"13719738.352","13719738.352","0","false","true",
"C","A","20240101","2024","52","2024","470","MLT","Malta","X","Export","0","W00","World","0","W00","World","H6","HS","true","0902","Tea","4","false","C00","TOTAL CPC","0","0","TOTAL MOT","8","kg","10","false","8","kg","10","false","10","false","0","false",,"6.494","6.494","0","false","true",
"C","A","20240101","2024","52","2024","478","MRT","Mauritania","X","Export","0","W00","World","0","W00","World","H6","HS","true","0902","Tea","4","false","C00","TOTAL CPC","0","0","TOTAL MOT","8","kg","298500","false","8","kg","298500","false","298500","false","0","false",,"405502.762","405502.762","0","false","true",
"C","A","20240101","2024","52","2024","480","MUS","Mauritius","X","Export","0","W00","World","0","W00","World","H6","HS","true","0902","Tea","4","false","C00","TOTAL CPC","0","0","TOTAL MOT","8","kg","26852","false","8","kg","26852","false","26535","false","0","false",,"311311.011","311311.011","0","false","true",
"C","A","20240101","2024","52","2024","484","MEX","Mexico","X","Export","0","W00","World","0","W00","World","H6","HS","true","0902","Tea","4","false","C00","TOTAL CPC","0","0","TOTAL MOT","-1","N/A","0","true","-1","N/A","0","false","0","true","0","false",,"861383","861383","6","false","true",
"C","A","20240101","2024","52","2024","348","HUN","Hungary","X","Export","0","W00","World","0","W00","World","H6","HS","true","0902","Tea","4","false","C00","TOTAL CPC","0","1000","Air","8","kg","321","false","8","kg","321","false","321","false","0","false",,"8174.372","8174.372","0","false","true",
"C","A","20240101","2024","52","2024","360","IDN","Indonesia","X","Export","0","W00","World","0","W00","World","H6","HS","true","0902","Tea","4","false","C00","TOTAL CPC","0","1000","Air","8","kg","47421.799","false","8","kg","47421.799","false","47421.799","false","0","false",,"234945.833","234945.833","0","false","true",
"C","A","20240101","2024","52","2024","388","JAM","Jamaica","X","Export","0","W00","World","0","W00","World","H6","HS","true","0902","Tea","4","false","C00","TOTAL CPC","0","1000","Air","8","kg","8150.55","false","-1","N/A","0","false","8150.55","false","0","false",,"198325","198325","0","false","true",
"C","A","20240101","2024","52","2024","417","KGZ","Kyrgyzstan","X","Export","0","W00","World","0","W00","World","H6","HS","true","0902","Tea","4","false","C00","TOTAL CPC","0","1000","Air","8","kg","623","false","8","kg","623","false","623","false","0","false",,"26299","26299","0","false","true",
"C","A","20240101","2024","52","2024","428","LVA","Latvia","X","Export","0","W00","World","0","W00","World","H6","HS","true","0902","Tea","4","false","C00","TOTAL CPC","0","1000","Air","8","kg","221","false","8","kg","221","false","221","false","0","false",,"6881.395","6881.395","0","false","true",
"C","A","20240101","2024","52","2024","458","MYS","Malaysia","X","Export","0","W00","World","0","W00","World","H6","HS","true","0902","Tea","4","false","C00","TOTAL CPC","0","1000","Air","8","kg","4971.665","false","8","kg","4971.665","false","4971.665","false","0","false",,"53335.265","53335.265","0","false","true",
"C","A","20240101","2024","52","2024","480","MUS","Mauritius","X","Export","0","W00","World","0","W00","World","H6","HS","true","0902","Tea","4","false","C00","TOTAL CPC","0","1000","Air","8","kg","2196","false","8","kg","2196","false","2075","false","0","false",,"31746.056","31746.056","0","false","true",
"C","A","20240101","2024","52","2024","484","MEX","Mexico","X","Export","0","W00","World","0","W00","World","H6","HS","true","0902","Tea","4","false","C00","TOTAL CPC","0","1000","Air","-1","N/A","0","false","-1","N/A","0","false","0","false","0","false",,"867","867","0","false","true",
"C","A","20240101","2024","52","2024","458","MYS","Malaysia","X","Export","0","W00","World","0","W00","World","H6","HS","true","0902","Tea","4","false","C00","TOTAL CPC","0","2000","Water","8","kg","1501972.351","false","8","kg","1501972.351","false","1501972.351","false","0","false",,"6908814.664","6908814.664","0","false","true",
"C","A","20240101","2024","52","2024","348","HUN","Hungary","X","Export","0","W00","World","0","W00","World","H6","HS","true","0902","Tea","4","false","C00","TOTAL CPC","0","2100","Sea","8","kg","123","false","8","kg","123","false","123","false","0","false",,"2258.07","2258.07","0","false","true",
"C","A","20240101","2024","52","2024","360","IDN","Indonesia","X","Export","0","W00","World","0","W00","World","H6","HS","true","0902","Tea","4","false","C00","TOTAL CPC","0","2100","Sea","8","kg","33972750.967","false","8","kg","33972750.967","false","33972750.967","false","0","false",,"52606267.616","52606267.616","0","false","true",
"C","A","20240101","2024","52","2024","388","JAM","Jamaica","X","Export","0","W00","World","0","W00","World","H6","HS","true","0902","Tea","4","false","C00","TOTAL CPC","0","2100","Sea","8","kg","498645.6","false","8","kg","498645.6","false","498645.6","false","0","false",,"4949934","4949934","0","false","true",
"C","A","20240101","2024","52","2024","428","LVA","Latvia","X","Export","0","W00","World","0","W00","World","H6","HS","true","0902","Tea","4","false","C00","TOTAL CPC","0","2100","Sea","8","kg","21428","false","8","kg","21428","false","21428","false","0","false",,"267228.035","267228.035","0","false","true",
"C","A","20240101","2024","52","2024","446","MAC","China, Macao SAR","X","Export","0","W00","World","0","W00","World","H6","HS","true","0902","Tea","4","false","C00","TOTAL CPC","0","2100","Sea","8","kg","296","false","8","kg","296","false","296","false","0","false",,"2386.309","2386.309","0","false","true",
"C","A","20240101","2024","52","2024","470","MLT","Malta","X","Export","0","W00","World","0","W00","World","H6","HS","true","0902","Tea","4","false","C00","TOTAL CPC","0","2100","Sea","8","kg","10","false","8","kg","10","false","10","false","0","false",,"6.494","6.494","0","false","true",
"C","A","20240101","2024","52","2024","480","MUS","Mauritius","X","Export","0","W00","World","0","W00","World","H6","HS","true","0902","Tea","4","false","C00","TOTAL CPC","0","2100","Sea","8","kg","24656","false","8","kg","24656","false","24460","false","0","false",,"279564.956","279564.956","0","false","true",
"C","A","20240101","2024","52","2024","484","MEX","Mexico","X","Export","0","W00","World","0","W00","World","H6","HS","true","0902","Tea","4","false","C00","TOTAL CPC","0","2100","Sea","-1","N/A","0","true","-1","N/A","0","false","0","true","0","false",,"152417","152417","6","false","true",
"C","A","20240101","2024","52","2024","348","HUN","Hungary","X","Export","0","W00","World","0","W00","World","H6","HS","true","0902","Tea","4","false","C00","TOTAL CPC","0","3200","Road","8","kg","13212.326","true","-1","N/A","0","false","13212.326","true","0","false",,"363810.412","363810.412","6","false","true",
"C","A","20240101","2024","52","2024","360","IDN","Indonesia","X","Export","0","W00","World","0","W00","World","H6","HS","true","0902","Tea","4","false","C00","TOTAL CPC","0","3200","Road","8","kg","3843.628","false","8","kg","3843.628","false","3843.628","false","0","false",,"15340.091","15340.091","0","false","true",
"C","A","20240101","2024","52","2024","417","KGZ","Kyrgyzstan","X","Export","0","W00","World","0","W00","World","H6","HS","true","0902","Tea","4","false","C00","TOTAL CPC","0","3200","Road","8","kg","36799","false","8","kg","36799","false","36799","false","0","false",,"107718","107718","0","false","true",
"C","A","20240101","2024","52","2024","428","LVA","Latvia","X","Export","0","W00","World","0","W00","World","H6","HS","true","0902","Tea","4","false","C00","TOTAL CPC","0","3200","Road","8","kg","99605.606","true","-1","N/A","0","false","99605.606","true","0","false",,"1802085.127","1802085.127","6","false","true",
"C","A","20240101","2024","52","2024","446","MAC","China, Macao SAR","X","Export","0","W00","World","0","W00","World","H6","HS","true","0902","Tea","4","false","C00","TOTAL CPC","0","3200","Road","8","kg","2460","false","8","kg","2460","false","2460","false","0","false",,"24960.46","24960.46","0","false","true",
"C","A","20240101","2024","52","2024","458","MYS","Malaysia","X","Export","0","W00","World","0","W00","World","H6","HS","true","0902","Tea","4","false","C00","TOTAL CPC","0","3200","Road","8","kg","5049608.932","false","8","kg","5049608.932","false","5049608.932","false","0","false",,"6757588.424","6757588.424","0","false","true",
"C","A","20240101","2024","52","2024","428","LVA","Latvia","X","Export","0","W00","World","0","W00","World","H6","HS","true","0902","Tea","4","false","C00","TOTAL CPC","0","9200","Postal consignments, mail or courier shipment","8","kg","35","false","8","kg","35","false","35","false","0","false",,"1119.13","1119.13","0","false","true",
"C","A","20240101","2024","52","2024","348","HUN","Hungary","X","Export","0","W00","World","0","W00","World","H6","HS","true","0902","Tea","4","false","C00","TOTAL CPC","0","9900","Other","8","kg","39624.909","false","8","kg","39624.909","false","39624.909","false","0","false",,"990177.976","990177.976","0","false","true",
"C","A","20240101","2024","52","2024","428","LVA","Latvia","X","Export","0","W00","World","0","W00","World","H6","HS","true","0902","Tea","4","false","C00","TOTAL CPC","0","9900","Other","8","kg","184971.539","true","-1","N/A","0","false","184971.539","true","0","false",,"2966904.025","2966904.025","6","false","true",
"C","A","20240101","2024","52","2024","484","MEX","Mexico","X","Export","0","W00","World","0","W00","World","H6","HS","true","0902","Tea","4","false","C00","TOTAL CPC","0","9900","Other","-1","N/A","0","false","-1","N/A","0","false","0","false","0","false",,"32856","32856","0","false","true",
"C","A","20240101","2024","52","2024","348","HUN","Hungary","X","Export","0","W00","World","0","W00","World","H6","HS","true","090210","Tea, green; (not fermented), in immediate packings of a content not exceeding 3kg","6","true","C00","TOTAL CPC","0","0","TOTAL MOT","8","kg","29375.972","true","8","kg","29375.792","false","29375.972","true","0","false",,"1014351.58","1014351.58","6","false","true",
"C","A","20240101","2024","52","2024","352","ISL","Iceland","X","Export","0","W00","World","0","W00","World","H6","HS","true","090210","Tea, green; (not fermented), in immediate packings of a content not exceeding 3kg","6","true","C00","TOTAL CPC","0","0","TOTAL MOT","8","kg","131.586","true","-1","N/A","0","false","131.586","true","0","false",,"12742.511","12742.511","6","false","true",
"C","A","20240101","2024","52","2024","360","IDN","Indonesia","X","Export","0","W00","World","0","W00","World","H6","HS","true","090210","Tea, green; (not fermented), in immediate packings of a content not exceeding 3kg","6","true","C00","TOTAL CPC","0","0","TOTAL MOT","8","kg","174395.093","false","8","kg","174395.093","false","174395.093","false","0","false",,"428710.035","428710.035","0","false","true",
"C","A","20240101","2024","52","2024","372","IRL","Ireland","X","Export","0","W00","World","0","W00","World","H6","HS","true","090210","Tea, green; (not fermented), in immediate packings of a content not exceeding 3kg","6","true","C00","TOTAL CPC","0","0","TOTAL MOT","8","kg","20723","false","8","kg","20723","false","20723","false","0","false",,"277339.428","277339.428","0","false","true",
"C","A","20240101","2024","52","2024","376","ISR","Israel","X","Export","0","W00","World","0","W00","World","H6","HS","true","090210","Tea, green; (not fermented), in immediate packings of a content not exceeding 3kg","6","true","C00","TOTAL CPC","0","0","TOTAL MOT","8","kg","87387.396","true","-1","N/A","0","false","87387.396","true","0","false",,"1756000","1756000","6","false","true",
"C","A","20240101","2024","52","2024","380","ITA","Italy","X","Export","0","W00","World","0","W00","World","H6","HS","true","090210","Tea, green; (not fermented), in immediate packings of a content not exceeding 3kg","6","true","C00","TOTAL CPC","0","0","TOTAL MOT","8","kg","411493","false","8","kg","411493","false","411493","false","0","false",,"2511155.178","2511155.178","0","false","true",
"C","A","20240101","2024","52","2024","384","CIV","Côte d'Ivoire","X","Export","0","W00","World","0","W00","World","H6","HS","true","090210","Tea, green; (not fermented), in immediate packings of a content not exceeding 3kg","6","true","C00","TOTAL CPC","0","0","TOTAL MOT","8","kg","79079","false","8","kg","79079","false","79079","false","0","false",,"30258.37","30258.37","0","false","true",
"C","A","20240101","2024","52","2024","388","JAM","Jamaica","X","Export","0","W00","World","0","W00","World","H6","HS","true","090210","Tea, green; (not fermented), in immediate packings of a content not exceeding 3kg","6","true","C00","TOTAL CPC","0","0","TOTAL MOT","8","kg","10627.39","false","8","kg","10627.39","false","10627.39","false","0","false",,"125749","125749","0","false","true",
"C","A","20240101","2024","52","2024","392","JPN","Japan","X","Export","0","W00","World","0","W00","World","H6","HS","true","090210","Tea, green; (not fermented), in immediate packings of a content not exceeding 3kg","6","true","C00","TOTAL CPC","0","0","TOTAL MOT","8","kg","3529574","false","8","kg","3529574","false","3529574","false","0","false",,"140565118.381","140565118.381","0","false","true",
"C","A","20240101","2024","52","2024","398","KAZ","Kazakhstan","X","Export","0","W00","World","0","W00","World","H6","HS","true","090210","Tea, green; (not fermented), in immediate packings of a content not exceeding 3kg","6","true","C00","TOTAL CPC","0","0","TOTAL MOT","8","kg","202491.01","false","8","kg","202491.01","false","202491.01","false","0","false",,"1307470.06","1307470.06","0","false","true",
"C","A","20240101","2024","52","2024","400","JOR","Jordan","X","Export","0","W00","World","0","W00","World","H6","HS","true","090210","Tea, green; (not fermented), in immediate packings of a content not exceeding 3kg","6","true","C00","TOTAL CPC","0","0","TOTAL MOT","8","kg","863.5","false","8","kg","863.5","false","863.5","false","0","false",,"20419.69","20419.69","0","false","true",
"C","A","20240101","2024","52","2024","404","KEN","Kenya","X","Export","0","W00","World","0","W00","World","H6","HS","true","090210","Tea, green; (not fermented), in immediate packings of a content not exceeding 3kg","6","true","C00","TOTAL CPC","0","0","TOTAL MOT","8","kg","660103.746","false","8","kg","660103.746","false","660103.746","false","0","false",,"3259292.784","3259292.784","0","false","true",
"C","A","20240101","2024","52","2024","410","KOR","Rep. of Korea","X","Export","0","W00","World","0","W00","World","H6","HS","true","090210","Tea, green; (not fermented), in immediate packings of a content not exceeding 3kg","6","true","C00","TOTAL CPC","0","0","TOTAL MOT","8","kg","81571.719","true","-1","N/A","0","false","81571.719","true","0","false",,"1446201","1446201","6","false","true",
"C","A","20240101","2024","52","2024","414","KWT","Kuwait","X","Export","0","W00","World","0","W00","World","H6","HS","true","090210","Tea, green; (not fermented), in immediate packings of a content not exceeding 3kg","6","true","C00","TOTAL CPC","0","0","TOTAL MOT","8","kg","1367.925","true","-1","N/A","0","false","1367.925","true","0","false",,"28001","28001","6","false","true",
"C","A","20240101","2024","52","2024","417","KGZ","Kyrgyzstan","X","Export","0","W00","World","0","W00","World","H6","HS","true","090210","Tea, green; (not fermented), in immediate packings of a content not exceeding 3kg","6","true","C00","TOTAL CPC","0","0","TOTAL MOT","8","kg","655","false","8","kg","655","false","655","false","0","false",,"14288","14288","0","false","true",
"C","A","20240101","2024","52","2024","422","LBN","Lebanon","X","Export","0","W00","World","0","W00","World","H5","HS","true","090210","Tea, green; (not fermented), in immediate packings of a content not exceeding 3kg","6","true","C00","TOTAL CPC","0","0","TOTAL MOT","8","kg","1681.262","true","-1","N/A","0","false","1681.262","true","0","false",,"33784","33784","6","false","true",
"C","A","20240101","2024","52","2024","426","LSO","Lesotho","X","Export","0","W00","World","0","W00","World","H6","HS","true","090210","Tea, green; (not fermented), in immediate packings of a content not exceeding 3kg","6","true","C00","TOTAL CPC","0","0","TOTAL MOT","8","kg","4","false","8","kg","4","false","4","false","0","false",,"10.302","10.302","0","false","true",
"C","A","20240101","2024","52","2024","428","LVA","Latvia","X","Export","0","W00","World","0","W00","World","H6","HS","true","090210","Tea, green; (not fermented), in immediate packings of a content not exceeding 3kg","6","true","C00","TOTAL CPC","0","0","TOTAL MOT","8","kg","60581.127","true","-1","N/A","0","false","60581.127","true","0","false",,"1340147.247","1340147.247","6","false","true",
"C","A","20240101","2024","52","2024","440","LTU","Lithuania","X","Export","0","W00","World","0","W00","World","H6","HS","true","090210","Tea, green; (not fermented), in immediate packings of a content not exceeding 3kg","6","true","C00","TOTAL CPC","0","0","TOTAL MOT","8","kg","30417.821","false","8","kg","30417.821","false","30417.821","false","0","false",,"752829","752829","0","false","true",
"C","A","20240101","2024","52","2024","442","LUX","Luxembourg","X","Export","0","W00","World","0","W00","World","H6","HS","true","090210","Tea, green; (not fermented), in immediate packings of a content not exceeding 3kg","6","true","C00","TOTAL CPC","0","0","TOTAL MOT","8","kg","2983.32","false","8","kg","2983.32","false","2983.32","false","0","false",,"430198.814","430198.814","0","false","true",
"C","A","20240101","2024","52","2024","446","MAC","China, Macao SAR","X","Export","0","W00","World","0","W00","World","H6","HS","true","090210","Tea, green; (not fermented), in immediate packings of a content not exceeding 3kg","6","true","C00","TOTAL CPC","0","0","TOTAL MOT","8","kg","2754","false","8","kg","2754","false","2754","false","0","false",,"27283.702","27283.702","0","false","true",
"C","A","20240101","2024","52","2024","450","MDG","Madagascar","X","Export","0","W00","World","0","W00","World","H6","HS","true","090210","Tea, green; (not fermented), in immediate packings of a content not exceeding 3kg","6","true","C00","TOTAL CPC","0","0","TOTAL MOT","8","kg","254.03","false","8","kg","254.03","false","254.03","false","0","false",,"1379.3","1379.3","0","false","true",
"C","A","20240101","2024","52","2024","454","MWI","Malawi","X","Export","0","W00","World","0","W00","World","H6","HS","true","090210","Tea, green; (not fermented), in immediate packings of a content not exceeding 3kg","6","true","C00","TOTAL CPC","0","0","TOTAL MOT","8","kg","13","false","8","kg","13","false","13","false","0","false",,"93.945","93.945","0","false","true",
"C","A","20240101","2024","52","2024","458","MYS","Malaysia","X","Export","0","W00","World","0","W00","World","H6","HS","true","090210","Tea, green; (not fermented), in immediate packings of a content not exceeding 3kg","6","true","C00","TOTAL CPC","0","0","TOTAL MOT","8","kg","3511597.965","false","8","kg","3511597.965","false","3511597.965","false","0","false",,"5104447.16","5104447.16","0","false","true",
"C","A","20240101","2024","52","2024","478","MRT","Mauritania","X","Export","0","W00","World","0","W00","World","H6","HS","true","090210","Tea, green; (not fermented), in immediate packings of a content not exceeding 3kg","6","true","C00","TOTAL CPC","0","0","TOTAL MOT","8","kg","298500","false","8","kg","298500","false","298500","false","0","false",,"405502.762","405502.762","0","false","true",
"C","A","20240101","2024","52","2024","480","MUS","Mauritius","X","Export","0","W00","World","0","W00","World","H6","HS","true","090210","Tea, green; (not fermented), in immediate packings of a content not exceeding 3kg","6","true","C00","TOTAL CPC","0","0","TOTAL MOT","8","kg","366","false","8","kg","366","false","321","false","0","false",,"11174.817","11174.817","0","false","true",
"C","A","20240101","2024","52","2024","484","MEX","Mexico","X","Export","0","W00","World","0","W00","World","H6","HS","true","090210","Tea, green; (not fermented), in immediate packings of a content not exceeding 3kg","6","true","C00","TOTAL CPC","0","0","TOTAL MOT","8","kg","28046","false","8","kg","28046","false","28046","false","0","false",,"335917","335917","0","false","true",
"C","A","20240101","2024","52","2024","348","HUN","Hungary","X","Export","0","W00","World","0","W00","World","H6","HS","true","090210","Tea, green; (not fermented), in immediate packings of a content not exceeding 3kg","6","true","C00","TOTAL CPC","0","1000","Air","8","kg","243","false","8","kg","243","false","243","false","0","false",,"5567.047","5567.047","0","false","true",
"C","A","20240101","2024","52","2024","360","IDN","Indonesia","X","Export","0","W00","World","0","W00","World","H6","HS","true","090210","Tea, green; (not fermented), in immediate packings of a content not exceeding 3kg","6","true","C00","TOTAL CPC","0","1000","Air","8","kg","8727.948","false","8","kg","8727.948","false","8727.948","false","0","false",,"74698.206","74698.206","0","false","true",
"C","A","20240101","2024","52","2024","388","JAM","Jamaica","X","Export","0","W00","World","0","W00","World","H6","HS","true","090210","Tea, green; (not fermented), in immediate packings of a content not exceeding 3kg","6","true","C00","TOTAL CPC","0","1000","Air","8","kg","720.61","false","8","kg","720.61","false","720.61","false","0","false",,"41008","41008","0","false","true",
"C","A","20240101","2024","52","2024","417","KGZ","Kyrgyzstan","X","Export","0","W00","World","0","W00","World","H6","HS","true","090210","Tea, green; (not fermented), in immediate packings of a content not exceeding 3kg","6","true","C00","TOTAL CPC","0","1000","Air","8","kg","335","false","8","kg","335","false","335","false","0","false",,"14175","14175","0","false","true",
"C","A","20240101","2024","52","2024","458","MYS","Malaysia","X","Export","0","W00","World","0","W00","World","H6","HS","true","090210","Tea, green; (not fermented), in immediate packings of a content not exceeding 3kg","6","true","C00","TOTAL CPC","0","1000","Air","8","kg","498.3","false","8","kg","498.3","false","498.3","false","0","false",,"3269.581","3269.581","0","false","true",
"C","A","20240101","2024","52","2024","480","MUS","Mauritius","X","Export","0","W00","World","0","W00","World","H6","HS","true","090210","Tea, green; (not fermented), in immediate packings of a content not exceeding 3kg","6","true","C00","TOTAL CPC","0","1000","Air","8","kg","196","false","8","kg","196","false","192","false","0","false",,"2544.186","2544.186","0","false","true",
"C","A","20240101","2024","52","2024","458","MYS","Malaysia","X","Export","0","W00","World","0","W00","World","H6","HS","true","090210","Tea, green; (not fermented), in immediate packings of a content not exceeding 3kg","6","true","C00","TOTAL CPC","0","2000","Water","8","kg","56313.565","false","8","kg","56313.565","false","56313.565","false","0","false",,"1438100.408","1438100.408","0","false","true",
"C","A","20240101","2024","52","2024","348","HUN","Hungary","X","Export","0","W00","World","0","W00","World","H6","HS","true","090210","Tea, green; (not fermented), in immediate packings of a content not exceeding 3kg","6","true","C00","TOTAL CPC","0","2100","Sea","8","kg","16","false","8","kg","16","false","16","false","0","false",,"480.322","480.322","0","false","true",
"C","A","20240101","2024","52","2024","360","IDN","Indonesia","X","Export","0","W00","World","0","W00","World","H6","HS","true","090210","Tea, green; (not fermented), in immediate packings of a content not exceeding 3kg","6","true","C00","TOTAL CPC","0","2100","Sea","8","kg","165634.145","false","8","kg","165634.145","false","165634.145","false","0","false",,"353906.229","353906.229","0","false","true",
"C","A","20240101","2024","52","2024","388","JAM","Jamaica","X","Export","0","W00","World","0","W00","World","H6","HS","true","090210","Tea, green; (not fermented), in immediate packings of a content not exceeding 3kg","6","true","C00","TOTAL CPC","0","2100","Sea","8","kg","9906.78","false","8","kg","9906.78","false","9906.78","false","0","false",,"84741","84741","0","false","true",
"C","A","20240101","2024","52","2024","428","LVA","Latvia","X","Export","0","W00","World","0","W00","World","H6","HS","true","090210","Tea, green; (not fermented), in immediate packings of a content not exceeding 3kg","6","true","C00","TOTAL CPC","0","2100","Sea","8","kg","6","false","8","kg","6","false","6","false","0","false",,"146.702","146.702","0","false","true",
"C","A","20240101","2024","52","2024","446","MAC","China, Macao SAR","X","Export","0","W00","World","0","W00","World","H6","HS","true","090210","Tea, green; (not fermented), in immediate packings of a content not exceeding 3kg","6","true","C00","TOTAL CPC","0","2100","Sea","8","kg","295","false","8","kg","295","false","295","false","0","false",,"2374.695","2374.695","0","false","true",
"C","A","20240101","2024","52","2024","480","MUS","Mauritius","X","Export","0","W00","World","0","W00","World","H6","HS","true","090210","Tea, green; (not fermented), in immediate packings of a content not exceeding 3kg","6","true","C00","TOTAL CPC","0","2100","Sea","8","kg","170","false","8","kg","170","false","129","false","0","false",,"8630.631","8630.631","0","false","true",
"C","A","20240101","2024","52","2024","348","HUN","Hungary","X","Export","0","W00","World","0","W00","World","H6","HS","true","090210","Tea, green; (not fermented), in immediate packings of a content not exceeding 3kg","6","true","C00","TOTAL CPC","0","3200","Road","8","kg","7591.18","true","8","kg","7591","false","7591.18","true","0","false",,"274245.969","274245.969","6","false","true",
"C","A","20240101","2024","52","2024","360","IDN","Indonesia","X","Export","0","W00","World","0","W00","World","H6","HS","true","090210","Tea, green; (not fermented), in immediate packings of a content not exceeding 3kg","6","true","C00","TOTAL CPC","0","3200","Road","8","kg","33","false","8","kg","33","false","33","false","0","false",,"105.6","105.6","0","false","true",
"C","A","20240101","2024","52","2024","417","KGZ","Kyrgyzstan","X","Export","0","W00","World","0","W00","World","H6","HS","true","090210","Tea, green; (not fermented), in immediate packings of a content not exceeding 3kg","6","true","C00","TOTAL CPC","0","3200","Road","8","kg","320","false","8","kg","320","false","320","false","0","false",,"113","113","0","false","true",
"C","A","20240101","2024","52","2024","428","LVA","Latvia","X","Export","0","W00","World","0","W00","World","H6","HS","true","090210","Tea, green; (not fermented), in immediate packings of a content not exceeding 3kg","6","true","C00","TOTAL CPC","0","3200","Road","8","kg","21052.874","true","-1","N/A","0","false","21052.874","true","0","false",,"520560.199","520560.199","6","false","true",
"C","A","20240101","2024","52","2024","446","MAC","China, Macao SAR","X","Export","0","W00","World","0","W00","World","H6","HS","true","090210","Tea, green; (not fermented), in immediate packings of a content not exceeding 3kg","6","true","C00","TOTAL CPC","0","3200","Road","8","kg","2459","false","8","kg","2459","false","2459","false","0","false",,"24909.007","24909.007","0","false","true",
"C","A","20240101","2024","52","2024","458","MYS","Malaysia","X","Export","0","W00","World","0","W00","World","H6","HS","true","090210","Tea, green; (not fermented), in immediate packings of a content not exceeding 3kg","6","true","C00","TOTAL CPC","0","3200","Road","8","kg","3454786.1","false","8","kg","3454786.1","false","3454786.1","false","0","false",,"3663077.171","3663077.171","0","false","true",
"C","A","20240101","2024","52","2024","428","LVA","Latvia","X","Export","0","W00","World","0","W00","World","H6","HS","true","090210","Tea, green; (not fermented), in immediate packings of a content not exceeding 3kg","6","true","C00","TOTAL CPC","0","9200","Postal consignments, mail or courier shipment","8","kg","3","false","8","kg","3","false","3","false","0","false",,"53.442","53.442","0","false","true",
"C","A","20240101","2024","52","2024","348","HUN","Hungary","X","Export","0","W00","World","0","W00","World","H6","HS","true","090210","Tea, green; (not fermented), in immediate packings of a content not exceeding 3kg","6","true","C00","TOTAL CPC","0","9900","Other","8","kg","21525.792","false","8","kg","21525.792","false","21525.792","false","0","false",,"734058.241","734058.241","0","false","true",
"C","A","20240101","2024","52","2024","428","LVA","Latvia","X","Export","0","W00","World","0","W00","World","H6","HS","true","090210","Tea, green; (not fermented), in immediate packings of a content not exceeding 3kg","6","true","C00","TOTAL CPC","0","9900","Other","8","kg","39519.253","true","-1","N/A","0","false","39519.253","true","0","false",,"819386.904","819386.904","6","false","true",
"C","A","20240101","2024","52","2024","348","HUN","Hungary","X","Export","0","W00","World","0","W00","World","H6","HS","true","090220","Tea, green; (not fermented), in immediate packings of a content exceeding 3kg","6","true","C00","TOTAL CPC","0","0","TOTAL MOT","8","kg","7744.79","false","8","kg","7744.79","false","7744.79","false","0","false",,"114253.354","114253.354","0","false","true",
"C","A","20240101","2024","52","2024","352","ISL","Iceland","X","Export","0","W00","World","0","W00","World","H6","HS","true","090220","Tea, green; (not fermented), in immediate packings of a content exceeding 3kg","6","true","C00","TOTAL CPC","0","0","TOTAL MOT","8","kg","6.309","true","-1","N/A","0","false","6.309","true","0","false",,"363.205","363.205","6","false","true",
"C","A","20240101","2024","52","2024","360","IDN","Indonesia","X","Export","0","W00","World","0","W00","World","H6","HS","true","090220","Tea, green; (not fermented), in immediate packings of a content exceeding 3kg","6","true","C00","TOTAL CPC","0","0","TOTAL MOT","8","kg","3546367.093","false","8","kg","3546367.093","false","3546367.093","false","0","false",,"5474780.433","5474780.433","0","false","true",
"C","A","20240101","2024","52","2024","372","IRL","Ireland","X","Export","0","W00","World","0","W00","World","H6","HS","true","090220","Tea, green; (not fermented), in immediate packings of a content exceeding 3kg","6","true","C00","TOTAL CPC","0","0","TOTAL MOT","8","kg","3950.418","true","-1","N/A","0","false","3950.418","true","0","false",,"112646.582","112646.582","6","false","true",
"C","A","20240101","2024","52","2024","376","ISR","Israel","X","Export","0","W00","World","0","W00","World","H6","HS","true","090220","Tea, green; (not fermented), in immediate packings of a content exceeding 3kg","6","true","C00","TOTAL CPC","0","0","TOTAL MOT","8","kg","835.806","true","-1","N/A","0","false","835.806","true","0","false",,"7000","7000","6","false","true",
"C","A","20240101","2024","52","2024","380","ITA","Italy","X","Export","0","W00","World","0","W00","World","H6","HS","true","090220","Tea, green; (not fermented), in immediate packings of a content exceeding 3kg","6","true","C00","TOTAL CPC","0","0","TOTAL MOT","8","kg","108903","false","8","kg","108903","false","108903","false","0","false",,"564365.565","564365.565","0","false","true",
"C","A","20240101","2024","52","2024","384","CIV","Côte d'Ivoire","X","Export","0","W00","World","0","W00","World","H6","HS","true","090220","Tea, green; (not fermented), in immediate packings of a content exceeding 3kg","6","true","C00","TOTAL CPC","0","0","TOTAL MOT","8","kg","699484","false","8","kg","699484","false","699484","false","0","false",,"65195.654","65195.654","0","false","true",
"C","A","20240101","2024","52","2024","388","JAM","Jamaica","X","Export","0","W00","World","0","W00","World","H6","HS","true","090220","Tea, green; (not fermented), in immediate packings of a content exceeding 3kg","6","true","C00","TOTAL CPC","0","0","TOTAL MOT","8","kg","812.04","false","8","kg","812.04","false","812.04","false","0","false",,"34880","34880","0","false","true",
"C","A","20240101","2024","52","2024","392","JPN","Japan","X","Export","0","W00","World","0","W00","World","H6","HS","true","090220","Tea, green; (not fermented), in immediate packings of a content exceeding 3kg","6","true","C00","TOTAL CPC","0","0","TOTAL MOT","8","kg","5268411","false","8","kg","5268411","false","5268411","false","0","false",,"99778023.271","99778023.271","0","false","true",
"C","A","20240101","2024","52","2024","398","KAZ","Kazakhstan","X","Export","0","W00","World","0","W00","World","H6","HS","true","090220","Tea, green; (not fermented), in immediate packings of a content exceeding 3kg","6","true","C00","TOTAL CPC","0","0","TOTAL MOT","8","kg","76266","false","8","kg","76266","false","76266","false","0","false",,"145412.84","145412.84","0","false","true",
"C","A","20240101","2024","52","2024","400","JOR","Jordan","X","Export","0","W00","World","0","W00","World","H6","HS","true","090220","Tea, green; (not fermented), in immediate packings of a content exceeding 3kg","6","true","C00","TOTAL CPC","0","0","TOTAL MOT","8","kg","77171.97","false","8","kg","77171.97","false","77171.97","false","0","false",,"536650.477","536650.477","0","false","true",
"C","A","20240101","2024","52","2024","404","KEN","Kenya","X","Export","0","W00","World","0","W00","World","H6","HS","true","090220","Tea, green; (not fermented), in immediate packings of a content exceeding 3kg","6","true","C00","TOTAL CPC","0","0","TOTAL MOT","8","kg","78297.89","false","8","kg","78297.89","false","78297.89","false","0","false",,"452242.579","452242.579","0","false","true",
"C","A","20240101","2024","52","2024","410","KOR","Rep. of Korea","X","Export","0","W00","World","0","W00","World","H6","HS","true","090220","Tea, green; (not fermented), in immediate packings of a content exceeding 3kg","6","true","C00","TOTAL CPC","0","0","TOTAL MOT","8","kg","136136.741","false","8","kg","136136.741","false","136136.741","false","0","false",,"4508662","4508662","0","false","true",
"C","A","20240101","2024","52","2024","414","KWT","Kuwait","X","Export","0","W00","World","0","W00","World","H6","HS","true","090220","Tea, green; (not fermented), in immediate packings of a content exceeding 3kg","6","true","C00","TOTAL CPC","0","0","TOTAL MOT","8","kg","4806.914","true","-1","N/A","0","false","4806.914","true","0","false",,"39725","39725","6","false","true",
"C","A","20240101","2024","52","2024","417","KGZ","Kyrgyzstan","X","Export","0","W00","World","0","W00","World","H6","HS","true","090220","Tea, green; (not fermented), in immediate packings of a content exceeding 3kg","6","true","C00","TOTAL CPC","0","0","TOTAL MOT","8","kg","17017","false","8","kg","17017","false","17017","false","0","false",,"52903","52903","0","false","true",
"C","A","20240101","2024","52","2024","422","LBN","Lebanon","X","Export","0","W00","World","0","W00","World","H5","HS","true","090220","Tea, green; (not fermented), in immediate packings of a content exceeding 3kg","6","true","C00","TOTAL CPC","0","0","TOTAL MOT","8","kg","1761.878","true","-1","N/A","0","false","1761.878","true","0","false",,"14756","14756","6","false","true",
"C","A","20240101","2024","52","2024","426","LSO","Lesotho","X","Export","0","W00","World","0","W00","World","H6","HS","true","090220","Tea, green; (not fermented), in immediate packings of a content exceeding 3kg","6","true","C00","TOTAL CPC","0","0","TOTAL MOT","8","kg","260000.5","false","8","kg","260000.5","false","260000.5","false","0","false",,"1387108.915","1387108.915","0","false","true",
"C","A","20240101","2024","52","2024","428","LVA","Latvia","X","Export","0","W00","World","0","W00","World","H6","HS","true","090220","Tea, green; (not fermented), in immediate packings of a content exceeding 3kg","6","true","C00","TOTAL CPC","0","0","TOTAL MOT","8","kg","1237","false","8","kg","1237","false","1237","false","0","false",,"48103.75","48103.75","0","false","true",
"C","A","20240101","2024","52","2024","440","LTU","Lithuania","X","Export","0","W00","World","0","W00","World","H6","HS","true","090220","Tea, green; (not fermented), in immediate packings of a content exceeding 3kg","6","true","C00","TOTAL CPC","0","0","TOTAL MOT","8","kg","11399.513","false","8","kg","11399.513","false","11399.513","false","0","false",,"318634","318634","0","false","true",
"C","A","20240101","2024","52","2024","442","LUX","Luxembourg","X","Export","0","W00","World","0","W00","World","H6","HS","true","090220","Tea, green; (not fermented), in immediate packings of a content exceeding 3kg","6","true","C00","TOTAL CPC","0","0","TOTAL MOT","8","kg","52.23","false","8","kg","52.23","false","52.23","false","0","false",,"2276.776","2276.776","0","false","true",
"C","A","20240101","2024","52","2024","450","MDG","Madagascar","X","Export","0","W00","World","0","W00","World","H6","HS","true","090220","Tea, green; (not fermented), in immediate packings of a content exceeding 3kg","6","true","C00","TOTAL CPC","0","0","TOTAL MOT","8","kg","1640","false","8","kg","1640","false","1640","false","0","false",,"9689.444","9689.444","0","false","true",
"C","A","20240101","2024","52","2024","454","MWI","Malawi","X","Export","0","W00","World","0","W00","World","H6","HS","true","090220","Tea, green; (not fermented), in immediate packings of a content exceeding 3kg","6","true","C00","TOTAL CPC","0","0","TOTAL MOT","8","kg","20010","false","8","kg","20010","false","20010","false","0","false",,"39275.399","39275.399","0","false","true",
"C","A","20240101","2024","52","2024","458","MYS","Malaysia","X","Export","0","W00","World","0","W00","World","H6","HS","true","090220","Tea, green; (not fermented), in immediate packings of a content exceeding 3kg","6","true","C00","TOTAL CPC","0","0","TOTAL MOT","8","kg","92750.748","false","8","kg","92750.748","false","92750.748","false","0","false",,"353796.89","353796.89","0","false","true",
"C","A","20240101","2024","52","2024","480","MUS","Mauritius","X","Export","0","W00","World","0","W00","World","H6","HS","true","090220","Tea, green; (not fermented), in immediate packings of a content exceeding 3kg","6","true","C00","TOTAL CPC","0","0","TOTAL MOT","8","kg","40","false","8","kg","40","false","3","false","0","false",,"362.605","362.605","0","false","true",
"C","A","20240101","2024","52","2024","348","HUN","Hungary","X","Export","0","W00","World","0","W00","World","H6","HS","true","090220","Tea, green; (not fermented), in immediate packings of a content exceeding 3kg","6","true","C00","TOTAL CPC","0","1000","Air","8","kg","78","false","8","kg","78","false","78","false","0","false",,"2607.325","2607.325","0","false","true",
"C","A","20240101","2024","52","2024","360","IDN","Indonesia","X","Export","0","W00","World","0","W00","World","H6","HS","true","090220","Tea, green; (not fermented), in immediate packings of a content exceeding 3kg","6","true","C00","TOTAL CPC","0","1000","Air","8","kg","31346.863","false","8","kg","31346.863","false","31346.863","false","0","false",,"95592.722","95592.722","0","false","true",
"C","A","20240101","2024","52","2024","388","JAM","Jamaica","X","Export","0","W00","World","0","W00","World","H6","HS","true","090220","Tea, green; (not fermented), in immediate packings of a content exceeding 3kg","6","true","C00","TOTAL CPC","0","1000","Air","8","kg","731.4","false","8","kg","731.4","false","731.4","false","0","false",,"32191","32191","0","false","true",
"C","A","20240101","2024","52","2024","458","MYS","Malaysia","X","Export","0","W00","World","0","W00","World","H6","HS","true","090220","Tea, green; (not fermented), in immediate packings of a content exceeding 3kg","6","true","C00","TOTAL CPC","0","1000","Air","8","kg","408.3","false","8","kg","408.3","false","408.3","false","0","false",,"2241.268","2241.268","0","false","true",
"C","A","20240101","2024","52","2024","480","MUS","Mauritius","X","Export","0","W00","World","0","W00","World","H6","HS","true","090220","Tea, green; (not fermented), in immediate packings of a content exceeding 3kg","6","true","C00","TOTAL CPC","0","1000","Air","8","kg","1","false","8","kg","1","false","1","false","0","false",,"39.73","39.73","0","false","true",
"C","A","20240101","2024","52","2024","458","MYS","Malaysia","X","Export","0","W00","World","0","W00","World","H6","HS","true","090220","Tea, green; (not fermented), in immediate packings of a content exceeding 3kg","6","true","C00","TOTAL CPC","0","2000","Water","8","kg","25419.336","false","8","kg","25419.336","false","25419.336","false","0","false",,"263602.311","263602.311","0","false","true",
"C","A","20240101","2024","52","2024","360","IDN","Indonesia","X","Export","0","W00","World","0","W00","World","H6","HS","true","090220","Tea, green; (not fermented), in immediate packings of a content exceeding 3kg","6","true","C00","TOTAL CPC","0","2100","Sea","8","kg","3515020.23","false","8","kg","3515020.23","false","3515020.23","false","0","false",,"5379187.711","5379187.711","0","false","true",
"C","A","20240101","2024","52","2024","388","JAM","Jamaica","X","Export","0","W00","World","0","W00","World","H6","HS","true","090220","Tea, green; (not fermented), in immediate packings of a content exceeding 3kg","6","true","C00","TOTAL CPC","0","2100","Sea","8","kg","80.64","false","8","kg","80.64","false","80.64","false","0","false",,"2689","2689","0","false","true",
"C","A","20240101","2024","52","2024","480","MUS","Mauritius","X","Export","0","W00","World","0","W00","World","H6","HS","true","090220","Tea, green; (not fermented), in immediate packings of a content exceeding 3kg","6","true","C00","TOTAL CPC","0","2100","Sea","8","kg","39","false","8","kg","39","false","2","false","0","false",,"322.875","322.875","0","false","true",
"C","A","20240101","2024","52","2024","348","HUN","Hungary","X","Export","0","W00","World","0","W00","World","H6","HS","true","090220","Tea, green; (not fermented), in immediate packings of a content exceeding 3kg","6","true","C00","TOTAL CPC","0","3200","Road","8","kg","2147","false","8","kg","2147","false","2147","false","0","false",,"29711.948","29711.948","0","false","true",
"C","A","20240101","2024","52","2024","417","KGZ","Kyrgyzstan","X","Export","0","W00","World","0","W00","World","H6","HS","true","090220","Tea, green; (not fermented), in immediate packings of a content exceeding 3kg","6","true","C00","TOTAL CPC","0","3200","Road","8","kg","17017","false","8","kg","17017","false","17017","false","0","false",,"52903","52903","0","false","true",
"C","A","20240101","2024","52","2024","428","LVA","Latvia","X","Export","0","W00","World","0","W00","World","H6","HS","true","090220","Tea, green; (not fermented), in immediate packings of a content exceeding 3kg","6","true","C00","TOTAL CPC","0","3200","Road","8","kg","143","false","8","kg","143","false","143","false","0","false",,"2202.633","2202.633","0","false","true",
"C","A","20240101","2024","52","2024","458","MYS","Malaysia","X","Export","0","W00","World","0","W00","World","H6","HS","true","090220","Tea, green; (not fermented), in immediate packings of a content exceeding 3kg","6","true","C00","TOTAL CPC","0","3200","Road","8","kg","66923.112","false","8","kg","66923.112","false","66923.112","false","0","false",,"87953.312","87953.312","0","false","true",
"C","A","20240101","2024","52","2024","428","LVA","Latvia","X","Export","0","W00","World","0","W00","World","H6","HS","true","090220","Tea, green; (not fermented), in immediate packings of a content exceeding 3kg","6","true","C00","TOTAL CPC","0","9200","Postal consignments, mail or courier shipment","8","kg","30","false","8","kg","30","false","30","false","0","false",,"958.806","958.806","0","false","true",
"C","A","20240101","2024","52","2024","348","HUN","Hungary","X","Export","0","W00","World","0","W00","World","H6","HS","true","090220","Tea, green; (not fermented), in immediate packings of a content exceeding 3kg","6","true","C00","TOTAL CPC","0","9900","Other","8","kg","5519.79","false","8","kg","5519.79","false","5519.79","false","0","false",,"81934.08","81934.08","0","false","true",
"C","A","20240101","2024","52","2024","428","LVA","Latvia","X","Export","0","W00","World","0","W00","World","H6","HS","true","090220","Tea, green; (not fermented), in immediate packings of a content exceeding 3kg","6","true","C00","TOTAL CPC","0","9900","Other","8","kg","1064","false","8","kg","1064","false","1064","false","0","false",,"44942.311","44942.311","0","false","true",
"C","A","20240101","2024","52","2024","348","HUN","Hungary","X","Export","0","W00","World","0","W00","World","H6","HS","true","090230","Tea, black; (fermented) and partly fermented tea, in immediate packings of a content not exceeding 3kg","6","true","C00","TOTAL CPC","0","0","TOTAL MOT","8","kg","13671.102","false","8","kg","13671.102","false","13671.102","false","0","false",,"196977.175","196977.175","0","false","true",
"C","A","20240101","2024","52","2024","352","ISL","Iceland","X","Export","0","W00","World","0","W00","World","H6","HS","true","090230","Tea, black; (fermented) and partly fermented tea, in immediate packings of a content not exceeding 3kg","6","true","C00","TOTAL CPC","0","0","TOTAL MOT","8","kg","12.867","true","-1","N/A","0","false","12.867","true","0","false",,"197.995","197.995","6","false","true",
"C","A","20240101","2024","52","2024","360","IDN","Indonesia","X","Export","0","W00","World","0","W00","World","H6","HS","true","090230","Tea, black; (fermented) and partly fermented tea, in immediate packings of a content not exceeding 3kg","6","true","C00","TOTAL CPC","0","0","TOTAL MOT","8","kg","318356.63","false","8","kg","318356.63","false","318356.63","false","0","false",,"1003018.803","1003018.803","0","false","true",
"C","A","20240101","2024","52","2024","372","IRL","Ireland","X","Export","0","W00","World","0","W00","World","H6","HS","true","090230","Tea, black; (fermented) and partly fermented tea, in immediate packings of a content not exceeding 3kg","6","true","C00","TOTAL CPC","0","0","TOTAL MOT","8","kg","892074.456","true","-1","N/A","0","false","892074.456","true","0","false",,"8621564.092","8621564.092","6","false","true",
"C","A","20240101","2024","52","2024","376","ISR","Israel","X","Export","0","W00","World","0","W00","World","H6","HS","true","090230","Tea, black; (fermented) and partly fermented tea, in immediate packings of a content not exceeding 3kg","6","true","C00","TOTAL CPC","0","0","TOTAL MOT","8","kg","58675.484","true","-1","N/A","0","false","58675.484","true","0","false",,"770000","770000","6","false","true",
"C","A","20240101","2024","52","2024","380","ITA","Italy","X","Export","0","W00","World","0","W00","World","H6","HS","true","090230","Tea, black; (fermented) and partly fermented tea, in immediate packings of a content not exceeding 3kg","6","true","C00","TOTAL CPC","0","0","TOTAL MOT","8","kg","364684","false","8","kg","364684","false","364684","false","0","false",,"4318545.486","4318545.486","0","false","true",
"C","A","20240101","2024","52","2024","384","CIV","Côte d'Ivoire","X","Export","0","W00","World","0","W00","World","H6","HS","true","090230","Tea, black; (fermented) and partly fermented tea, in immediate packings of a content not exceeding 3kg","6","true","C00","TOTAL CPC","0","0","TOTAL MOT","8","kg","1838","false","8","kg","1838","false","1838","false","0","false",,"5136.885","5136.885","0","false","true",
"C","A","20240101","2024","52","2024","388","JAM","Jamaica","X","Export","0","W00","World","0","W00","World","H6","HS","true","090230","Tea, black; (fermented) and partly fermented tea, in immediate packings of a content not exceeding 3kg","6","true","C00","TOTAL CPC","0","0","TOTAL MOT","8","kg","209176.26","false","-1","N/A","0","false","209176.26","false","0","false",,"1911133","1911133","0","false","true",
"C","A","20240101","2024","52","2024","392","JPN","Japan","X","Export","0","W00","World","0","W00","World","H6","HS","true","090230","Tea, black; (fermented) and partly fermented tea, in immediate packings of a content not exceeding 3kg","6","true","C00","TOTAL CPC","0","0","TOTAL MOT","8","kg","55206","false","8","kg","55206","false","55206","false","0","false",,"1366869.568","1366869.568","0","false","true",
"C","A","20240101","2024","52","2024","398","KAZ","Kazakhstan","X","Export","0","W00","World","0","W00","World","H6","HS","true","090230","Tea, black; (fermented) and partly fermented tea, in immediate packings of a content not exceeding 3kg","6","true","C00","TOTAL CPC","0","0","TOTAL MOT","8","kg","4313047.01","false","8","kg","4313047.01","false","4313047.01","false","0","false",,"24378186.81","24378186.81","0","false","true",
"C","A","20240101","2024","52","2024","400","JOR","Jordan","X","Export","0","W00","World","0","W00","World","H6","HS","true","090230","Tea, black; (fermented) and partly fermented tea, in immediate packings of a content not exceeding 3kg","6","true","C00","TOTAL CPC","0","0","TOTAL MOT","8","kg","193850.3","false","8","kg","193850.3","false","193850.3","false","0","false",,"460890.872","460890.872","0","false","true",
"C","A","20240101","2024","52","2024","404","KEN","Kenya","X","Export","0","W00","World","0","W00","World","H6","HS","true","090230","Tea, black; (fermented) and partly fermented tea, in immediate packings of a content not exceeding 3kg","6","true","C00","TOTAL CPC","0","0","TOTAL MOT","8","kg","18486008.2","false","8","kg","18486008.2","false","18486008.2","false","0","false",,"49653321.402","49653321.402","0","false","true",
"C","A","20240101","2024","52","2024","410","KOR","Rep. of Korea","X","Export","0","W00","World","0","W00","World","H6","HS","true","090230","Tea, black; (fermented) and partly fermented tea, in immediate packings of a content not exceeding 3kg","6","true","C00","TOTAL CPC","0","0","TOTAL MOT","8","kg","32237.263","true","-1","N/A","0","false","32237.263","true","0","false",,"1038910","1038910","6","false","true",
"C","A","20240101","2024","52","2024","414","KWT","Kuwait","X","Export","0","W00","World","0","W00","World","H6","HS","true","090230","Tea, black; (fermented) and partly fermented tea, in immediate packings of a content not exceeding 3kg","6","true","C00","TOTAL CPC","0","0","TOTAL MOT","8","kg","493206.594","true","-1","N/A","0","false","493206.594","true","0","false",,"6464028","6464028","6","false","true",
"C","A","20240101","2024","52","2024","417","KGZ","Kyrgyzstan","X","Export","0","W00","World","0","W00","World","H6","HS","true","090230","Tea, black; (fermented) and partly fermented tea, in immediate packings of a content not exceeding 3kg","6","true","C00","TOTAL CPC","0","0","TOTAL MOT","8","kg","603","false","8","kg","603","false","603","false","0","false",,"16809","16809","0","false","true",
"C","A","20240101","2024","52","2024","422","LBN","Lebanon","X","Export","0","W00","World","0","W00","World","H5","HS","true","090230","Tea, black; (fermented) and partly fermented tea, in immediate packings of a content not exceeding 3kg","6","true","C00","TOTAL CPC","0","0","TOTAL MOT","8","kg","89973.659","true","-1","N/A","0","false","89973.659","true","0","false",,"1179917","1179917","6","false","true",
"C","A","20240101","2024","52","2024","426","LSO","Lesotho","X","Export","0","W00","World","0","W00","World","H6","HS","true","090230","Tea, black; (fermented) and partly fermented tea, in immediate packings of a content not exceeding 3kg","6","true","C00","TOTAL CPC","0","0","TOTAL MOT","8","kg","9","false","8","kg","9","false","9","false","0","false",,"30.795","30.795","0","false","true",
"C","A","20240101","2024","52","2024","428","LVA","Latvia","X","Export","0","W00","World","0","W00","World","H6","HS","true","090230","Tea, black; (fermented) and partly fermented tea, in immediate packings of a content not exceeding 3kg","6","true","C00","TOTAL CPC","0","0","TOTAL MOT","8","kg","236532.019","true","-1","N/A","0","false","236532.019","true","0","false",,"3576935.983","3576935.983","6","false","true",
"C","A","20240101","2024","52","2024","440","LTU","Lithuania","X","Export","0","W00","World","0","W00","World","H6","HS","true","090230","Tea, black; (fermented) and partly fermented tea, in immediate packings of a content not exceeding 3kg","6","true","C00","TOTAL CPC","0","0","TOTAL MOT","8","kg","108064.816","false","8","kg","108064.816","false","108064.816","false","0","false",,"1742811","1742811","0","false","true",
"C","A","20240101","2024","52","2024","442","LUX","Luxembourg","X","Export","0","W00","World","0","W00","World","H6","HS","true","090230","Tea, black; (fermented) and partly fermented tea, in immediate packings of a content not exceeding 3kg","6","true","C00","TOTAL CPC","0","0","TOTAL MOT","8","kg","5025.2","false","8","kg","5025.2","false","5025.2","false","0","false",,"405407.55","405407.55","0","false","true",
"C","A","20240101","2024","52","2024","446","MAC","China, Macao SAR","X","Export","0","W00","World","0","W00","World","H6","HS","true","090230","Tea, black; (fermented) and partly fermented tea, in immediate packings of a content not exceeding 3kg","6","true","C00","TOTAL CPC","0","0","TOTAL MOT","8","kg","2","false","8","kg","2","false","2","false","0","false",,"63.067","63.067","0","false","true",
"C","A","20240101","2024","52","2024","450","MDG","Madagascar","X","Export","0","W00","World","0","W00","World","H6","HS","true","090230","Tea, black; (fermented) and partly fermented tea, in immediate packings of a content not exceeding 3kg","6","true","C00","TOTAL CPC","0","0","TOTAL MOT","8","kg","302.45","false","8","kg","302.45","false","302.45","false","0","false",,"706.898","706.898","0","false","true",
"C","A","20240101","2024","52","2024","454","MWI","Malawi","X","Export","0","W00","World","0","W00","World","H6","HS","true","090230","Tea, black; (fermented) and partly fermented tea, in immediate packings of a content not exceeding 3kg","6","true","C00","TOTAL CPC","0","0","TOTAL MOT","8","kg","121949.5","false","8","kg","121949.5","false","121949.5","false","0","false",,"124448.59","124448.59","0","false","true",
"C","A","20240101","2024","52","2024","458","MYS","Malaysia","X","Export","0","W00","World","0","W00","World","H6","HS","true","090230","Tea, black; (fermented) and partly fermented tea, in immediate packings of a content not exceeding 3kg","6","true","C00","TOTAL CPC","0","0","TOTAL MOT","8","kg","717817.215","false","8","kg","717817.215","false","717817.215","false","0","false",,"2067372.187","2067372.187","0","false","true",
"C","A","20240101","2024","52","2024","480","MUS","Mauritius","X","Export","0","W00","World","0","W00","World","H6","HS","true","090230","Tea, black; (fermented) and partly fermented tea, in immediate packings of a content not exceeding 3kg","6","true","C00","TOTAL CPC","0","0","TOTAL MOT","8","kg","26119","false","8","kg","26119","false","25907","false","0","false",,"296717.035","296717.035","0","false","true",
"C","A","20240101","2024","52","2024","484","MEX","Mexico","X","Export","0","W00","World","0","W00","World","H6","HS","true","090230","Tea, black; (fermented) and partly fermented tea, in immediate packings of a content not exceeding 3kg","6","true","C00","TOTAL CPC","0","0","TOTAL MOT","8","kg","815.74","true","8","kg","792","false","815.74","true","0","false",,"1237","1237","6","false","true",
"C","A","20240101","2024","52","2024","360","IDN","Indonesia","X","Export","0","W00","World","0","W00","World","H6","HS","true","090230","Tea, black; (fermented) and partly fermented tea, in immediate packings of a content not exceeding 3kg","6","true","C00","TOTAL CPC","0","1000","Air","8","kg","282.088","false","8","kg","282.088","false","282.088","false","0","false",,"5108.451","5108.451","0","false","true",
"C","A","20240101","2024","52","2024","388","JAM","Jamaica","X","Export","0","W00","World","0","W00","World","H6","HS","true","090230","Tea, black; (fermented) and partly fermented tea, in immediate packings of a content not exceeding 3kg","6","true","C00","TOTAL CPC","0","1000","Air","8","kg","5711.88","false","-1","N/A","0","false","5711.88","false","0","false",,"105588","105588","0","false","true",
"C","A","20240101","2024","52","2024","417","KGZ","Kyrgyzstan","X","Export","0","W00","World","0","W00","World","H6","HS","true","090230","Tea, black; (fermented) and partly fermented tea, in immediate packings of a content not exceeding 3kg","6","true","C00","TOTAL CPC","0","1000","Air","8","kg","288","false","8","kg","288","false","288","false","0","false",,"12124","12124","0","false","true",
"C","A","20240101","2024","52","2024","428","LVA","Latvia","X","Export","0","W00","World","0","W00","World","H6","HS","true","090230","Tea, black; (fermented) and partly fermented tea, in immediate packings of a content not exceeding 3kg","6","true","C00","TOTAL CPC","0","1000","Air","8","kg","25","false","8","kg","25","false","25","false","0","false",,"269.304","269.304","0","false","true",
"C","A","20240101","2024","52","2024","458","MYS","Malaysia","X","Export","0","W00","World","0","W00","World","H6","HS","true","090230","Tea, black; (fermented) and partly fermented tea, in immediate packings of a content not exceeding 3kg","6","true","C00","TOTAL CPC","0","1000","Air","8","kg","1466.955","false","8","kg","1466.955","false","1466.955","false","0","false",,"15217.545","15217.545","0","false","true",
"C","A","20240101","2024","52","2024","480","MUS","Mauritius","X","Export","0","W00","World","0","W00","World","H6","HS","true","090230","Tea, black; (fermented) and partly fermented tea, in immediate packings of a content not exceeding 3kg","6","true","C00","TOTAL CPC","0","1000","Air","8","kg","1672","false","8","kg","1672","false","1578","false","0","false",,"26105.585","26105.585","0","false","true",
"C","A","20240101","2024","52","2024","484","MEX","Mexico","X","Export","0","W00","World","0","W00","World","H6","HS","true","090230","Tea, black; (fermented) and partly fermented tea, in immediate packings of a content not exceeding 3kg","6","true","C00","TOTAL CPC","0","1000","Air","8","kg","7","false","8","kg","7","false","7","false","0","false",,"444","444","0","false","true",
"C","A","20240101","2024","52","2024","458","MYS","Malaysia","X","Export","0","W00","World","0","W00","World","H6","HS","true","090230","Tea, black; (fermented) and partly fermented tea, in immediate packings of a content not exceeding 3kg","6","true","C00","TOTAL CPC","0","2000","Water","8","kg","199576.24","false","8","kg","199576.24","false","199576.24","false","0","false",,"1206968.181","1206968.181","0","false","true",
"C","A","20240101","2024","52","2024","348","HUN","Hungary","X","Export","0","W00","World","0","W00","World","H6","HS","true","090230","Tea, black; (fermented) and partly fermented tea, in immediate packings of a content not exceeding 3kg","6","true","C00","TOTAL CPC","0","2100","Sea","8","kg","107","false","8","kg","107","false","107","false","0","false",,"1777.748","1777.748","0","false","true",
"C","A","20240101","2024","52","2024","360","IDN","Indonesia","X","Export","0","W00","World","0","W00","World","H6","HS","true","090230","Tea, black; (fermented) and partly fermented tea, in immediate packings of a content not exceeding 3kg","6","true","C00","TOTAL CPC","0","2100","Sea","8","kg","314499.22","false","8","kg","314499.22","false","314499.22","false","0","false",,"982741.621","982741.621","0","false","true",
"C","A","20240101","2024","52","2024","388","JAM","Jamaica","X","Export","0","W00","World","0","W00","World","H6","HS","true","090230","Tea, black; (fermented) and partly fermented tea, in immediate packings of a content not exceeding 3kg","6","true","C00","TOTAL CPC","0","2100","Sea","8","kg","203464.38","false","8","kg","203464.38","false","203464.38","false","0","false",,"1805545","1805545","0","false","true",
"C","A","20240101","2024","52","2024","428","LVA","Latvia","X","Export","0","W00","World","0","W00","World","H6","HS","true","090230","Tea, black; (fermented) and partly fermented tea, in immediate packings of a content not exceeding 3kg","6","true","C00","TOTAL CPC","0","2100","Sea","8","kg","21422","false","8","kg","21422","false","21422","false","0","false",,"267081.332","267081.332","0","false","true",
"C","A","20240101","2024","52","2024","446","MAC","China, Macao SAR","X","Export","0","W00","World","0","W00","World","H6","HS","true","090230","Tea, black; (fermented) and partly fermented tea, in immediate packings of a content not exceeding 3kg","6","true","C00","TOTAL CPC","0","2100","Sea","8","kg","1","false","8","kg","1","false","1","false","0","false",,"11.614","11.614","0","false","true",
"C","A","20240101","2024","52","2024","480","MUS","Mauritius","X","Export","0","W00","World","0","W00","World","H6","HS","true","090230","Tea, black; (fermented) and partly fermented tea, in immediate packings of a content not exceeding 3kg","6","true","C00","TOTAL CPC","0","2100","Sea","8","kg","24447","false","8","kg","24447","false","24329","false","0","false",,"270611.449","270611.449","0","false","true",
"C","A","20240101","2024","52","2024","484","MEX","Mexico","X","Export","0","W00","World","0","W00","World","H6","HS","true","090230","Tea, black; (fermented) and partly fermented tea, in immediate packings of a content not exceeding 3kg","6","true","C00","TOTAL CPC","0","2100","Sea","8","kg","23.74","true","8","kg","0","false","23.74","true","0","false",,"36","36","6","false","true",
"C","A","20240101","2024","52","2024","348","HUN","Hungary","X","Export","0","W00","World","0","W00","World","H6","HS","true","090230","Tea, black; (fermented) and partly fermented tea, in immediate packings of a content not exceeding 3kg","6","true","C00","TOTAL CPC","0","3200","Road","8","kg","2764","false","8","kg","2764","false","2764","false","0","false",,"49603.668","49603.668","0","false","true",
"C","A","20240101","2024","52","2024","360","IDN","Indonesia","X","Export","0","W00","World","0","W00","World","H6","HS","true","090230","Tea, black; (fermented) and partly fermented tea, in immediate packings of a content not exceeding 3kg","6","true","C00","TOTAL CPC","0","3200","Road","8","kg","3575.322","false","8","kg","3575.322","false","3575.322","false","0","false",,"15168.731","15168.731","0","false","true",
"C","A","20240101","2024","52","2024","417","KGZ","Kyrgyzstan","X","Export","0","W00","World","0","W00","World","H6","HS","true","090230","Tea, black; (fermented) and partly fermented tea, in immediate packings of a content not exceeding 3kg","6","true","C00","TOTAL CPC","0","3200","Road","8","kg","315","false","8","kg","315","false","315","false","0","false",,"4685","4685","0","false","true",
"C","A","20240101","2024","52","2024","428","LVA","Latvia","X","Export","0","W00","World","0","W00","World","H6","HS","true","090230","Tea, black; (fermented) and partly fermented tea, in immediate packings of a content not exceeding 3kg","6","true","C00","TOTAL CPC","0","3200","Road","8","kg","77612.732","true","-1","N/A","0","false","77612.732","true","0","false",,"1263291.903","1263291.903","6","false","true",
"C","A","20240101","2024","52","2024","446","MAC","China, Macao SAR","X","Export","0","W00","World","0","W00","World","H6","HS","true","090230","Tea, black; (fermented) and partly fermented tea, in immediate packings of a content not exceeding 3kg","6","true","C00","TOTAL CPC","0","3200","Road","8","kg","1","false","8","kg","1","false","1","false","0","false",,"51.453","51.453","0","false","true",
"C","A","20240101","2024","52","2024","458","MYS","Malaysia","X","Export","0","W00","World","0","W00","World","H6","HS","true","090230","Tea, black; (fermented) and partly fermented tea, in immediate packings of a content not exceeding 3kg","6","true","C00","TOTAL CPC","0","3200","Road","8","kg","516774.02","false","8","kg","516774.02","false","516774.02","false","0","false",,"845186.461","845186.461","0","false","true",
"C","A","20240101","2024","52","2024","428","LVA","Latvia","X","Export","0","W00","World","0","W00","World","H6","HS","true","090230","Tea, black; (fermented) and partly fermented tea, in immediate packings of a content not exceeding 3kg","6","true","C00","TOTAL CPC","0","9200","Postal consignments, mail or courier shipment","8","kg","2","false","8","kg","2","false","2","false","0","false",,"106.883","106.883","0","false","true",
"C","A","20240101","2024","52","2024","348","HUN","Hungary","X","Export","0","W00","World","0","W00","World","H6","HS","true","090230","Tea, black; (fermented) and partly fermented tea, in immediate packings of a content not exceeding 3kg","6","true","C00","TOTAL CPC","0","9900","Other","8","kg","10800.102","false","8","kg","10800.102","false","10800.102","false","0","false",,"145595.759","145595.759","0","false","true",
"C","A","20240101","2024","52","2024","428","LVA","Latvia","X","Export","0","W00","World","0","W00","World","H6","HS","true","090230","Tea, black; (fermented) and partly fermented tea, in immediate packings of a content not exceeding 3kg","6","true","C00","TOTAL CPC","0","9900","Other","8","kg","137470.287","true","-1","N/A","0","false","137470.287","true","0","false",,"2046186.56","2046186.56","6","false","true",
"C","A","20240101","2024","52","2024","348","HUN","Hungary","X","Export","0","W00","World","0","W00","World","H6","HS","true","090240","Tea, black; (fermented) and partly fermented tea, in immediate packings of a content exceeding 3kg","6","true","C00","TOTAL CPC","0","0","TOTAL MOT","8","kg","2489.371","true","8","kg","2488.225","false","2489.371","true","0","false",,"38838.721","38838.721","6","false","true",
"C","A","20240101","2024","52","2024","352","ISL","Iceland","X","Export","0","W00","World","0","W00","World","H6","HS","true","090240","Tea, black; (fermented) and partly fermented tea, in immediate packings of a content exceeding 3kg","6","true","C00","TOTAL CPC","0","0","TOTAL MOT","8","kg","5.153","true","-1","N/A","0","false","5.153","true","0","false",,"228.751","228.751","6","false","true",
"C","A","20240101","2024","52","2024","360","IDN","Indonesia","X","Export","0","W00","World","0","W00","World","H6","HS","true","090240","Tea, black; (fermented) and partly fermented tea, in immediate packings of a content exceeding 3kg","6","true","C00","TOTAL CPC","0","0","TOTAL MOT","8","kg","29984897.578","false","8","kg","29984897.578","false","29984897.578","false","0","false",,"45950044.269","45950044.269","0","false","true",
"C","A","20240101","2024","52","2024","372","IRL","Ireland","X","Export","0","W00","World","0","W00","World","H6","HS","true","090240","Tea, black; (fermented) and partly fermented tea, in immediate packings of a content exceeding 3kg","6","true","C00","TOTAL CPC","0","0","TOTAL MOT","8","kg","380814.982","true","-1","N/A","0","false","380814.982","true","0","false",,"1678962.592","1678962.592","6","false","true",
"C","A","20240101","2024","52","2024","376","ISR","Israel","X","Export","0","W00","World","0","W00","World","H6","HS","true","090240","Tea, black; (fermented) and partly fermented tea, in immediate packings of a content exceeding 3kg","6","true","C00","TOTAL CPC","0","0","TOTAL MOT","8","kg","86932.568","true","-1","N/A","0","false","86932.568","true","0","false",,"388000","388000","6","false","true",
"C","A","20240101","2024","52","2024","380","ITA","Italy","X","Export","0","W00","World","0","W00","World","H6","HS","true","090240","Tea, black; (fermented) and partly fermented tea, in immediate packings of a content exceeding 3kg","6","true","C00","TOTAL CPC","0","0","TOTAL MOT","8","kg","171473","false","8","kg","171473","false","171473","false","0","false",,"1329115.984","1329115.984","0","false","true",
"C","A","20240101","2024","52","2024","384","CIV","Côte d'Ivoire","X","Export","0","W00","World","0","W00","World","H6","HS","true","090240","Tea, black; (fermented) and partly fermented tea, in immediate packings of a content exceeding 3kg","6","true","C00","TOTAL CPC","0","0","TOTAL MOT","8","kg","9779","false","8","kg","9779","false","9779","false","0","false",,"92730.1","92730.1","0","false","true",
"C","A","20240101","2024","52","2024","388","JAM","Jamaica","X","Export","0","W00","World","0","W00","World","H6","HS","true","090240","Tea, black; (fermented) and partly fermented tea, in immediate packings of a content exceeding 3kg","6","true","C00","TOTAL CPC","0","0","TOTAL MOT","8","kg","286180.46","false","8","kg","286180.46","false","286180.46","false","0","false",,"3076497","3076497","0","false","true",
"C","A","20240101","2024","52","2024","392","JPN","Japan","X","Export","0","W00","World","0","W00","World","H6","HS","true","090240","Tea, black; (fermented) and partly fermented tea, in immediate packings of a content exceeding 3kg","6","true","C00","TOTAL CPC","0","0","TOTAL MOT","8","kg","31444","false","8","kg","31444","false","31444","false","0","false",,"675427.718","675427.718","0","false","true",
"C","A","20240101","2024","52","2024","398","KAZ","Kazakhstan","X","Export","0","W00","World","0","W00","World","H6","HS","true","090240","Tea, black; (fermented) and partly fermented tea, in immediate packings of a content exceeding 3kg","6","true","C00","TOTAL CPC","0","0","TOTAL MOT","8","kg","483361.56","false","8","kg","483361.56","false","483361.56","false","0","false",,"1024903.62","1024903.62","0","false","true",
"C","A","20240101","2024","52","2024","400","JOR","Jordan","X","Export","0","W00","World","0","W00","World","H6","HS","true","090240","Tea, black; (fermented) and partly fermented tea, in immediate packings of a content exceeding 3kg","6","true","C00","TOTAL CPC","0","0","TOTAL MOT","8","kg","10495557.4","false","8","kg","10495557.4","false","10495557.4","false","0","false",,"64056787.132","64056787.132","0","false","true",
"C","A","20240101","2024","52","2024","404","KEN","Kenya","X","Export","0","W00","World","0","W00","World","H6","HS","true","090240","Tea, black; (fermented) and partly fermented tea, in immediate packings of a content exceeding 3kg","6","true","C00","TOTAL CPC","0","0","TOTAL MOT","8","kg","606333326.1","false","8","kg","606333326.1","false","606333326.1","false","0","false",,"1355187484.405","1355187484.405","0","false","true",
"C","A","20240101","2024","52","2024","410","KOR","Rep. of Korea","X","Export","0","W00","World","0","W00","World","H6","HS","true","090240","Tea, black; (fermented) and partly fermented tea, in immediate packings of a content exceeding 3kg","6","true","C00","TOTAL CPC","0","0","TOTAL MOT","8","kg","2652435.063","true","8","kg","222168.457","false","2652435.063","true","0","false",,"13759242","13759242","6","false","true",
"C","A","20240101","2024","52","2024","414","KWT","Kuwait","X","Export","0","W00","World","0","W00","World","H6","HS","true","090240","Tea, black; (fermented) and partly fermented tea, in immediate packings of a content exceeding 3kg","6","true","C00","TOTAL CPC","0","0","TOTAL MOT","8","kg","30898.692","true","-1","N/A","0","false","30898.692","true","0","false",,"132065","132065","6","false","true",
"C","A","20240101","2024","52","2024","417","KGZ","Kyrgyzstan","X","Export","0","W00","World","0","W00","World","H6","HS","true","090240","Tea, black; (fermented) and partly fermented tea, in immediate packings of a content exceeding 3kg","6","true","C00","TOTAL CPC","0","0","TOTAL MOT","8","kg","19147","false","8","kg","19147","false","19147","false","0","false",,"50017","50017","0","false","true",
"C","A","20240101","2024","52","2024","422","LBN","Lebanon","X","Export","0","W00","World","0","W00","World","H5","HS","true","090240","Tea, black; (fermented) and partly fermented tea, in immediate packings of a content exceeding 3kg","6","true","C00","TOTAL CPC","0","0","TOTAL MOT","8","kg","156988.792","true","-1","N/A","0","false","156988.792","true","0","false",,"700677","700677","6","false","true",
"C","A","20240101","2024","52","2024","426","LSO","Lesotho","X","Export","0","W00","World","0","W00","World","H6","HS","true","090240","Tea, black; (fermented) and partly fermented tea, in immediate packings of a content exceeding 3kg","6","true","C00","TOTAL CPC","0","0","TOTAL MOT","8","kg","18218.2","false","8","kg","18218.2","false","18218.2","false","0","false",,"104913.025","104913.025","0","false","true",
"C","A","20240101","2024","52","2024","428","LVA","Latvia","X","Export","0","W00","World","0","W00","World","H6","HS","true","090240","Tea, black; (fermented) and partly fermented tea, in immediate packings of a content exceeding 3kg","6","true","C00","TOTAL CPC","0","0","TOTAL MOT","8","kg","7911","false","8","kg","7911","false","7911","false","0","false",,"79030.732","79030.732","0","false","true",
"C","A","20240101","2024","52","2024","440","LTU","Lithuania","X","Export","0","W00","World","0","W00","World","H6","HS","true","090240","Tea, black; (fermented) and partly fermented tea, in immediate packings of a content exceeding 3kg","6","true","C00","TOTAL CPC","0","0","TOTAL MOT","8","kg","7152.762","false","8","kg","7152.762","false","7152.762","false","0","false",,"110401","110401","0","false","true",
"C","A","20240101","2024","52","2024","442","LUX","Luxembourg","X","Export","0","W00","World","0","W00","World","H6","HS","true","090240","Tea, black; (fermented) and partly fermented tea, in immediate packings of a content exceeding 3kg","6","true","C00","TOTAL CPC","0","0","TOTAL MOT","8","kg","42.39","false","8","kg","42.39","false","42.39","false","0","false",,"808.56","808.56","0","false","true",
"C","A","20240101","2024","52","2024","450","MDG","Madagascar","X","Export","0","W00","World","0","W00","World","H6","HS","true","090240","Tea, black; (fermented) and partly fermented tea, in immediate packings of a content exceeding 3kg","6","true","C00","TOTAL CPC","0","0","TOTAL MOT","8","kg","111","false","8","kg","111","false","111","false","0","false",,"550.428","550.428","0","false","true",
"C","A","20240101","2024","52","2024","454","MWI","Malawi","X","Export","0","W00","World","0","W00","World","H6","HS","true","090240","Tea, black; (fermented) and partly fermented tea, in immediate packings of a content exceeding 3kg","6","true","C00","TOTAL CPC","0","0","TOTAL MOT","8","kg","28109822","false","8","kg","28109822","false","28109822","false","0","false",,"69208169.866","69208169.866","0","false","true",
"C","A","20240101","2024","52","2024","458","MYS","Malaysia","X","Export","0","W00","World","0","W00","World","H6","HS","true","090240","Tea, black; (fermented) and partly fermented tea, in immediate packings of a content exceeding 3kg","6","true","C00","TOTAL CPC","0","0","TOTAL MOT","8","kg","2234387.02","false","8","kg","2234387.02","false","2234387.02","false","0","false",,"6194122.116","6194122.116","0","false","true",
"C","A","20240101","2024","52","2024","470","MLT","Malta","X","Export","0","W00","World","0","W00","World","H6","HS","true","090240","Tea, black; (fermented) and partly fermented tea, in immediate packings of a content exceeding 3kg","6","true","C00","TOTAL CPC","0","0","TOTAL MOT","8","kg","10","false","8","kg","10","false","10","false","0","false",,"6.494","6.494","0","false","true",
"C","A","20240101","2024","52","2024","480","MUS","Mauritius","X","Export","0","W00","World","0","W00","World","H6","HS","true","090240","Tea, black; (fermented) and partly fermented tea, in immediate packings of a content exceeding 3kg","6","true","C00","TOTAL CPC","0","0","TOTAL MOT","8","kg","327","false","8","kg","327","false","304","false","0","false",,"3056.554","3056.554","0","false","true",
"C","A","20240101","2024","52","2024","360","IDN","Indonesia","X","Export","0","W00","World","0","W00","World","H6","HS","true","090240","Tea, black; (fermented) and partly fermented tea, in immediate packings of a content exceeding 3kg","6","true","C00","TOTAL CPC","0","1000","Air","8","kg","7064.9","false","8","kg","7064.9","false","7064.9","false","0","false",,"59546.454","59546.454","0","false","true",
"C","A","20240101","2024","52","2024","388","JAM","Jamaica","X","Export","0","W00","World","0","W00","World","H6","HS","true","090240","Tea, black; (fermented) and partly fermented tea, in immediate packings of a content exceeding 3kg","6","true","C00","TOTAL CPC","0","1000","Air","8","kg","986.66","false","8","kg","986.66","false","986.66","false","0","false",,"19538","19538","0","false","true",
"C","A","20240101","2024","52","2024","428","LVA","Latvia","X","Export","0","W00","World","0","W00","World","H6","HS","true","090240","Tea, black; (fermented) and partly fermented tea, in immediate packings of a content exceeding 3kg","6","true","C00","TOTAL CPC","0","1000","Air","8","kg","196","false","8","kg","196","false","196","false","0","false",,"6612.091","6612.091","0","false","true",
"C","A","20240101","2024","52","2024","458","MYS","Malaysia","X","Export","0","W00","World","0","W00","World","H6","HS","true","090240","Tea, black; (fermented) and partly fermented tea, in immediate packings of a content exceeding 3kg","6","true","C00","TOTAL CPC","0","1000","Air","8","kg","2598.11","false","8","kg","2598.11","false","2598.11","false","0","false",,"32606.871","32606.871","0","false","true",
"C","A","20240101","2024","52","2024","480","MUS","Mauritius","X","Export","0","W00","World","0","W00","World","H6","HS","true","090240","Tea, black; (fermented) and partly fermented tea, in immediate packings of a content exceeding 3kg","6","true","C00","TOTAL CPC","0","1000","Air","8","kg","327","false","8","kg","327","false","304","false","0","false",,"3056.554","3056.554","0","false","true",
"C","A","20240101","2024","52","2024","458","MYS","Malaysia","X","Export","0","W00","World","0","W00","World","H6","HS","true","090240","Tea, black; (fermented) and partly fermented tea, in immediate packings of a content exceeding 3kg","6","true","C00","TOTAL CPC","0","2000","Water","8","kg","1220663.21","false","8","kg","1220663.21","false","1220663.21","false","0","false",,"4000143.764","4000143.764","0","false","true",
"C","A","20240101","2024","52","2024","360","IDN","Indonesia","X","Export","0","W00","World","0","W00","World","H6","HS","true","090240","Tea, black; (fermented) and partly fermented tea, in immediate packings of a content exceeding 3kg","6","true","C00","TOTAL CPC","0","2100","Sea","8","kg","29977597.372","false","8","kg","29977597.372","false","29977597.372","false","0","false",,"45890432.055","45890432.055","0","false","true",
"C","A","20240101","2024","52","2024","388","JAM","Jamaica","X","Export","0","W00","World","0","W00","World","H6","HS","true","090240","Tea, black; (fermented) and partly fermented tea, in immediate packings of a content exceeding 3kg","6","true","C00","TOTAL CPC","0","2100","Sea","8","kg","285193.8","false","8","kg","285193.8","false","285193.8","false","0","false",,"3056959","3056959","0","false","true",
"C","A","20240101","2024","52","2024","470","MLT","Malta","X","Export","0","W00","World","0","W00","World","H6","HS","true","090240","Tea, black; (fermented) and partly fermented tea, in immediate packings of a content exceeding 3kg","6","true","C00","TOTAL CPC","0","2100","Sea","8","kg","10","false","8","kg","10","false","10","false","0","false",,"6.494","6.494","0","false","true",
"C","A","20240101","2024","52","2024","348","HUN","Hungary","X","Export","0","W00","World","0","W00","World","H6","HS","true","090240","Tea, black; (fermented) and partly fermented tea, in immediate packings of a content exceeding 3kg","6","true","C00","TOTAL CPC","0","3200","Road","8","kg","710.146","true","8","kg","709","false","710.146","true","0","false",,"10248.826","10248.826","6","false","true",
"C","A","20240101","2024","52","2024","360","IDN","Indonesia","X","Export","0","W00","World","0","W00","World","H6","HS","true","090240","Tea, black; (fermented) and partly fermented tea, in immediate packings of a content exceeding 3kg","6","true","C00","TOTAL CPC","0","3200","Road","8","kg","235.306","false","8","kg","235.306","false","235.306","false","0","false",,"65.76","65.76","0","false","true",
"C","A","20240101","2024","52","2024","417","KGZ","Kyrgyzstan","X","Export","0","W00","World","0","W00","World","H6","HS","true","090240","Tea, black; (fermented) and partly fermented tea, in immediate packings of a content exceeding 3kg","6","true","C00","TOTAL CPC","0","3200","Road","8","kg","19147","false","8","kg","19147","false","19147","false","0","false",,"50017","50017","0","false","true",
"C","A","20240101","2024","52","2024","428","LVA","Latvia","X","Export","0","W00","World","0","W00","World","H6","HS","true","090240","Tea, black; (fermented) and partly fermented tea, in immediate packings of a content exceeding 3kg","6","true","C00","TOTAL CPC","0","3200","Road","8","kg","797","false","8","kg","797","false","797","false","0","false",,"16030.392","16030.392","0","false","true",
"C","A","20240101","2024","52","2024","458","MYS","Malaysia","X","Export","0","W00","World","0","W00","World","H6","HS","true","090240","Tea, black; (fermented) and partly fermented tea, in immediate packings of a content exceeding 3kg","6","true","C00","TOTAL CPC","0","3200","Road","8","kg","1011125.7","false","8","kg","1011125.7","false","1011125.7","false","0","false",,"2161371.48","2161371.48","0","false","true",
"C","A","20240101","2024","52","2024","348","HUN","Hungary","X","Export","0","W00","World","0","W00","World","H6","HS","true","090240","Tea, black; (fermented) and partly fermented tea, in immediate packings of a content exceeding 3kg","6","true","C00","TOTAL CPC","0","9900","Other","8","kg","1779.225","false","8","kg","1779.225","false","1779.225","false","0","false",,"28589.895","28589.895","0","false","true",
"C","A","20240101","2024","52","2024","428","LVA","Latvia","X","Export","0","W00","World","0","W00","World","H6","HS","true","090240","Tea, black; (fermented) and partly fermented tea, in immediate packings of a content exceeding 3kg","6","true","C00","TOTAL CPC","0","9900","Other","8","kg","6918","false","8","kg","6918","false","6918","false","0","false",,"56388.249","56388.249","0","false","true",
"C","A","20240101","2024","52","2024","490","S19","Other Asia, nes","X","Export","0","W00","World","0","W00","World","H6","HS","true","0902","Tea","4","false","C00","TOTAL CPC","0","0","TOTAL MOT","8","kg","7254101.709","true","-1","N/A","0","false","7254101.709","true","0","false",,"86994591.419","86994591.419","6","false","true",
"C","A","20240101","2024","52","2024","498","MDA","Rep. of Moldova","X","Export","0","W00","World","0","W00","World","H6","HS","true","0902","Tea","4","false","C00","TOTAL CPC","0","0","TOTAL MOT","8","kg","7245","false","8","kg","7245","false","7245","false","0","false",,"141087","141087","0","false","true",
"C","A","20240101","2024","52","2024","499","MNE","Montenegro","X","Export","0","W00","World","0","W00","World","H6","HS","true","0902","Tea","4","false","C00","TOTAL CPC","0","0","TOTAL MOT","8","kg","26881.33","false","8","kg","26881.33","false","26881.33","false","0","false",,"177177.658","177177.658","0","false","true",
"C","A","20240101","2024","52","2024","504","MAR","Morocco","X","Export","0","W00","World","0","W00","World","H6","HS","true","0902","Tea","4","false","C00","TOTAL CPC","0","0","TOTAL MOT","8","kg","2376688.24","false","8","kg","2376688.24","false","2376688.24","false","0","false",,"73143717.948","73143717.948","0","false","true",
"C","A","20240101","2024","52","2024","508","MOZ","Mozambique","X","Export","0","W00","World","0","W00","World","H6","HS","true","0902","Tea","4","false","C00","TOTAL CPC","0","0","TOTAL MOT","8","kg","1263279","false","8","kg","1263279","false","1263279","false","0","false",,"3219300.1","3219300.1","0","false","true",
"C","A","20240101","2024","52","2024","512","OMN","Oman","X","Export","0","W00","World","0","W00","World","H6","HS","true","0902","Tea","4","false","C00","TOTAL CPC","0","0","TOTAL MOT","8","kg","1652133.08","true","-1","N/A","0","false","1652133.08","true","0","false",,"7234517.544","7234517.544","6","false","true",
"C","A","20240101","2024","52","2024","516","NAM","Namibia","X","Export","0","W00","World","0","W00","World","H6","HS","true","0902","Tea","4","false","C00","TOTAL CPC","0","0","TOTAL MOT","8","kg","228.12","false","8","kg","228.12","false","228.12","false","0","false","1556.829","1556.829","1556.829","0","false","true",
"C","A","20240101","2024","52","2024","528","NLD","Netherlands","X","Export","0","W00","World","0","W00","World","H6","HS","true","0902","Tea","4","false","C00","TOTAL CPC","0","0","TOTAL MOT","8","kg","10209638","false","8","kg","10209638","false","10209638","false","0","false",,"89337459.959","89337459.959","0","false","true",
"C","A","20240101","2024","52","2024","554","NZL","New Zealand","X","Export","0","W00","World","0","W00","World","H6","HS","true","0902","Tea","4","false","C00","TOTAL CPC","0","0","TOTAL MOT","8","kg","194223.499","true","-1","N/A","0","false","194223.499","true","0","false",,"2011813.346","2011813.346","6","false","true",
"C","A","20240101","2024","52","2024","562","NER","Niger","X","Export","0","W00","World","0","W00","World","H6","HS","true","0902","Tea","4","false","C00","TOTAL CPC","0","0","TOTAL MOT","8","kg","1228872","false","8","kg","1228872","false","1228872","false","0","false",,"239266.253","239266.253","0","false","true",
"C","A","20240101","2024","52","2024","579","NOR","Norway","X","Export","0","W00","World","0","W00","World","H6","HS","true","0902","Tea","4","false","C00","TOTAL CPC","0","0","TOTAL MOT","8","kg","12158","false","8","kg","12158","false","12158","false","0","false",,"174784.666","174784.666","0","false","true",
"C","A","20240101","2024","52","2024","586","PAK","Pakistan","X","Export","0","W00","World","0","W00","World","H6","HS","true","0902","Tea","4","false","C00","TOTAL CPC","0","0","TOTAL MOT","8","kg","3738232","false","8","kg","3738232","false","3738232","false","0","false",,"20272587.726","20272587.726","0","false","true",
"C","A","20240101","2024","52","2024","600","PRY","Paraguay","X","Export","0","W00","World","0","W00","World","H6","HS","true","0902","Tea","4","false","C00","TOTAL CPC","0","0","TOTAL MOT","8","kg","681.99","false","8","kg","681.99","false","681.99","false","0","false",,"6514.52","6514.52","0","false","true",
"C","A","20240101","2024","52","2024","604","PER","Peru","X","Export","0","W00","World","0","W00","World","H6","HS","true","0902","Tea","4","false","C00","TOTAL CPC","0","0","TOTAL MOT","8","kg","1200113.438","false","8","kg","1200113.438","false","1200113.438","false","0","false",,"6829789.031","6829789.031","0","false","true",
"C","A","20240101","2024","52","2024","608","PHL","Philippines","X","Export","0","W00","World","0","W00","World","H6","HS","true","0902","Tea","4","false","C00","TOTAL CPC","0","0","TOTAL MOT","8","kg","28329.04","false","8","kg","28329.04","false","28329.04","false","28329.04","false",,"241532","241532","0","false","true",
"C","A","20240101","2024","52","2024","616","POL","Poland","X","Export","0","W00","World","0","W00","World","H6","HS","true","0902","Tea","4","false","C00","TOTAL CPC","0","0","TOTAL MOT","8","kg","20964209.761","true","-1","N/A","0","false","20964209.761","true","0","false",,"265158050","265158050","6","false","true",
"C","A","20240101","2024","52","2024","620","PRT","Portugal","X","Export","0","W00","World","0","W00","World","H6","HS","true","0902","Tea","4","false","C00","TOTAL CPC","0","0","TOTAL MOT","8","kg","335304.411","true","-1","N/A","0","false","335304.411","true","0","false",,"2744989.249","2744989.249","6","false","true",
"C","A","20240101","2024","52","2024","634","QAT","Qatar","X","Export","0","W00","World","0","W00","World","H6","HS","true","0902","Tea","4","false","C00","TOTAL CPC","0","0","TOTAL MOT","-1","N/A","0","false","-1","N/A","0","false","0","false","0","false",,"96612.361","96612.361","0","false","true",
"C","A","20240101","2024","52","2024","642","ROU","Romania","X","Export","0","W00","World","0","W00","World","H6","HS","true","0902","Tea","4","false","C00","TOTAL CPC","0","0","TOTAL MOT","8","kg","28261.436","true","-1","N/A","0","false","28261.436","true","0","false",,"542754.62","542754.62","6","false","true",
"C","A","20240101","2024","52","2024","682","SAU","Saudi Arabia","X","Export","0","W00","World","0","W00","World","H6","HS","true","0902","Tea","4","false","C00","TOTAL CPC","0","0","TOTAL MOT","8","kg","4696781","false","8","kg","4696781","false","4696781","false","0","false",,"25159154.038","25159154.038","0","false","true",
"C","A","20240101","2024","52","2024","686","SEN","Senegal","X","Export","0","W00","World","0","W00","World","H6","HS","true","0902","Tea","4","false","C00","TOTAL CPC","0","0","TOTAL MOT","8","kg","1114162","false","8","kg","1114162","false","1114162","false","0","false",,"3923302.186","3923302.186","0","false","true",
"C","A","20240101","2024","52","2024","498","MDA","Rep. of Moldova","X","Export","0","W00","World","0","W00","World","H6","HS","true","0902","Tea","4","false","C00","TOTAL CPC","0","1000","Air","8","kg","4","false","8","kg","4","false","4","false","0","false",,"200","200","0","false","true",
"C","A","20240101","2024","52","2024","499","MNE","Montenegro","X","Export","0","W00","World","0","W00","World","H6","HS","true","0902","Tea","4","false","C00","TOTAL CPC","0","1000","Air","8","kg","111.3","false","8","kg","111.3","false","111.3","false","0","false",,"39629.803","39629.803","0","false","true",
"C","A","20240101","2024","52","2024","512","OMN","Oman","X","Export","0","W00","World","0","W00","World","H6","HS","true","0902","Tea","4","false","C00","TOTAL CPC","0","1000","Air","8","kg","121.699","true","-1","N/A","0","false","121.699","true","0","false",,"520.156","520.156","6","false","true",
"C","A","20240101","2024","52","2024","516","NAM","Namibia","X","Export","0","W00","World","0","W00","World","H6","HS","true","0902","Tea","4","false","C00","TOTAL CPC","0","1000","Air","8","kg","67.98","false","8","kg","67.98","false","67.98","false","0","false","222.86","222.86","222.86","0","false","true",
"C","A","20240101","2024","52","2024","604","PER","Peru","X","Export","0","W00","World","0","W00","World","H6","HS","true","0902","Tea","4","false","C00","TOTAL CPC","0","1000","Air","8","kg","2532.87","false","8","kg","2532.87","false","2532.87","false","0","false",,"29689.592","29689.592","0","false","true",
"C","A","20240101","2024","52","2024","620","PRT","Portugal","X","Export","0","W00","World","0","W00","World","H6","HS","true","0902","Tea","4","false","C00","TOTAL CPC","0","1000","Air","8","kg","973.63","true","-1","N/A","0","false","973.63","true","0","false",,"19900.194","19900.194","6","false","true",
"C","A","20240101","2024","52","2024","642","ROU","Romania","X","Export","0","W00","World","0","W00","World","H6","HS","true","0902","Tea","4","false","C00","TOTAL CPC","0","1000","Air","8","kg","97.13","false","8","kg","97.13","false","97.13","false","0","false",,"3821.37","3821.37","0","false","true",
"C","A","20240101","2024","52","2024","512","OMN","Oman","X","Export","0","W00","World","0","W00","World","H6","HS","true","0902","Tea","4","false","C00","TOTAL CPC","0","2100","Sea","8","kg","603293.166","true","-1","N/A","0","false","603293.166","true","0","false",,"2645053.312","2645053.312","6","false","true",
"C","A","20240101","2024","52","2024","516","NAM","Namibia","X","Export","0","W00","World","0","W00","World","H6","HS","true","0902","Tea","4","false","C00","TOTAL CPC","0","2100","Sea","8","kg","60.84","false","8","kg","60.84","false","60.84","false","0","false","108.368","108.368","108.368","0","false","true",
"C","A","20240101","2024","52","2024","604","PER","Peru","X","Export","0","W00","World","0","W00","World","H6","HS","true","0902","Tea","4","false","C00","TOTAL CPC","0","2100","Sea","8","kg","1190006.831","false","8","kg","1190006.831","false","1190006.831","false","0","false",,"6792486.857","6792486.857","0","false","true",
"C","A","20240101","2024","52","2024","620","PRT","Portugal","X","Export","0","W00","World","0","W00","World","H6","HS","true","0902","Tea","4","false","C00","TOTAL CPC","0","2100","Sea","8","kg","103626.178","true","-1","N/A","0","false","103626.178","true","0","false",,"1348544.917","1348544.917","6","false","true",
"C","A","20240101","2024","52","2024","642","ROU","Romania","X","Export","0","W00","World","0","W00","World","H6","HS","true","0902","Tea","4","false","C00","TOTAL CPC","0","2100","Sea","8","kg","4","false","8","kg","4","false","4","false","0","false",,"280.72","280.72","0","false","true",
"C","A","20240101","2024","52","2024","512","OMN","Oman","X","Export","0","W00","World","0","W00","World","H6","HS","true","0902","Tea","4","false","C00","TOTAL CPC","0","3000","Land","8","kg","1048718.216","true","-1","N/A","0","false","1048718.216","true","0","false",,"4588944.076","4588944.076","6","false","true",
"C","A","20240101","2024","52","2024","604","PER","Peru","X","Export","0","W00","World","0","W00","World","H6","HS","true","0902","Tea","4","false","C00","TOTAL CPC","0","3000","Land","8","kg","7573.737","false","8","kg","7573.737","false","7573.737","false","0","false",,"7612.582","7612.582","0","false","true",
"C","A","20240101","2024","52","2024","498","MDA","Rep. of Moldova","X","Export","0","W00","World","0","W00","World","H6","HS","true","0902","Tea","4","false","C00","TOTAL CPC","0","3200","Road","8","kg","7241","false","8","kg","7241","false","7241","false","0","false",,"140887","140887","0","false","true",
"C","A","20240101","2024","52","2024","499","MNE","Montenegro","X","Export","0","W00","World","0","W00","World","H6","HS","true","0902","Tea","4","false","C00","TOTAL CPC","0","3200","Road","8","kg","26770.03","false","8","kg","26770.03","false","26770.03","false","0","false",,"137547.855","137547.855","0","false","true",
"C","A","20240101","2024","52","2024","516","NAM","Namibia","X","Export","0","W00","World","0","W00","World","H6","HS","true","0902","Tea","4","false","C00","TOTAL CPC","0","3200","Road","8","kg","99.3","false","8","kg","99.3","false","99.3","false","0","false","1225.601","1225.601","1225.601","0","false","true",
"C","A","20240101","2024","52","2024","620","PRT","Portugal","X","Export","0","W00","World","0","W00","World","H6","HS","true","0902","Tea","4","false","C00","TOTAL CPC","0","3200","Road","8","kg","225812.708","true","-1","N/A","0","false","225812.708","true","0","false",,"1246864.367","1246864.367","6","false","true",
"C","A","20240101","2024","52","2024","642","ROU","Romania","X","Export","0","W00","World","0","W00","World","H6","HS","true","0902","Tea","4","false","C00","TOTAL CPC","0","3200","Road","8","kg","25435.628","true","-1","N/A","0","false","25435.628","true","0","false",,"499107.21","499107.21","6","false","true",
"C","A","20240101","2024","52","2024","620","PRT","Portugal","X","Export","0","W00","World","0","W00","World","H6","HS","true","0902","Tea","4","false","C00","TOTAL CPC","0","9200","Postal consignments, mail or courier shipment","8","kg","4","false","8","kg","4","false","4","false","0","false",,"628.725","628.725","0","false","true",
"C","A","20240101","2024","52","2024","620","PRT","Portugal","X","Export","0","W00","World","0","W00","World","H6","HS","true","0902","Tea","4","false","C00","TOTAL CPC","0","9900","Other","8","kg","4887.895","true","-1","N/A","0","false","4887.895","true","0","false",,"129051.046","129051.046","6","false","true",
"C","A","20240101","2024","52","2024","642","ROU","Romania","X","Export","0","W00","World","0","W00","World","H6","HS","true","0902","Tea","4","false","C00","TOTAL CPC","0","9900","Other","8","kg","2724.678","true","-1","N/A","0","false","2724.678","true","0","false",,"39545.32","39545.32","6","false","true",
"C","A","20240101","2024","52","2024","490","S19","Other Asia, nes","X","Export","0","W00","World","0","W00","World","H6","HS","true","090210","Tea, green; (not fermented), in immediate packings of a content not exceeding 3kg","6","true","C00","TOTAL CPC","0","0","TOTAL MOT","8","kg","1774195","false","8","kg","1774195","false","1774195","false","0","false",,"21325002.885","21325002.885","0","false","true",
"C","A","20240101","2024","52","2024","498","MDA","Rep. of Moldova","X","Export","0","W00","World","0","W00","World","H6","HS","true","090210","Tea, green; (not fermented), in immediate packings of a content not exceeding 3kg","6","true","C00","TOTAL CPC","0","0","TOTAL MOT","8","kg","436","false","8","kg","436","false","436","false","0","false",,"11635","11635","0","false","true",
"C","A","20240101","2024","52","2024","499","MNE","Montenegro","X","Export","0","W00","World","0","W00","World","H6","HS","true","090210","Tea, green; (not fermented), in immediate packings of a content not exceeding 3kg","6","true","C00","TOTAL CPC","0","0","TOTAL MOT","8","kg","36.8","false","8","kg","36.8","false","36.8","false","0","false",,"354.307","354.307","0","false","true",
"C","A","20240101","2024","52","2024","504","MAR","Morocco","X","Export","0","W00","World","0","W00","World","H6","HS","true","090210","Tea, green; (not fermented), in immediate packings of a content not exceeding 3kg","6","true","C00","TOTAL CPC","0","0","TOTAL MOT","8","kg","1012601.21","false","8","kg","1012601.21","false","1012601.21","false","0","false",,"27428025.601","27428025.601","0","false","true",
"C","A","20240101","2024","52","2024","508","MOZ","Mozambique","X","Export","0","W00","World","0","W00","World","H6","HS","true","090210","Tea, green; (not fermented), in immediate packings of a content not exceeding 3kg","6","true","C00","TOTAL CPC","0","0","TOTAL MOT","8","kg","466","false","8","kg","466","false","466","false","0","false",,"1534.7","1534.7","0","false","true",
"C","A","20240101","2024","52","2024","512","OMN","Oman","X","Export","0","W00","World","0","W00","World","H6","HS","true","090210","Tea, green; (not fermented), in immediate packings of a content not exceeding 3kg","6","true","C00","TOTAL CPC","0","0","TOTAL MOT","8","kg","1689.198","true","-1","N/A","0","false","1689.198","true","0","false",,"34577.373","34577.373","6","false","true",
"C","A","20240101","2024","52","2024","516","NAM","Namibia","X","Export","0","W00","World","0","W00","World","H6","HS","true","090210","Tea, green; (not fermented), in immediate packings of a content not exceeding 3kg","6","true","C00","TOTAL CPC","0","0","TOTAL MOT","8","kg","8.42","false","8","kg","8.42","false","8.42","false","0","false","34.561","34.561","34.561","0","false","true",
"C","A","20240101","2024","52","2024","528","NLD","Netherlands","X","Export","0","W00","World","0","W00","World","H6","HS","true","090210","Tea, green; (not fermented), in immediate packings of a content not exceeding 3kg","6","true","C00","TOTAL CPC","0","0","TOTAL MOT","8","kg","3119349","false","8","kg","3119349","false","3119349","false","0","false",,"31933835.474","31933835.474","0","false","true",
"C","A","20240101","2024","52","2024","554","NZL","New Zealand","X","Export","0","W00","World","0","W00","World","H6","HS","true","090210","Tea, green; (not fermented), in immediate packings of a content not exceeding 3kg","6","true","C00","TOTAL CPC","0","0","TOTAL MOT","8","kg","8799.935","true","8","kg","8798","false","8799.935","true","13321","false",,"231177.794","231177.794","6","false","true",
"C","A","20240101","2024","52","2024","562","NER","Niger","X","Export","0","W00","World","0","W00","World","H6","HS","true","090210","Tea, green; (not fermented), in immediate packings of a content not exceeding 3kg","6","true","C00","TOTAL CPC","0","0","TOTAL MOT","8","kg","7480","false","8","kg","7480","false","7480","false","0","false",,"8220.564","8220.564","0","false","true",
"C","A","20240101","2024","52","2024","579","NOR","Norway","X","Export","0","W00","World","0","W00","World","H6","HS","true","090210","Tea, green; (not fermented), in immediate packings of a content not exceeding 3kg","6","true","C00","TOTAL CPC","0","0","TOTAL MOT","8","kg","999","false","8","kg","999","false","999","false","0","false",,"17188.149","17188.149","0","false","true",
"C","A","20240101","2024","52","2024","586","PAK","Pakistan","X","Export","0","W00","World","0","W00","World","H6","HS","true","090210","Tea, green; (not fermented), in immediate packings of a content not exceeding 3kg","6","true","C00","TOTAL CPC","0","0","TOTAL MOT","8","kg","135985","false","8","kg","135985","false","135985","false","0","false",,"1157612.521","1157612.521","0","false","true",
"C","A","20240101","2024","52","2024","604","PER","Peru","X","Export","0","W00","World","0","W00","World","H6","HS","true","090210","Tea, green; (not fermented), in immediate packings of a content not exceeding 3kg","6","true","C00","TOTAL CPC","0","0","TOTAL MOT","8","kg","40657.877","false","8","kg","40657.877","false","40657.877","false","0","false",,"262773.108","262773.108","0","false","true",
"C","A","20240101","2024","52","2024","608","PHL","Philippines","X","Export","0","W00","World","0","W00","World","H6","HS","true","090210","Tea, green; (not fermented), in immediate packings of a content not exceeding 3kg","6","true","C00","TOTAL CPC","0","0","TOTAL MOT","8","kg","7344.4","false","8","kg","7344.4","false","7344.4","false","7344.4","false",,"34976","34976","0","false","true",
"C","A","20240101","2024","52","2024","616","POL","Poland","X","Export","0","W00","World","0","W00","World","H6","HS","true","090210","Tea, green; (not fermented), in immediate packings of a content not exceeding 3kg","6","true","C00","TOTAL CPC","0","0","TOTAL MOT","8","kg","3805596.877","true","-1","N/A","0","false","3805596.877","true","0","false",,"64346375","64346375","6","false","true",
"C","A","20240101","2024","52","2024","620","PRT","Portugal","X","Export","0","W00","World","0","W00","World","H6","HS","true","090210","Tea, green; (not fermented), in immediate packings of a content not exceeding 3kg","6","true","C00","TOTAL CPC","0","0","TOTAL MOT","8","kg","105125.389","true","-1","N/A","0","false","105125.389","true","0","false",,"1388844.094","1388844.094","6","false","true",
"C","A","20240101","2024","52","2024","642","ROU","Romania","X","Export","0","W00","World","0","W00","World","H6","HS","true","090210","Tea, green; (not fermented), in immediate packings of a content not exceeding 3kg","6","true","C00","TOTAL CPC","0","0","TOTAL MOT","8","kg","17382.172","true","8","kg","17376.35","false","17382.172","true","0","false",,"302709.33","302709.33","6","false","true",
"C","A","20240101","2024","52","2024","682","SAU","Saudi Arabia","X","Export","0","W00","World","0","W00","World","H6","HS","true","090210","Tea, green; (not fermented), in immediate packings of a content not exceeding 3kg","6","true","C00","TOTAL CPC","0","0","TOTAL MOT","8","kg","15584","false","8","kg","15584","false","15584","false","0","false",,"97117.864","97117.864","0","false","true",
"C","A","20240101","2024","52","2024","686","SEN","Senegal","X","Export","0","W00","World","0","W00","World","H6","HS","true","090210","Tea, green; (not fermented), in immediate packings of a content not exceeding 3kg","6","true","C00","TOTAL CPC","0","0","TOTAL MOT","8","kg","21881","false","8","kg","21881","false","21881","false","0","false",,"49732.134","49732.134","0","false","true",
"C","A","20240101","2024","52","2024","516","NAM","Namibia","X","Export","0","W00","World","0","W00","World","H6","HS","true","090210","Tea, green; (not fermented), in immediate packings of a content not exceeding 3kg","6","true","C00","TOTAL CPC","0","1000","Air","8","kg","7.42","false","8","kg","7.42","false","7.42","false","0","false","30.258","30.258","30.258","0","false","true",
"C","A","20240101","2024","52","2024","604","PER","Peru","X","Export","0","W00","World","0","W00","World","H6","HS","true","090210","Tea, green; (not fermented), in immediate packings of a content not exceeding 3kg","6","true","C00","TOTAL CPC","0","1000","Air","8","kg","553.851","false","8","kg","553.851","false","553.851","false","0","false",,"5384.49","5384.49","0","false","true",
"C","A","20240101","2024","52","2024","620","PRT","Portugal","X","Export","0","W00","World","0","W00","World","H6","HS","true","090210","Tea, green; (not fermented), in immediate packings of a content not exceeding 3kg","6","true","C00","TOTAL CPC","0","1000","Air","8","kg","244.857","true","-1","N/A","0","false","244.857","true","0","false",,"7942.892","7942.892","6","false","true",
"C","A","20240101","2024","52","2024","642","ROU","Romania","X","Export","0","W00","World","0","W00","World","H6","HS","true","090210","Tea, green; (not fermented), in immediate packings of a content not exceeding 3kg","6","true","C00","TOTAL CPC","0","1000","Air","8","kg","29.84","false","8","kg","29.84","false","29.84","false","0","false",,"2257.24","2257.24","0","false","true",
"C","A","20240101","2024","52","2024","604","PER","Peru","X","Export","0","W00","World","0","W00","World","H6","HS","true","090210","Tea, green; (not fermented), in immediate packings of a content not exceeding 3kg","6","true","C00","TOTAL CPC","0","2100","Sea","8","kg","34244.901","false","8","kg","34244.901","false","34244.901","false","0","false",,"252545","252545","0","false","true",
"C","A","20240101","2024","52","2024","620","PRT","Portugal","X","Export","0","W00","World","0","W00","World","H6","HS","true","090210","Tea, green; (not fermented), in immediate packings of a content not exceeding 3kg","6","true","C00","TOTAL CPC","0","2100","Sea","8","kg","72551.714","true","-1","N/A","0","false","72551.714","true","0","false",,"1093792.882","1093792.882","6","false","true",
"C","A","20240101","2024","52","2024","642","ROU","Romania","X","Export","0","W00","World","0","W00","World","H6","HS","true","090210","Tea, green; (not fermented), in immediate packings of a content not exceeding 3kg","6","true","C00","TOTAL CPC","0","2100","Sea","8","kg","2","false","8","kg","2","false","2","false","0","false",,"140.36","140.36","0","false","true",
"C","A","20240101","2024","52","2024","512","OMN","Oman","X","Export","0","W00","World","0","W00","World","H6","HS","true","090210","Tea, green; (not fermented), in immediate packings of a content not exceeding 3kg","6","true","C00","TOTAL CPC","0","3000","Land","8","kg","1689.198","true","-1","N/A","0","false","1689.198","true","0","false",,"34577.373","34577.373","6","false","true",
"C","A","20240101","2024","52","2024","604","PER","Peru","X","Export","0","W00","World","0","W00","World","H6","HS","true","090210","Tea, green; (not fermented), in immediate packings of a content not exceeding 3kg","6","true","C00","TOTAL CPC","0","3000","Land","8","kg","5859.125","false","8","kg","5859.125","false","5859.125","false","0","false",,"4843.618","4843.618","0","false","true",
"C","A","20240101","2024","52","2024","498","MDA","Rep. of Moldova","X","Export","0","W00","World","0","W00","World","H6","HS","true","090210","Tea, green; (not fermented), in immediate packings of a content not exceeding 3kg","6","true","C00","TOTAL CPC","0","3200","Road","8","kg","436","false","8","kg","436","false","436","false","0","false",,"11635","11635","0","false","true",
"C","A","20240101","2024","52","2024","499","MNE","Montenegro","X","Export","0","W00","World","0","W00","World","H6","HS","true","090210","Tea, green; (not fermented), in immediate packings of a content not exceeding 3kg","6","true","C00","TOTAL CPC","0","3200","Road","8","kg","36.8","false","8","kg","36.8","false","36.8","false","0","false",,"354.307","354.307","0","false","true",
"C","A","20240101","2024","52","2024","516","NAM","Namibia","X","Export","0","W00","World","0","W00","World","H6","HS","true","090210","Tea, green; (not fermented), in immediate packings of a content not exceeding 3kg","6","true","C00","TOTAL CPC","0","3200","Road","8","kg","1","false","8","kg","1","false","1","false","0","false","4.303","4.303","4.303","0","false","true",
"C","A","20240101","2024","52","2024","620","PRT","Portugal","X","Export","0","W00","World","0","W00","World","H6","HS","true","090210","Tea, green; (not fermented), in immediate packings of a content not exceeding 3kg","6","true","C00","TOTAL CPC","0","3200","Road","8","kg","28945.104","true","-1","N/A","0","false","28945.104","true","0","false",,"256345.853","256345.853","6","false","true",
"C","A","20240101","2024","52","2024","642","ROU","Romania","X","Export","0","W00","World","0","W00","World","H6","HS","true","090210","Tea, green; (not fermented), in immediate packings of a content not exceeding 3kg","6","true","C00","TOTAL CPC","0","3200","Road","8","kg","15741.638","true","8","kg","15739.51","false","15741.638","true","0","false",,"279680.8","279680.8","6","false","true",
"C","A","20240101","2024","52","2024","620","PRT","Portugal","X","Export","0","W00","World","0","W00","World","H6","HS","true","090210","Tea, green; (not fermented), in immediate packings of a content not exceeding 3kg","6","true","C00","TOTAL CPC","0","9200","Postal consignments, mail or courier shipment","8","kg","2","false","8","kg","2","false","2","false","0","false",,"314.362","314.362","0","false","true",
"C","A","20240101","2024","52","2024","620","PRT","Portugal","X","Export","0","W00","World","0","W00","World","H6","HS","true","090210","Tea, green; (not fermented), in immediate packings of a content not exceeding 3kg","6","true","C00","TOTAL CPC","0","9900","Other","8","kg","3381.714","true","-1","N/A","0","false","3381.714","true","0","false",,"30448.104","30448.104","6","false","true",
"C","A","20240101","2024","52","2024","642","ROU","Romania","X","Export","0","W00","World","0","W00","World","H6","HS","true","090210","Tea, green; (not fermented), in immediate packings of a content not exceeding 3kg","6","true","C00","TOTAL CPC","0","9900","Other","8","kg","1608.694","true","8","kg","1605","false","1608.694","true","0","false",,"20630.93","20630.93","6","false","true",
"C","A","20240101","2024","52","2024","490","S19","Other Asia, nes","X","Export","0","W00","World","0","W00","World","H6","HS","true","090220","Tea, green; (not fermented), in immediate packings of a content exceeding 3kg","6","true","C00","TOTAL CPC","0","0","TOTAL MOT","8","kg","307337","false","8","kg","307337","false","307337","false","0","false",,"4043540.417","4043540.417","0","false","true",
"C","A","20240101","2024","52","2024","498","MDA","Rep. of Moldova","X","Export","0","W00","World","0","W00","World","H6","HS","true","090220","Tea, green; (not fermented), in immediate packings of a content exceeding 3kg","6","true","C00","TOTAL CPC","0","0","TOTAL MOT","8","kg","8","false","8","kg","8","false","8","false","0","false",,"456","456","0","false","true",
"C","A","20240101","2024","52","2024","499","MNE","Montenegro","X","Export","0","W00","World","0","W00","World","H6","HS","true","090220","Tea, green; (not fermented), in immediate packings of a content exceeding 3kg","6","true","C00","TOTAL CPC","0","0","TOTAL MOT","8","kg","26707.2","false","8","kg","26707.2","false","26707.2","false","0","false",,"175399.079","175399.079","0","false","true",
"C","A","20240101","2024","52","2024","504","MAR","Morocco","X","Export","0","W00","World","0","W00","World","H6","HS","true","090220","Tea, green; (not fermented), in immediate packings of a content exceeding 3kg","6","true","C00","TOTAL CPC","0","0","TOTAL MOT","8","kg","22323.83","false","8","kg","22323.83","false","22323.83","false","0","false",,"293585.125","293585.125","0","false","true",
"C","A","20240101","2024","52","2024","508","MOZ","Mozambique","X","Export","0","W00","World","0","W00","World","H6","HS","true","090220","Tea, green; (not fermented), in immediate packings of a content exceeding 3kg","6","true","C00","TOTAL CPC","0","0","TOTAL MOT","8","kg","45","false","8","kg","45","false","45","false","0","false",,"357.5","357.5","0","false","true",
"C","A","20240101","2024","52","2024","512","OMN","Oman","X","Export","0","W00","World","0","W00","World","H6","HS","true","090220","Tea, green; (not fermented), in immediate packings of a content exceeding 3kg","6","true","C00","TOTAL CPC","0","0","TOTAL MOT","8","kg","94.727","true","-1","N/A","0","false","94.727","true","0","false",,"782.835","782.835","6","false","true",
"C","A","20240101","2024","52","2024","516","NAM","Namibia","X","Export","0","W00","World","0","W00","World","H6","HS","true","090220","Tea, green; (not fermented), in immediate packings of a content exceeding 3kg","6","true","C00","TOTAL CPC","0","0","TOTAL MOT","8","kg","66.84","false","8","kg","66.84","false","66.84","false","0","false","479.57","479.57","479.57","0","false","true",
"C","A","20240101","2024","52","2024","528","NLD","Netherlands","X","Export","0","W00","World","0","W00","World","H6","HS","true","090220","Tea, green; (not fermented), in immediate packings of a content exceeding 3kg","6","true","C00","TOTAL CPC","0","0","TOTAL MOT","8","kg","376223","false","8","kg","376223","false","376223","false","0","false",,"5651652.819","5651652.819","0","false","true",
"C","A","20240101","2024","52","2024","554","NZL","New Zealand","X","Export","0","W00","World","0","W00","World","H6","HS","true","090220","Tea, green; (not fermented), in immediate packings of a content exceeding 3kg","6","true","C00","TOTAL CPC","0","0","TOTAL MOT","8","kg","4575.564","true","8","kg","4569","false","4575.564","true","0","false",,"81848.524","81848.524","6","false","true",
"C","A","20240101","2024","52","2024","562","NER","Niger","X","Export","0","W00","World","0","W00","World","H6","HS","true","090220","Tea, green; (not fermented), in immediate packings of a content exceeding 3kg","6","true","C00","TOTAL CPC","0","0","TOTAL MOT","8","kg","1221342","false","8","kg","1221342","false","1221342","false","0","false",,"230988.134","230988.134","0","false","true",
"C","A","20240101","2024","52","2024","579","NOR","Norway","X","Export","0","W00","World","0","W00","World","H6","HS","true","090220","Tea, green; (not fermented), in immediate packings of a content exceeding 3kg","6","true","C00","TOTAL CPC","0","0","TOTAL MOT","8","kg","6","false","8","kg","6","false","6","false","0","false",,"290.624","290.624","0","false","true",
"C","A","20240101","2024","52","2024","586","PAK","Pakistan","X","Export","0","W00","World","0","W00","World","H6","HS","true","090220","Tea, green; (not fermented), in immediate packings of a content exceeding 3kg","6","true","C00","TOTAL CPC","0","0","TOTAL MOT","8","kg","3487","false","8","kg","3487","false","3487","false","0","false",,"27063.334","27063.334","0","false","true",
"C","A","20240101","2024","52","2024","600","PRY","Paraguay","X","Export","0","W00","World","0","W00","World","H6","HS","true","090220","Tea, green; (not fermented), in immediate packings of a content exceeding 3kg","6","true","C00","TOTAL CPC","0","0","TOTAL MOT","8","kg","650.75","false","8","kg","650.75","false","650.75","false","0","false",,"6272.1","6272.1","0","false","true",
"C","A","20240101","2024","52","2024","604","PER","Peru","X","Export","0","W00","World","0","W00","World","H6","HS","true","090220","Tea, green; (not fermented), in immediate packings of a content exceeding 3kg","6","true","C00","TOTAL CPC","0","0","TOTAL MOT","8","kg","179.795","false","8","kg","179.795","false","179.795","false","0","false",,"3007.288","3007.288","0","false","true",
"C","A","20240101","2024","52","2024","608","PHL","Philippines","X","Export","0","W00","World","0","W00","World","H6","HS","true","090220","Tea, green; (not fermented), in immediate packings of a content exceeding 3kg","6","true","C00","TOTAL CPC","0","0","TOTAL MOT","8","kg","18768.58","false","8","kg","18768.58","false","18768.58","false","18768.58","false",,"187137","187137","0","false","true",
"C","A","20240101","2024","52","2024","616","POL","Poland","X","Export","0","W00","World","0","W00","World","H6","HS","true","090220","Tea, green; (not fermented), in immediate packings of a content exceeding 3kg","6","true","C00","TOTAL CPC","0","0","TOTAL MOT","8","kg","207685.937","true","-1","N/A","0","false","207685.937","true","0","false",,"1474713","1474713","6","false","true",
"C","A","20240101","2024","52","2024","620","PRT","Portugal","X","Export","0","W00","World","0","W00","World","H6","HS","true","090220","Tea, green; (not fermented), in immediate packings of a content exceeding 3kg","6","true","C00","TOTAL CPC","0","0","TOTAL MOT","8","kg","15981.878","true","-1","N/A","0","false","15981.878","true","0","false",,"591639.656","591639.656","6","false","true",
"C","A","20240101","2024","52","2024","642","ROU","Romania","X","Export","0","W00","World","0","W00","World","H6","HS","true","090220","Tea, green; (not fermented), in immediate packings of a content exceeding 3kg","6","true","C00","TOTAL CPC","0","0","TOTAL MOT","8","kg","3328.58","true","8","kg","3324.25","false","3328.58","true","0","false",,"74550.84","74550.84","6","false","true",
"C","A","20240101","2024","52","2024","682","SAU","Saudi Arabia","X","Export","0","W00","World","0","W00","World","H6","HS","true","090220","Tea, green; (not fermented), in immediate packings of a content exceeding 3kg","6","true","C00","TOTAL CPC","0","0","TOTAL MOT","8","kg","38620","false","8","kg","38620","false","38620","false","0","false",,"205324.262","205324.262","0","false","true",
"C","A","20240101","2024","52","2024","686","SEN","Senegal","X","Export","0","W00","World","0","W00","World","H6","HS","true","090220","Tea, green; (not fermented), in immediate packings of a content exceeding 3kg","6","true","C00","TOTAL CPC","0","0","TOTAL MOT","8","kg","1088514","false","8","kg","1088514","false","1088514","false","0","false",,"3866321.471","3866321.471","0","false","true",
"C","A","20240101","2024","52","2024","499","MNE","Montenegro","X","Export","0","W00","World","0","W00","World","H6","HS","true","090220","Tea, green; (not fermented), in immediate packings of a content exceeding 3kg","6","true","C00","TOTAL CPC","0","1000","Air","8","kg","65.3","false","8","kg","65.3","false","65.3","false","0","false",,"39578.957","39578.957","0","false","true",
"C","A","20240101","2024","52","2024","516","NAM","Namibia","X","Export","0","W00","World","0","W00","World","H6","HS","true","090220","Tea, green; (not fermented), in immediate packings of a content exceeding 3kg","6","true","C00","TOTAL CPC","0","1000","Air","8","kg","2","false","8","kg","2","false","2","false","0","false","8.252","8.252","8.252","0","false","true",
"C","A","20240101","2024","52","2024","604","PER","Peru","X","Export","0","W00","World","0","W00","World","H6","HS","true","090220","Tea, green; (not fermented), in immediate packings of a content exceeding 3kg","6","true","C00","TOTAL CPC","0","1000","Air","8","kg","179.795","false","8","kg","179.795","false","179.795","false","0","false",,"3007.288","3007.288","0","false","true",
"C","A","20240101","2024","52","2024","620","PRT","Portugal","X","Export","0","W00","World","0","W00","World","H6","HS","true","090220","Tea, green; (not fermented), in immediate packings of a content exceeding 3kg","6","true","C00","TOTAL CPC","0","1000","Air","8","kg","361.557","true","-1","N/A","0","false","361.557","true","0","false",,"6372.128","6372.128","6","false","true",
"C","A","20240101","2024","52","2024","642","ROU","Romania","X","Export","0","W00","World","0","W00","World","H6","HS","true","090220","Tea, green; (not fermented), in immediate packings of a content exceeding 3kg","6","true","C00","TOTAL CPC","0","1000","Air","8","kg","7.29","false","8","kg","7.29","false","7.29","false","0","false",,"183.79","183.79","0","false","true",
"C","A","20240101","2024","52","2024","512","OMN","Oman","X","Export","0","W00","World","0","W00","World","H6","HS","true","090220","Tea, green; (not fermented), in immediate packings of a content exceeding 3kg","6","true","C00","TOTAL CPC","0","2100","Sea","8","kg","36.191","true","-1","N/A","0","false","36.191","true","0","false",,"299.09","299.09","6","false","true",
"C","A","20240101","2024","52","2024","516","NAM","Namibia","X","Export","0","W00","World","0","W00","World","H6","HS","true","090220","Tea, green; (not fermented), in immediate packings of a content exceeding 3kg","6","true","C00","TOTAL CPC","0","2100","Sea","8","kg","57.84","false","8","kg","57.84","false","57.84","false","0","false","96.564","96.564","96.564","0","false","true",
"C","A","20240101","2024","52","2024","620","PRT","Portugal","X","Export","0","W00","World","0","W00","World","H6","HS","true","090220","Tea, green; (not fermented), in immediate packings of a content exceeding 3kg","6","true","C00","TOTAL CPC","0","2100","Sea","8","kg","4540.255","true","-1","N/A","0","false","4540.255","true","0","false",,"41415.164","41415.164","6","false","true",
"C","A","20240101","2024","52","2024","512","OMN","Oman","X","Export","0","W00","World","0","W00","World","H6","HS","true","090220","Tea, green; (not fermented), in immediate packings of a content exceeding 3kg","6","true","C00","TOTAL CPC","0","3000","Land","8","kg","58.535","true","-1","N/A","0","false","58.535","true","0","false",,"483.745","483.745","6","false","true",
"C","A","20240101","2024","52","2024","498","MDA","Rep. of Moldova","X","Export","0","W00","World","0","W00","World","H6","HS","true","090220","Tea, green; (not fermented), in immediate packings of a content exceeding 3kg","6","true","C00","TOTAL CPC","0","3200","Road","8","kg","8","false","8","kg","8","false","8","false","0","false",,"456","456","0","false","true",
"C","A","20240101","2024","52","2024","499","MNE","Montenegro","X","Export","0","W00","World","0","W00","World","H6","HS","true","090220","Tea, green; (not fermented), in immediate packings of a content exceeding 3kg","6","true","C00","TOTAL CPC","0","3200","Road","8","kg","26641.9","false","8","kg","26641.9","false","26641.9","false","0","false",,"135820.122","135820.122","0","false","true",
"C","A","20240101","2024","52","2024","516","NAM","Namibia","X","Export","0","W00","World","0","W00","World","H6","HS","true","090220","Tea, green; (not fermented), in immediate packings of a content exceeding 3kg","6","true","C00","TOTAL CPC","0","3200","Road","8","kg","7","false","8","kg","7","false","7","false","0","false","374.754","374.754","374.754","0","false","true",
"C","A","20240101","2024","52","2024","620","PRT","Portugal","X","Export","0","W00","World","0","W00","World","H6","HS","true","090220","Tea, green; (not fermented), in immediate packings of a content exceeding 3kg","6","true","C00","TOTAL CPC","0","3200","Road","8","kg","9679.066","true","-1","N/A","0","false","9679.066","true","0","false",,"446573.937","446573.937","6","false","true",
"C","A","20240101","2024","52","2024","642","ROU","Romania","X","Export","0","W00","World","0","W00","World","H6","HS","true","090220","Tea, green; (not fermented), in immediate packings of a content exceeding 3kg","6","true","C00","TOTAL CPC","0","3200","Road","8","kg","3093.202","true","8","kg","3088.96","false","3093.202","true","0","false",,"72636.13","72636.13","6","false","true",
"C","A","20240101","2024","52","2024","620","PRT","Portugal","X","Export","0","W00","World","0","W00","World","H6","HS","true","090220","Tea, green; (not fermented), in immediate packings of a content exceeding 3kg","6","true","C00","TOTAL CPC","0","9900","Other","8","kg","1401","false","8","kg","1401","false","1401","false","0","false",,"97278.428","97278.428","0","false","true",
"C","A","20240101","2024","52","2024","642","ROU","Romania","X","Export","0","W00","World","0","W00","World","H6","HS","true","090220","Tea, green; (not fermented), in immediate packings of a content exceeding 3kg","6","true","C00","TOTAL CPC","0","9900","Other","8","kg","228.088","true","8","kg","228","false","228.088","true","0","false",,"1730.92","1730.92","6","false","true",
"C","A","20240101","2024","52","2024","490","S19","Other Asia, nes","X","Export","0","W00","World","0","W00","World","H6","HS","true","090230","Tea, black; (fermented) and partly fermented tea, in immediate packings of a content not exceeding 3kg","6","true","C00","TOTAL CPC","0","0","TOTAL MOT","8","kg","3681275.709","true","-1","N/A","0","false","3681275.709","true","0","false",,"45119275.656","45119275.656","6","false","true",
"C","A","20240101","2024","52","2024","498","MDA","Rep. of Moldova","X","Export","0","W00","World","0","W00","World","H6","HS","true","090230","Tea, black; (fermented) and partly fermented tea, in immediate packings of a content not exceeding 3kg","6","true","C00","TOTAL CPC","0","0","TOTAL MOT","8","kg","6801","false","8","kg","6801","false","6801","false","0","false",,"128996","128996","0","false","true",
"C","A","20240101","2024","52","2024","499","MNE","Montenegro","X","Export","0","W00","World","0","W00","World","H6","HS","true","090230","Tea, black; (fermented) and partly fermented tea, in immediate packings of a content not exceeding 3kg","6","true","C00","TOTAL CPC","0","0","TOTAL MOT","8","kg","134.2","false","8","kg","134.2","false","134.2","false","0","false",,"1278.442","1278.442","0","false","true",
"C","A","20240101","2024","52","2024","504","MAR","Morocco","X","Export","0","W00","World","0","W00","World","H6","HS","true","090230","Tea, black; (fermented) and partly fermented tea, in immediate packings of a content not exceeding 3kg","6","true","C00","TOTAL CPC","0","0","TOTAL MOT","8","kg","1336095.78","false","8","kg","1336095.78","false","1336095.78","false","0","false",,"45346853.103","45346853.103","0","false","true",
"C","A","20240101","2024","52","2024","508","MOZ","Mozambique","X","Export","0","W00","World","0","W00","World","H6","HS","true","090230","Tea, black; (fermented) and partly fermented tea, in immediate packings of a content not exceeding 3kg","6","true","C00","TOTAL CPC","0","0","TOTAL MOT","8","kg","28","false","8","kg","28","false","28","false","0","false",,"87.8","87.8","0","false","true",
"C","A","20240101","2024","52","2024","512","OMN","Oman","X","Export","0","W00","World","0","W00","World","H6","HS","true","090230","Tea, black; (fermented) and partly fermented tea, in immediate packings of a content not exceeding 3kg","6","true","C00","TOTAL CPC","0","0","TOTAL MOT","8","kg","16457.426","true","-1","N/A","0","false","16457.426","true","0","false",,"215693.108","215693.108","6","false","true",
"C","A","20240101","2024","52","2024","516","NAM","Namibia","X","Export","0","W00","World","0","W00","World","H6","HS","true","090230","Tea, black; (fermented) and partly fermented tea, in immediate packings of a content not exceeding 3kg","6","true","C00","TOTAL CPC","0","0","TOTAL MOT","8","kg","81.8","false","8","kg","81.8","false","81.8","false","0","false","499.444","499.444","499.444","0","false","true",
"C","A","20240101","2024","52","2024","528","NLD","Netherlands","X","Export","0","W00","World","0","W00","World","H6","HS","true","090230","Tea, black; (fermented) and partly fermented tea, in immediate packings of a content not exceeding 3kg","6","true","C00","TOTAL CPC","0","0","TOTAL MOT","8","kg","4167954","false","8","kg","4167954","false","4167954","false","0","false",,"41698125.983","41698125.983","0","false","true",
"C","A","20240101","2024","52","2024","554","NZL","New Zealand","X","Export","0","W00","World","0","W00","World","H6","HS","true","090230","Tea, black; (fermented) and partly fermented tea, in immediate packings of a content not exceeding 3kg","6","true","C00","TOTAL CPC","0","0","TOTAL MOT","8","kg","160160","false","8","kg","160160","false","160160","false","172827","false",,"1409249.062","1409249.062","0","false","true",
"C","A","20240101","2024","52","2024","562","NER","Niger","X","Export","0","W00","World","0","W00","World","H6","HS","true","090230","Tea, black; (fermented) and partly fermented tea, in immediate packings of a content not exceeding 3kg","6","true","C00","TOTAL CPC","0","0","TOTAL MOT","8","kg","50","false","8","kg","50","false","50","false","0","false",,"57.555","57.555","0","false","true",
"C","A","20240101","2024","52","2024","579","NOR","Norway","X","Export","0","W00","World","0","W00","World","H6","HS","true","090230","Tea, black; (fermented) and partly fermented tea, in immediate packings of a content not exceeding 3kg","6","true","C00","TOTAL CPC","0","0","TOTAL MOT","8","kg","11146","false","8","kg","11146","false","11146","false","0","false",,"156776.664","156776.664","0","false","true",
"C","A","20240101","2024","52","2024","586","PAK","Pakistan","X","Export","0","W00","World","0","W00","World","H6","HS","true","090230","Tea, black; (fermented) and partly fermented tea, in immediate packings of a content not exceeding 3kg","6","true","C00","TOTAL CPC","0","0","TOTAL MOT","8","kg","2566878","false","8","kg","2566878","false","2566878","false","0","false",,"15243695.725","15243695.725","0","false","true",
"C","A","20240101","2024","52","2024","600","PRY","Paraguay","X","Export","0","W00","World","0","W00","World","H6","HS","true","090230","Tea, black; (fermented) and partly fermented tea, in immediate packings of a content not exceeding 3kg","6","true","C00","TOTAL CPC","0","0","TOTAL MOT","8","kg","31.24","false","8","kg","31.24","false","31.24","false","0","false",,"242.42","242.42","0","false","true",
"C","A","20240101","2024","52","2024","604","PER","Peru","X","Export","0","W00","World","0","W00","World","H6","HS","true","090230","Tea, black; (fermented) and partly fermented tea, in immediate packings of a content not exceeding 3kg","6","true","C00","TOTAL CPC","0","0","TOTAL MOT","8","kg","728994.013","false","8","kg","728994.013","false","728994.013","false","0","false",,"5402884.075","5402884.075","0","false","true",
"C","A","20240101","2024","52","2024","616","POL","Poland","X","Export","0","W00","World","0","W00","World","H6","HS","true","090230","Tea, black; (fermented) and partly fermented tea, in immediate packings of a content not exceeding 3kg","6","true","C00","TOTAL CPC","0","0","TOTAL MOT","8","kg","15422661.043","true","-1","N/A","0","false","15422661.043","true","0","false",,"189826932","189826932","6","false","true",
"C","A","20240101","2024","52","2024","620","PRT","Portugal","X","Export","0","W00","World","0","W00","World","H6","HS","true","090230","Tea, black; (fermented) and partly fermented tea, in immediate packings of a content not exceeding 3kg","6","true","C00","TOTAL CPC","0","0","TOTAL MOT","8","kg","208893.881","true","-1","N/A","0","false","208893.881","true","0","false",,"702512.166","702512.166","6","false","true",
"C","A","20240101","2024","52","2024","642","ROU","Romania","X","Export","0","W00","World","0","W00","World","H6","HS","true","090230","Tea, black; (fermented) and partly fermented tea, in immediate packings of a content not exceeding 3kg","6","true","C00","TOTAL CPC","0","0","TOTAL MOT","8","kg","6778.952","true","8","kg","6773.62","false","6778.952","true","0","false",,"142492.54","142492.54","6","false","true",
"C","A","20240101","2024","52","2024","682","SAU","Saudi Arabia","X","Export","0","W00","World","0","W00","World","H6","HS","true","090230","Tea, black; (fermented) and partly fermented tea, in immediate packings of a content not exceeding 3kg","6","true","C00","TOTAL CPC","0","0","TOTAL MOT","8","kg","973708","false","8","kg","973708","false","973708","false","0","false",,"10648978.934","10648978.934","0","false","true",
"C","A","20240101","2024","52","2024","686","SEN","Senegal","X","Export","0","W00","World","0","W00","World","H6","HS","true","090230","Tea, black; (fermented) and partly fermented tea, in immediate packings of a content not exceeding 3kg","6","true","C00","TOTAL CPC","0","0","TOTAL MOT","8","kg","3542","false","8","kg","3542","false","3542","false","0","false",,"6493.734","6493.734","0","false","true",
"C","A","20240101","2024","52","2024","498","MDA","Rep. of Moldova","X","Export","0","W00","World","0","W00","World","H6","HS","true","090230","Tea, black; (fermented) and partly fermented tea, in immediate packings of a content not exceeding 3kg","6","true","C00","TOTAL CPC","0","1000","Air","8","kg","4","false","8","kg","4","false","4","false","0","false",,"200","200","0","false","true",
"C","A","20240101","2024","52","2024","499","MNE","Montenegro","X","Export","0","W00","World","0","W00","World","H6","HS","true","090230","Tea, black; (fermented) and partly fermented tea, in immediate packings of a content not exceeding 3kg","6","true","C00","TOTAL CPC","0","1000","Air","8","kg","46","false","8","kg","46","false","46","false","0","false",,"50.846","50.846","0","false","true",
"C","A","20240101","2024","52","2024","516","NAM","Namibia","X","Export","0","W00","World","0","W00","World","H6","HS","true","090230","Tea, black; (fermented) and partly fermented tea, in immediate packings of a content not exceeding 3kg","6","true","C00","TOTAL CPC","0","1000","Air","8","kg","0.5","false","8","kg","0.5","false","0.5","false","0","false","18.485","18.485","18.485","0","false","true",
"C","A","20240101","2024","52","2024","604","PER","Peru","X","Export","0","W00","World","0","W00","World","H6","HS","true","090230","Tea, black; (fermented) and partly fermented tea, in immediate packings of a content not exceeding 3kg","6","true","C00","TOTAL CPC","0","1000","Air","8","kg","1510.493","false","8","kg","1510.493","false","1510.493","false","0","false",,"15917.514","15917.514","0","false","true",
"C","A","20240101","2024","52","2024","620","PRT","Portugal","X","Export","0","W00","World","0","W00","World","H6","HS","true","090230","Tea, black; (fermented) and partly fermented tea, in immediate packings of a content not exceeding 3kg","6","true","C00","TOTAL CPC","0","1000","Air","8","kg","285.606","true","-1","N/A","0","false","285.606","true","0","false",,"4000.787","4000.787","6","false","true",
"C","A","20240101","2024","52","2024","642","ROU","Romania","X","Export","0","W00","World","0","W00","World","H6","HS","true","090230","Tea, black; (fermented) and partly fermented tea, in immediate packings of a content not exceeding 3kg","6","true","C00","TOTAL CPC","0","1000","Air","8","kg","60","false","8","kg","60","false","60","false","0","false",,"1380.34","1380.34","0","false","true",
"C","A","20240101","2024","52","2024","512","OMN","Oman","X","Export","0","W00","World","0","W00","World","H6","HS","true","090230","Tea, black; (fermented) and partly fermented tea, in immediate packings of a content not exceeding 3kg","6","true","C00","TOTAL CPC","0","2100","Sea","8","kg","7513.138","true","-1","N/A","0","false","7513.138","true","0","false",,"98468.14","98468.14","6","false","true",
"C","A","20240101","2024","52","2024","516","NAM","Namibia","X","Export","0","W00","World","0","W00","World","H6","HS","true","090230","Tea, black; (fermented) and partly fermented tea, in immediate packings of a content not exceeding 3kg","6","true","C00","TOTAL CPC","0","2100","Sea","8","kg","1","false","8","kg","1","false","1","false","0","false","0.151","0.151","0.151","0","false","true",
"C","A","20240101","2024","52","2024","604","PER","Peru","X","Export","0","W00","World","0","W00","World","H6","HS","true","090230","Tea, black; (fermented) and partly fermented tea, in immediate packings of a content not exceeding 3kg","6","true","C00","TOTAL CPC","0","2100","Sea","8","kg","726527.636","false","8","kg","726527.636","false","726527.636","false","0","false",,"5384472.107","5384472.107","0","false","true",
"C","A","20240101","2024","52","2024","620","PRT","Portugal","X","Export","0","W00","World","0","W00","World","H6","HS","true","090230","Tea, black; (fermented) and partly fermented tea, in immediate packings of a content not exceeding 3kg","6","true","C00","TOTAL CPC","0","2100","Sea","8","kg","22668.493","true","-1","N/A","0","false","22668.493","true","0","false",,"173059.7","173059.7","6","false","true",
"C","A","20240101","2024","52","2024","642","ROU","Romania","X","Export","0","W00","World","0","W00","World","H6","HS","true","090230","Tea, black; (fermented) and partly fermented tea, in immediate packings of a content not exceeding 3kg","6","true","C00","TOTAL CPC","0","2100","Sea","8","kg","2","false","8","kg","2","false","2","false","0","false",,"140.36","140.36","0","false","true",
"C","A","20240101","2024","52","2024","512","OMN","Oman","X","Export","0","W00","World","0","W00","World","H6","HS","true","090230","Tea, black; (fermented) and partly fermented tea, in immediate packings of a content not exceeding 3kg","6","true","C00","TOTAL CPC","0","3000","Land","8","kg","8944.288","true","-1","N/A","0","false","8944.288","true","0","false",,"117224.967","117224.967","6","false","true",
"C","A","20240101","2024","52","2024","604","PER","Peru","X","Export","0","W00","World","0","W00","World","H6","HS","true","090230","Tea, black; (fermented) and partly fermented tea, in immediate packings of a content not exceeding 3kg","6","true","C00","TOTAL CPC","0","3000","Land","8","kg","955.884","false","8","kg","955.884","false","955.884","false","0","false",,"2494.454","2494.454","0","false","true",
"C","A","20240101","2024","52","2024","498","MDA","Rep. of Moldova","X","Export","0","W00","World","0","W00","World","H6","HS","true","090230","Tea, black; (fermented) and partly fermented tea, in immediate packings of a content not exceeding 3kg","6","true","C00","TOTAL CPC","0","3200","Road","8","kg","6797","false","8","kg","6797","false","6797","false","0","false",,"128796","128796","0","false","true",
"C","A","20240101","2024","52","2024","499","MNE","Montenegro","X","Export","0","W00","World","0","W00","World","H6","HS","true","090230","Tea, black; (fermented) and partly fermented tea, in immediate packings of a content not exceeding 3kg","6","true","C00","TOTAL CPC","0","3200","Road","8","kg","88.2","false","8","kg","88.2","false","88.2","false","0","false",,"1227.596","1227.596","0","false","true",
"C","A","20240101","2024","52","2024","516","NAM","Namibia","X","Export","0","W00","World","0","W00","World","H6","HS","true","090230","Tea, black; (fermented) and partly fermented tea, in immediate packings of a content not exceeding 3kg","6","true","C00","TOTAL CPC","0","3200","Road","8","kg","80.3","false","8","kg","80.3","false","80.3","false","0","false","480.808","480.808","480.808","0","false","true",
"C","A","20240101","2024","52","2024","620","PRT","Portugal","X","Export","0","W00","World","0","W00","World","H6","HS","true","090230","Tea, black; (fermented) and partly fermented tea, in immediate packings of a content not exceeding 3kg","6","true","C00","TOTAL CPC","0","3200","Road","8","kg","185832.601","true","-1","N/A","0","false","185832.601","true","0","false",,"523812.803","523812.803","6","false","true",
"C","A","20240101","2024","52","2024","642","ROU","Romania","X","Export","0","W00","World","0","W00","World","H6","HS","true","090230","Tea, black; (fermented) and partly fermented tea, in immediate packings of a content not exceeding 3kg","6","true","C00","TOTAL CPC","0","3200","Road","8","kg","5829.745","true","8","kg","5825.62","false","5829.745","true","0","false",,"123808.9","123808.9","6","false","true",
"C","A","20240101","2024","52","2024","620","PRT","Portugal","X","Export","0","W00","World","0","W00","World","H6","HS","true","090230","Tea, black; (fermented) and partly fermented tea, in immediate packings of a content not exceeding 3kg","6","true","C00","TOTAL CPC","0","9200","Postal consignments, mail or courier shipment","8","kg","2","false","8","kg","2","false","2","false","0","false",,"314.362","314.362","0","false","true",
"C","A","20240101","2024","52","2024","620","PRT","Portugal","X","Export","0","W00","World","0","W00","World","H6","HS","true","090230","Tea, black; (fermented) and partly fermented tea, in immediate packings of a content not exceeding 3kg","6","true","C00","TOTAL CPC","0","9900","Other","8","kg","105.181","true","-1","N/A","0","false","105.181","true","0","false",,"1324.514","1324.514","6","false","true",
"C","A","20240101","2024","52","2024","642","ROU","Romania","X","Export","0","W00","World","0","W00","World","H6","HS","true","090230","Tea, black; (fermented) and partly fermented tea, in immediate packings of a content not exceeding 3kg","6","true","C00","TOTAL CPC","0","9900","Other","8","kg","887.207","true","8","kg","886","false","887.207","true","0","false",,"17162.94","17162.94","6","false","true",
"C","A","20240101","2024","52","2024","490","S19","Other Asia, nes","X","Export","0","W00","World","0","W00","World","H6","HS","true","090240","Tea, black; (fermented) and partly fermented tea, in immediate packings of a content exceeding 3kg","6","true","C00","TOTAL CPC","0","0","TOTAL MOT","8","kg","1491294","false","8","kg","1491294","false","1491294","false","0","false",,"16506772.461","16506772.461","0","false","true",
"C","A","20240101","2024","52","2024","499","MNE","Montenegro","X","Export","0","W00","World","0","W00","World","H6","HS","true","090240","Tea, black; (fermented) and partly fermented tea, in immediate packings of a content exceeding 3kg","6","true","C00","TOTAL CPC","0","0","TOTAL MOT","8","kg","3.13","false","8","kg","3.13","false","3.13","false","0","false",,"145.829","145.829","0","false","true",
"C","A","20240101","2024","52","2024","504","MAR","Morocco","X","Export","0","W00","World","0","W00","World","H6","HS","true","090240","Tea, black; (fermented) and partly fermented tea, in immediate packings of a content exceeding 3kg","6","true","C00","TOTAL CPC","0","0","TOTAL MOT","8","kg","5667.42","false","8","kg","5667.42","false","5667.42","false","0","false",,"75254.119","75254.119","0","false","true",
"C","A","20240101","2024","52","2024","508","MOZ","Mozambique","X","Export","0","W00","World","0","W00","World","H6","HS","true","090240","Tea, black; (fermented) and partly fermented tea, in immediate packings of a content exceeding 3kg","6","true","C00","TOTAL CPC","0","0","TOTAL MOT","8","kg","1262740","false","8","kg","1262740","false","1262740","false","0","false",,"3217320.1","3217320.1","0","false","true",
"C","A","20240101","2024","52","2024","512","OMN","Oman","X","Export","0","W00","World","0","W00","World","H6","HS","true","090240","Tea, black; (fermented) and partly fermented tea, in immediate packings of a content exceeding 3kg","6","true","C00","TOTAL CPC","0","0","TOTAL MOT","8","kg","1633891.729","true","-1","N/A","0","false","1633891.729","true","0","false",,"6983464.228","6983464.228","6","false","true",
"C","A","20240101","2024","52","2024","516","NAM","Namibia","X","Export","0","W00","World","0","W00","World","H6","HS","true","090240","Tea, black; (fermented) and partly fermented tea, in immediate packings of a content exceeding 3kg","6","true","C00","TOTAL CPC","0","0","TOTAL MOT","8","kg","71.06","false","8","kg","71.06","false","71.06","false","0","false","543.255","543.255","543.255","0","false","true",
"C","A","20240101","2024","52","2024","528","NLD","Netherlands","X","Export","0","W00","World","0","W00","World","H6","HS","true","090240","Tea, black; (fermented) and partly fermented tea, in immediate packings of a content exceeding 3kg","6","true","C00","TOTAL CPC","0","0","TOTAL MOT","8","kg","2546112","false","8","kg","2546112","false","2546112","false","0","false",,"10053845.683","10053845.683","0","false","true",
"C","A","20240101","2024","52","2024","554","NZL","New Zealand","X","Export","0","W00","World","0","W00","World","H6","HS","true","090240","Tea, black; (fermented) and partly fermented tea, in immediate packings of a content exceeding 3kg","6","true","C00","TOTAL CPC","0","0","TOTAL MOT","8","kg","20688","false","8","kg","20688","false","20688","false","27112","false",,"289537.966","289537.966","0","false","true",
"C","A","20240101","2024","52","2024","579","NOR","Norway","X","Export","0","W00","World","0","W00","World","H6","HS","true","090240","Tea, black; (fermented) and partly fermented tea, in immediate packings of a content exceeding 3kg","6","true","C00","TOTAL CPC","0","0","TOTAL MOT","8","kg","7","false","8","kg","7","false","7","false","0","false",,"529.228","529.228","0","false","true",
"C","A","20240101","2024","52","2024","586","PAK","Pakistan","X","Export","0","W00","World","0","W00","World","H6","HS","true","090240","Tea, black; (fermented) and partly fermented tea, in immediate packings of a content exceeding 3kg","6","true","C00","TOTAL CPC","0","0","TOTAL MOT","8","kg","1031882","false","8","kg","1031882","false","1031882","false","0","false",,"3844216.146","3844216.146","0","false","true",
"C","A","20240101","2024","52","2024","604","PER","Peru","X","Export","0","W00","World","0","W00","World","H6","HS","true","090240","Tea, black; (fermented) and partly fermented tea, in immediate packings of a content exceeding 3kg","6","true","C00","TOTAL CPC","0","0","TOTAL MOT","8","kg","430281.753","false","8","kg","430281.753","false","430281.753","false","0","false",,"1161124.56","1161124.56","0","false","true",
"C","A","20240101","2024","52","2024","608","PHL","Philippines","X","Export","0","W00","World","0","W00","World","H6","HS","true","090240","Tea, black; (fermented) and partly fermented tea, in immediate packings of a content exceeding 3kg","6","true","C00","TOTAL CPC","0","0","TOTAL MOT","8","kg","2216.06","false","8","kg","2216.06","false","2216.06","false","2216.06","false",,"19419","19419","0","false","true",
"C","A","20240101","2024","52","2024","616","POL","Poland","X","Export","0","W00","World","0","W00","World","H6","HS","true","090240","Tea, black; (fermented) and partly fermented tea, in immediate packings of a content exceeding 3kg","6","true","C00","TOTAL CPC","0","0","TOTAL MOT","8","kg","1528265.904","true","-1","N/A","0","false","1528265.904","true","0","false",,"9510030","9510030","6","false","true",
"C","A","20240101","2024","52","2024","620","PRT","Portugal","X","Export","0","W00","World","0","W00","World","H6","HS","true","090240","Tea, black; (fermented) and partly fermented tea, in immediate packings of a content exceeding 3kg","6","true","C00","TOTAL CPC","0","0","TOTAL MOT","8","kg","5303.263","true","-1","N/A","0","false","5303.263","true","0","false",,"61993.333","61993.333","6","false","true",
"C","A","20240101","2024","52","2024","642","ROU","Romania","X","Export","0","W00","World","0","W00","World","H6","HS","true","090240","Tea, black; (fermented) and partly fermented tea, in immediate packings of a content exceeding 3kg","6","true","C00","TOTAL CPC","0","0","TOTAL MOT","8","kg","771.731","true","8","kg","770.84","false","771.731","true","0","false",,"23001.91","23001.91","6","false","true",
"C","A","20240101","2024","52","2024","682","SAU","Saudi Arabia","X","Export","0","W00","World","0","W00","World","H6","HS","true","090240","Tea, black; (fermented) and partly fermented tea, in immediate packings of a content exceeding 3kg","6","true","C00","TOTAL CPC","0","0","TOTAL MOT","8","kg","3668869","false","8","kg","3668869","false","3668869","false","0","false",,"14207732.978","14207732.978","0","false","true",
"C","A","20240101","2024","52","2024","686","SEN","Senegal","X","Export","0","W00","World","0","W00","World","H6","HS","true","090240","Tea, black; (fermented) and partly fermented tea, in immediate packings of a content exceeding 3kg","6","true","C00","TOTAL CPC","0","0","TOTAL MOT","8","kg","225","false","8","kg","225","false","225","false","0","false",,"754.846","754.846","0","false","true",
"C","A","20240101","2024","52","2024","512","OMN","Oman","X","Export","0","W00","World","0","W00","World","H6","HS","true","090240","Tea, black; (fermented) and partly fermented tea, in immediate packings of a content exceeding 3kg","6","true","C00","TOTAL CPC","0","1000","Air","8","kg","121.699","true","-1","N/A","0","false","121.699","true","0","false",,"520.156","520.156","6","false","true",
"C","A","20240101","2024","52","2024","516","NAM","Namibia","X","Export","0","W00","World","0","W00","World","H6","HS","true","090240","Tea, black; (fermented) and partly fermented tea, in immediate packings of a content exceeding 3kg","6","true","C00","TOTAL CPC","0","1000","Air","8","kg","58.06","false","8","kg","58.06","false","58.06","false","0","false","165.866","165.866","165.866","0","false","true",
"C","A","20240101","2024","52","2024","604","PER","Peru","X","Export","0","W00","World","0","W00","World","H6","HS","true","090240","Tea, black; (fermented) and partly fermented tea, in immediate packings of a content exceeding 3kg","6","true","C00","TOTAL CPC","0","1000","Air","8","kg","288.731","false","8","kg","288.731","false","288.731","false","0","false",,"5380.3","5380.3","0","false","true",
"C","A","20240101","2024","52","2024","620","PRT","Portugal","X","Export","0","W00","World","0","W00","World","H6","HS","true","090240","Tea, black; (fermented) and partly fermented tea, in immediate packings of a content exceeding 3kg","6","true","C00","TOTAL CPC","0","1000","Air","8","kg","81.609","true","-1","N/A","0","false","81.609","true","0","false",,"1584.387","1584.387","6","false","true",
"C","A","20240101","2024","52","2024","512","OMN","Oman","X","Export","0","W00","World","0","W00","World","H6","HS","true","090240","Tea, black; (fermented) and partly fermented tea, in immediate packings of a content exceeding 3kg","6","true","C00","TOTAL CPC","0","2100","Sea","8","kg","595743.836","true","-1","N/A","0","false","595743.836","true","0","false",,"2546286.082","2546286.082","6","false","true",
"C","A","20240101","2024","52","2024","516","NAM","Namibia","X","Export","0","W00","World","0","W00","World","H6","HS","true","090240","Tea, black; (fermented) and partly fermented tea, in immediate packings of a content exceeding 3kg","6","true","C00","TOTAL CPC","0","2100","Sea","8","kg","2","false","8","kg","2","false","2","false","0","false","11.653","11.653","11.653","0","false","true",
"C","A","20240101","2024","52","2024","604","PER","Peru","X","Export","0","W00","World","0","W00","World","H6","HS","true","090240","Tea, black; (fermented) and partly fermented tea, in immediate packings of a content exceeding 3kg","6","true","C00","TOTAL CPC","0","2100","Sea","8","kg","429234.294","false","8","kg","429234.294","false","429234.294","false","0","false",,"1155469.75","1155469.75","0","false","true",
"C","A","20240101","2024","52","2024","620","PRT","Portugal","X","Export","0","W00","World","0","W00","World","H6","HS","true","090240","Tea, black; (fermented) and partly fermented tea, in immediate packings of a content exceeding 3kg","6","true","C00","TOTAL CPC","0","2100","Sea","8","kg","3865.717","true","-1","N/A","0","false","3865.717","true","0","false",,"40277.171","40277.171","6","false","true",
"C","A","20240101","2024","52","2024","512","OMN","Oman","X","Export","0","W00","World","0","W00","World","H6","HS","true","090240","Tea, black; (fermented) and partly fermented tea, in immediate packings of a content exceeding 3kg","6","true","C00","TOTAL CPC","0","3000","Land","8","kg","1038026.194","true","-1","N/A","0","false","1038026.194","true","0","false",,"4436657.99","4436657.99","6","false","true",
"C","A","20240101","2024","52","2024","604","PER","Peru","X","Export","0","W00","World","0","W00","World","H6","HS","true","090240","Tea, black; (fermented) and partly fermented tea, in immediate packings of a content exceeding 3kg","6","true","C00","TOTAL CPC","0","3000","Land","8","kg","758.728","false","8","kg","758.728","false","758.728","false","0","false",,"274.51","274.51","0","false","true",
"C","A","20240101","2024","52","2024","499","MNE","Montenegro","X","Export","0","W00","World","0","W00","World","H6","HS","true","090240","Tea, black; (fermented) and partly fermented tea, in immediate packings of a content exceeding 3kg","6","true","C00","TOTAL CPC","0","3200","Road","8","kg","3.13","false","8","kg","3.13","false","3.13","false","0","false",,"145.829","145.829","0","false","true",
"C","A","20240101","2024","52","2024","516","NAM","Namibia","X","Export","0","W00","World","0","W00","World","H6","HS","true","090240","Tea, black; (fermented) and partly fermented tea, in immediate packings of a content exceeding 3kg","6","true","C00","TOTAL CPC","0","3200","Road","8","kg","11","false","8","kg","11","false","11","false","0","false","365.736","365.736","365.736","0","false","true",
"C","A","20240101","2024","52","2024","620","PRT","Portugal","X","Export","0","W00","World","0","W00","World","H6","HS","true","090240","Tea, black; (fermented) and partly fermented tea, in immediate packings of a content exceeding 3kg","6","true","C00","TOTAL CPC","0","3200","Road","8","kg","1355.936","true","-1","N/A","0","false","1355.936","true","0","false",,"20131.774","20131.774","6","false","true",
"C","A","20240101","2024","52","2024","642","ROU","Romania","X","Export","0","W00","World","0","W00","World","H6","HS","true","090240","Tea, black; (fermented) and partly fermented tea, in immediate packings of a content exceeding 3kg","6","true","C00","TOTAL CPC","0","3200","Road","8","kg","771.043","true","8","kg","770.84","false","771.043","true","0","false",,"22981.38","22981.38","6","false","true",
"C","A","20240101","2024","52","2024","642","ROU","Romania","X","Export","0","W00","World","0","W00","World","H6","HS","true","090240","Tea, black; (fermented) and partly fermented tea, in immediate packings of a content exceeding 3kg","6","true","C00","TOTAL CPC","0","9900","Other","8","kg","0.689","true","8","kg","0","false","0.689","true","0","false",,"20.53","20.53","6","false","true",
"C","A","20240101","2024","52","2024","688","SRB","Serbia","X","Export","0","W00","World","0","W00","World","H6","HS","true","0902","Tea","4","false","C00","TOTAL CPC","0","0","TOTAL MOT","8","kg","40561.796","true","-1","N/A","0","false","40561.796","true","0","false",,"445918","445918","6","false","true",
"C","A","20240101","2024","52","2024","699","IND","India","X","Export","0","W00","World","0","W00","World","H6","HS","true","0902","Tea","4","false","C00","TOTAL CPC","0","0","TOTAL MOT","8","kg","249985692.315","true","-1","N/A","0","false","249985692.315","true","0","false",,"804157430.607","804157430.607","6","false","true",
"C","A","20240101","2024","52","2024","702","SGP","Singapore","X","Export","0","W00","World","0","W00","World","H6","HS","true","0902","Tea","4","false","C00","TOTAL CPC","0","0","TOTAL MOT","8","kg","1575446.516","true","-1","N/A","0","false","1575446.516","true","0","false",,"30065475.081","30065475.081","6","false","true",
"C","A","20240101","2024","52","2024","703","SVK","Slovakia","X","Export","0","W00","World","0","W00","World","H6","HS","true","0902","Tea","4","false","C00","TOTAL CPC","0","0","TOTAL MOT","8","kg","38968","false","8","kg","38968","false","38968","false","0","false",,"632561.541","632561.541","0","false","true",
"C","A","20240101","2024","52","2024","705","SVN","Slovenia","X","Export","0","W00","World","0","W00","World","H6","HS","true","0902","Tea","4","false","C00","TOTAL CPC","0","0","TOTAL MOT","8","kg","16849.971","false","8","kg","16849.971","false","16849.971","false","0","false",,"551798.255","551798.255","0","false","true",
"C","A","20240101","2024","52","2024","710","ZAF","South Africa","X","Export","0","W00","World","0","W00","World","H6","HS","true","0902","Tea","4","false","C00","TOTAL CPC","0","0","TOTAL MOT","8","kg","4949177.71","false","8","kg","4949177.71","false","4949177.71","false","0","false",,"25797991.364","25797991.364","0","false","true",
"C","A","20240101","2024","52","2024","716","ZWE","Zimbabwe","X","Export","0","W00","World","0","W00","World","H6","HS","true","0902","Tea","4","false","C00","TOTAL CPC","0","0","TOTAL MOT","8","kg","10753790.92","false","8","kg","10753790.92","false","10753790.92","false","0","false",,"15695458.284","15695458.284","0","false","true",
"C","A","20240101","2024","52","2024","688","SRB","Serbia","X","Export","0","W00","World","0","W00","World","H6","HS","true","0902","Tea","4","false","C00","TOTAL CPC","0","1000","Air","8","kg","24.796","true","-1","N/A","0","false","24.796","true","0","false",,"301","301","6","false","true",
"C","A","20240101","2024","52","2024","703","SVK","Slovakia","X","Export","0","W00","World","0","W00","World","H6","HS","true","0902","Tea","4","false","C00","TOTAL CPC","0","1000","Air","8","kg","455","false","8","kg","455","false","455","false","0","false",,"6341.667","6341.667","0","false","true",
"C","A","20240101","2024","52","2024","705","SVN","Slovenia","X","Export","0","W00","World","0","W00","World","H6","HS","true","0902","Tea","4","false","C00","TOTAL CPC","0","1000","Air","8","kg","0.2","false","8","kg","0.2","false","0.2","false","0","false",,"0.845","0.845","0","false","true",
"C","A","20240101","2024","52","2024","710","ZAF","South Africa","X","Export","0","W00","World","0","W00","World","H6","HS","true","0902","Tea","4","false","C00","TOTAL CPC","0","1000","Air","8","kg","10718.13","false","8","kg","10718.13","false","10718.13","false","0","false",,"133640.667","133640.667","0","false","true",
"C","A","20240101","2024","52","2024","703","SVK","Slovakia","X","Export","0","W00","World","0","W00","World","H6","HS","true","0902","Tea","4","false","C00","TOTAL CPC","0","2100","Sea","8","kg","32","false","8","kg","32","false","32","false","0","false",,"541.19","541.19","0","false","true",
"C","A","20240101","2024","52","2024","710","ZAF","South Africa","X","Export","0","W00","World","0","W00","World","H6","HS","true","0902","Tea","4","false","C00","TOTAL CPC","0","2100","Sea","8","kg","231821.87","false","8","kg","231821.87","false","231821.87","false","0","false",,"1029622.389","1029622.389","0","false","true",
"C","A","20240101","2024","52","2024","688","SRB","Serbia","X","Export","0","W00","World","0","W00","World","H6","HS","true","0902","Tea","4","false","C00","TOTAL CPC","0","3200","Road","8","kg","39305","false","8","kg","39305","false","39305","false","0","false",,"425657","425657","0","false","true",
"C","A","20240101","2024","52","2024","703","SVK","Slovakia","X","Export","0","W00","World","0","W00","World","H6","HS","true","0902","Tea","4","false","C00","TOTAL CPC","0","3200","Road","8","kg","37209","false","8","kg","37209","false","37209","false","0","false",,"593981.172","593981.172","0","false","true",
"C","A","20240101","2024","52","2024","705","SVN","Slovenia","X","Export","0","W00","World","0","W00","World","H6","HS","true","0902","Tea","4","false","C00","TOTAL CPC","0","3200","Road","8","kg","10206.13","false","8","kg","10206.13","false","10206.13","false","0","false",,"218785.059","218785.059","0","false","true",
"C","A","20240101","2024","52","2024","710","ZAF","South Africa","X","Export","0","W00","World","0","W00","World","H6","HS","true","0902","Tea","4","false","C00","TOTAL CPC","0","3200","Road","8","kg","4706637.71","false","8","kg","4706637.71","false","4706637.71","false","0","false",,"24634728.309","24634728.309","0","false","true",
"C","A","20240101","2024","52","2024","703","SVK","Slovakia","X","Export","0","W00","World","0","W00","World","H6","HS","true","0902","Tea","4","false","C00","TOTAL CPC","0","9200","Postal consignments, mail or courier shipment","8","kg","1264","false","8","kg","1264","false","1264","false","0","false",,"31566.544","31566.544","0","false","true",
"C","A","20240101","2024","52","2024","705","SVN","Slovenia","X","Export","0","W00","World","0","W00","World","H6","HS","true","0902","Tea","4","false","C00","TOTAL CPC","0","9200","Postal consignments, mail or courier shipment","8","kg","6.975","false","8","kg","6.975","false","6.975","false","0","false",,"1350.835","1350.835","0","false","true",
"C","A","20240101","2024","52","2024","688","SRB","Serbia","X","Export","0","W00","World","0","W00","World","H6","HS","true","0902","Tea","4","false","C00","TOTAL CPC","0","9900","Other","8","kg","1232","false","8","kg","1232","false","1232","false","0","false",,"19960","19960","0","false","true",
"C","A","20240101","2024","52","2024","703","SVK","Slovakia","X","Export","0","W00","World","0","W00","World","H6","HS","true","0902","Tea","4","false","C00","TOTAL CPC","0","9900","Other","8","kg","8","false","8","kg","8","false","8","false","0","false",,"130.968","130.968","0","false","true",
"C","A","20240101","2024","52","2024","705","SVN","Slovenia","X","Export","0","W00","World","0","W00","World","H6","HS","true","0902","Tea","4","false","C00","TOTAL CPC","0","9900","Other","8","kg","6636.666","false","8","kg","6636.666","false","6636.666","false","0","false",,"331661.516","331661.516","0","false","true",
"C","A","20240101","2024","52","2024","688","SRB","Serbia","X","Export","0","W00","World","0","W00","World","H6","HS","true","090210","Tea, green; (not fermented), in immediate packings of a content not exceeding 3kg","6","true","C00","TOTAL CPC","0","0","TOTAL MOT","8","kg","14354.023","true","-1","N/A","0","false","14354.023","true","0","false",,"150141","150141","6","false","true",
"C","A","20240101","2024","52","2024","699","IND","India","X","Export","0","W00","World","0","W00","World","H6","HS","true","090210","Tea, green; (not fermented), in immediate packings of a content not exceeding 3kg","6","true","C00","TOTAL CPC","0","0","TOTAL MOT","8","kg","815753.144","true","8","kg","815733","false","815753.144","true","0","false",,"9641696.456","9641696.456","6","false","true",
"C","A","20240101","2024","52","2024","702","SGP","Singapore","X","Export","0","W00","World","0","W00","World","H6","HS","true","090210","Tea, green; (not fermented), in immediate packings of a content not exceeding 3kg","6","true","C00","TOTAL CPC","0","0","TOTAL MOT","8","kg","279722.546","true","8","kg","279716.74","false","279722.546","true","0","false",,"10563687.226","10563687.226","6","false","true",
"C","A","20240101","2024","52","2024","703","SVK","Slovakia","X","Export","0","W00","World","0","W00","World","H6","HS","true","090210","Tea, green; (not fermented), in immediate packings of a content not exceeding 3kg","6","true","C00","TOTAL CPC","0","0","TOTAL MOT","8","kg","7406","false","8","kg","7406","false","7406","false","0","false",,"196769.191","196769.191","0","false","true",
"C","A","20240101","2024","52","2024","705","SVN","Slovenia","X","Export","0","W00","World","0","W00","World","H6","HS","true","090210","Tea, green; (not fermented), in immediate packings of a content not exceeding 3kg","6","true","C00","TOTAL CPC","0","0","TOTAL MOT","8","kg","9416.541","false","8","kg","9416.541","false","9416.541","false","0","false",,"291463.085","291463.085","0","false","true",
"C","A","20240101","2024","52","2024","710","ZAF","South Africa","X","Export","0","W00","World","0","W00","World","H6","HS","true","090210","Tea, green; (not fermented), in immediate packings of a content not exceeding 3kg","6","true","C00","TOTAL CPC","0","0","TOTAL MOT","8","kg","100304.61","false","8","kg","100304.61","false","100304.61","false","0","false",,"352342.72","352342.72","0","false","true",
"C","A","20240101","2024","52","2024","688","SRB","Serbia","X","Export","0","W00","World","0","W00","World","H6","HS","true","090210","Tea, green; (not fermented), in immediate packings of a content not exceeding 3kg","6","true","C00","TOTAL CPC","0","1000","Air","8","kg","6.023","true","-1","N/A","0","false","6.023","true","0","false",,"63","63","6","false","true",
"C","A","20240101","2024","52","2024","710","ZAF","South Africa","X","Export","0","W00","World","0","W00","World","H6","HS","true","090210","Tea, green; (not fermented), in immediate packings of a content not exceeding 3kg","6","true","C00","TOTAL CPC","0","1000","Air","8","kg","3518.61","false","8","kg","3518.61","false","3518.61","false","0","false",,"54167.634","54167.634","0","false","true",
"C","A","20240101","2024","52","2024","703","SVK","Slovakia","X","Export","0","W00","World","0","W00","World","H6","HS","true","090210","Tea, green; (not fermented), in immediate packings of a content not exceeding 3kg","6","true","C00","TOTAL CPC","0","2100","Sea","8","kg","16","false","8","kg","16","false","16","false","0","false",,"283.584","283.584","0","false","true",
"C","A","20240101","2024","52","2024","710","ZAF","South Africa","X","Export","0","W00","World","0","W00","World","H6","HS","true","090210","Tea, green; (not fermented), in immediate packings of a content not exceeding 3kg","6","true","C00","TOTAL CPC","0","2100","Sea","8","kg","5678.44","false","8","kg","5678.44","false","5678.44","false","0","false",,"49172.069","49172.069","0","false","true",
"C","A","20240101","2024","52","2024","688","SRB","Serbia","X","Export","0","W00","World","0","W00","World","H6","HS","true","090210","Tea, green; (not fermented), in immediate packings of a content not exceeding 3kg","6","true","C00","TOTAL CPC","0","3200","Road","8","kg","14338","false","8","kg","14338","false","14338","false","0","false",,"149942","149942","0","false","true",
"C","A","20240101","2024","52","2024","703","SVK","Slovakia","X","Export","0","W00","World","0","W00","World","H6","HS","true","090210","Tea, green; (not fermented), in immediate packings of a content not exceeding 3kg","6","true","C00","TOTAL CPC","0","3200","Road","8","kg","7323","false","8","kg","7323","false","7323","false","0","false",,"194793.847","194793.847","0","false","true",
"C","A","20240101","2024","52","2024","705","SVN","Slovenia","X","Export","0","W00","World","0","W00","World","H6","HS","true","090210","Tea, green; (not fermented), in immediate packings of a content not exceeding 3kg","6","true","C00","TOTAL CPC","0","3200","Road","8","kg","6537.88","false","8","kg","6537.88","false","6537.88","false","0","false",,"125935.9","125935.9","0","false","true",
"C","A","20240101","2024","52","2024","710","ZAF","South Africa","X","Export","0","W00","World","0","W00","World","H6","HS","true","090210","Tea, green; (not fermented), in immediate packings of a content not exceeding 3kg","6","true","C00","TOTAL CPC","0","3200","Road","8","kg","91107.56","false","8","kg","91107.56","false","91107.56","false","0","false",,"249003.018","249003.018","0","false","true",
"C","A","20240101","2024","52","2024","703","SVK","Slovakia","X","Export","0","W00","World","0","W00","World","H6","HS","true","090210","Tea, green; (not fermented), in immediate packings of a content not exceeding 3kg","6","true","C00","TOTAL CPC","0","9200","Postal consignments, mail or courier shipment","8","kg","59","false","8","kg","59","false","59","false","0","false",,"1560.793","1560.793","0","false","true",
"C","A","20240101","2024","52","2024","705","SVN","Slovenia","X","Export","0","W00","World","0","W00","World","H6","HS","true","090210","Tea, green; (not fermented), in immediate packings of a content not exceeding 3kg","6","true","C00","TOTAL CPC","0","9200","Postal consignments, mail or courier shipment","8","kg","6.975","false","8","kg","6.975","false","6.975","false","0","false",,"1350.835","1350.835","0","false","true",
"C","A","20240101","2024","52","2024","688","SRB","Serbia","X","Export","0","W00","World","0","W00","World","H6","HS","true","090210","Tea, green; (not fermented), in immediate packings of a content not exceeding 3kg","6","true","C00","TOTAL CPC","0","9900","Other","8","kg","10","false","8","kg","10","false","10","false","0","false",,"136","136","0","false","true",
"C","A","20240101","2024","52","2024","703","SVK","Slovakia","X","Export","0","W00","World","0","W00","World","H6","HS","true","090210","Tea, green; (not fermented), in immediate packings of a content not exceeding 3kg","6","true","C00","TOTAL CPC","0","9900","Other","8","kg","8","false","8","kg","8","false","8","false","0","false",,"130.968","130.968","0","false","true",
"C","A","20240101","2024","52","2024","705","SVN","Slovenia","X","Export","0","W00","World","0","W00","World","H6","HS","true","090210","Tea, green; (not fermented), in immediate packings of a content not exceeding 3kg","6","true","C00","TOTAL CPC","0","9900","Other","8","kg","2871.686","false","8","kg","2871.686","false","2871.686","false","0","false",,"164176.35","164176.35","0","false","true",
"C","A","20240101","2024","52","2024","688","SRB","Serbia","X","Export","0","W00","World","0","W00","World","H6","HS","true","090220","Tea, green; (not fermented), in immediate packings of a content exceeding 3kg","6","true","C00","TOTAL CPC","0","0","TOTAL MOT","8","kg","7685.414","true","-1","N/A","0","false","7685.414","true","0","false",,"68298","68298","6","false","true",
"C","A","20240101","2024","52","2024","699","IND","India","X","Export","0","W00","World","0","W00","World","H6","HS","true","090220","Tea, green; (not fermented), in immediate packings of a content exceeding 3kg","6","true","C00","TOTAL CPC","0","0","TOTAL MOT","8","kg","4140727.406","true","8","kg","4140605","false","4140727.406","true","0","false",,"14651004.905","14651004.905","6","false","true",
"C","A","20240101","2024","52","2024","702","SGP","Singapore","X","Export","0","W00","World","0","W00","World","H6","HS","true","090220","Tea, green; (not fermented), in immediate packings of a content exceeding 3kg","6","true","C00","TOTAL CPC","0","0","TOTAL MOT","8","kg","159460.19","false","8","kg","159460.19","false","159460.19","false","0","false",,"1669206.974","1669206.974","0","false","true",
"C","A","20240101","2024","52","2024","703","SVK","Slovakia","X","Export","0","W00","World","0","W00","World","H6","HS","true","090220","Tea, green; (not fermented), in immediate packings of a content exceeding 3kg","6","true","C00","TOTAL CPC","0","0","TOTAL MOT","8","kg","2887","false","8","kg","2887","false","2887","false","0","false",,"54817.158","54817.158","0","false","true",
"C","A","20240101","2024","52","2024","705","SVN","Slovenia","X","Export","0","W00","World","0","W00","World","H6","HS","true","090220","Tea, green; (not fermented), in immediate packings of a content exceeding 3kg","6","true","C00","TOTAL CPC","0","0","TOTAL MOT","8","kg","4787.266","false","8","kg","4787.266","false","4787.266","false","0","false",,"187865.571","187865.571","0","false","true",
"C","A","20240101","2024","52","2024","710","ZAF","South Africa","X","Export","0","W00","World","0","W00","World","H6","HS","true","090220","Tea, green; (not fermented), in immediate packings of a content exceeding 3kg","6","true","C00","TOTAL CPC","0","0","TOTAL MOT","8","kg","168000.14","false","8","kg","168000.14","false","168000.14","false","0","false",,"916972.73","916972.73","0","false","true",
"C","A","20240101","2024","52","2024","688","SRB","Serbia","X","Export","0","W00","World","0","W00","World","H6","HS","true","090220","Tea, green; (not fermented), in immediate packings of a content exceeding 3kg","6","true","C00","TOTAL CPC","0","1000","Air","8","kg","7.414","true","-1","N/A","0","false","7.414","true","0","false",,"74","74","6","false","true",
"C","A","20240101","2024","52","2024","710","ZAF","South Africa","X","Export","0","W00","World","0","W00","World","H6","HS","true","090220","Tea, green; (not fermented), in immediate packings of a content exceeding 3kg","6","true","C00","TOTAL CPC","0","1000","Air","8","kg","547.89","false","8","kg","547.89","false","547.89","false","0","false",,"9168.32","9168.32","0","false","true",
"C","A","20240101","2024","52","2024","710","ZAF","South Africa","X","Export","0","W00","World","0","W00","World","H6","HS","true","090220","Tea, green; (not fermented), in immediate packings of a content exceeding 3kg","6","true","C00","TOTAL CPC","0","2100","Sea","8","kg","24683.59","false","8","kg","24683.59","false","24683.59","false","0","false",,"174679.843","174679.843","0","false","true",
"C","A","20240101","2024","52","2024","688","SRB","Serbia","X","Export","0","W00","World","0","W00","World","H6","HS","true","090220","Tea, green; (not fermented), in immediate packings of a content exceeding 3kg","6","true","C00","TOTAL CPC","0","3200","Road","8","kg","7678","false","8","kg","7678","false","7678","false","0","false",,"68224","68224","0","false","true",
"C","A","20240101","2024","52","2024","703","SVK","Slovakia","X","Export","0","W00","World","0","W00","World","H6","HS","true","090220","Tea, green; (not fermented), in immediate packings of a content exceeding 3kg","6","true","C00","TOTAL CPC","0","3200","Road","8","kg","2797","false","8","kg","2797","false","2797","false","0","false",,"52773.624","52773.624","0","false","true",
"C","A","20240101","2024","52","2024","705","SVN","Slovenia","X","Export","0","W00","World","0","W00","World","H6","HS","true","090220","Tea, green; (not fermented), in immediate packings of a content exceeding 3kg","6","true","C00","TOTAL CPC","0","3200","Road","8","kg","1606.479","false","8","kg","1606.479","false","1606.479","false","0","false",,"43066.745","43066.745","0","false","true",
"C","A","20240101","2024","52","2024","710","ZAF","South Africa","X","Export","0","W00","World","0","W00","World","H6","HS","true","090220","Tea, green; (not fermented), in immediate packings of a content exceeding 3kg","6","true","C00","TOTAL CPC","0","3200","Road","8","kg","142768.66","false","8","kg","142768.66","false","142768.66","false","0","false",,"733124.566","733124.566","0","false","true",
"C","A","20240101","2024","52","2024","703","SVK","Slovakia","X","Export","0","W00","World","0","W00","World","H6","HS","true","090220","Tea, green; (not fermented), in immediate packings of a content exceeding 3kg","6","true","C00","TOTAL CPC","0","9200","Postal consignments, mail or courier shipment","8","kg","90","false","8","kg","90","false","90","false","0","false",,"2043.534","2043.534","0","false","true",
"C","A","20240101","2024","52","2024","705","SVN","Slovenia","X","Export","0","W00","World","0","W00","World","H6","HS","true","090220","Tea, green; (not fermented), in immediate packings of a content exceeding 3kg","6","true","C00","TOTAL CPC","0","9900","Other","8","kg","3180.787","false","8","kg","3180.787","false","3180.787","false","0","false",,"144798.826","144798.826","0","false","true",
"C","A","20240101","2024","52","2024","688","SRB","Serbia","X","Export","0","W00","World","0","W00","World","H6","HS","true","090230","Tea, black; (fermented) and partly fermented tea, in immediate packings of a content not exceeding 3kg","6","true","C00","TOTAL CPC","0","0","TOTAL MOT","8","kg","15301.969","true","-1","N/A","0","false","15301.969","true","0","false",,"177852","177852","6","false","true",
"C","A","20240101","2024","52","2024","699","IND","India","X","Export","0","W00","World","0","W00","World","H6","HS","true","090230","Tea, black; (fermented) and partly fermented tea, in immediate packings of a content not exceeding 3kg","6","true","C00","TOTAL CPC","0","0","TOTAL MOT","8","kg","23706162","false","8","kg","23706162","false","23706162","false","0","false",,"112951198.981","112951198.981","0","false","true",
"C","A","20240101","2024","52","2024","702","SGP","Singapore","X","Export","0","W00","World","0","W00","World","H6","HS","true","090230","Tea, black; (fermented) and partly fermented tea, in immediate packings of a content not exceeding 3kg","6","true","C00","TOTAL CPC","0","0","TOTAL MOT","8","kg","418087.89","false","8","kg","418087.89","false","418087.89","false","0","false",,"15338339.855","15338339.855","0","false","true",
"C","A","20240101","2024","52","2024","703","SVK","Slovakia","X","Export","0","W00","World","0","W00","World","H6","HS","true","090230","Tea, black; (fermented) and partly fermented tea, in immediate packings of a content not exceeding 3kg","6","true","C00","TOTAL CPC","0","0","TOTAL MOT","8","kg","26796","false","8","kg","26796","false","26796","false","0","false",,"351143.704","351143.704","0","false","true",
"C","A","20240101","2024","52","2024","705","SVN","Slovenia","X","Export","0","W00","World","0","W00","World","H6","HS","true","090230","Tea, black; (fermented) and partly fermented tea, in immediate packings of a content not exceeding 3kg","6","true","C00","TOTAL CPC","0","0","TOTAL MOT","8","kg","2366.686","false","8","kg","2366.686","false","2366.686","false","0","false",,"58441.522","58441.522","0","false","true",
"C","A","20240101","2024","52","2024","710","ZAF","South Africa","X","Export","0","W00","World","0","W00","World","H6","HS","true","090230","Tea, black; (fermented) and partly fermented tea, in immediate packings of a content not exceeding 3kg","6","true","C00","TOTAL CPC","0","0","TOTAL MOT","8","kg","3527820","false","8","kg","3527820","false","3527820","false","0","false",,"19563811.545","19563811.545","0","false","true",
"C","A","20240101","2024","52","2024","716","ZWE","Zimbabwe","X","Export","0","W00","World","0","W00","World","H6","HS","true","090230","Tea, black; (fermented) and partly fermented tea, in immediate packings of a content not exceeding 3kg","6","true","C00","TOTAL CPC","0","0","TOTAL MOT","8","kg","573476.92","false","8","kg","573476.92","false","573476.92","false","0","false",,"2133833.256","2133833.256","0","false","true",
"C","A","20240101","2024","52","2024","688","SRB","Serbia","X","Export","0","W00","World","0","W00","World","H6","HS","true","090230","Tea, black; (fermented) and partly fermented tea, in immediate packings of a content not exceeding 3kg","6","true","C00","TOTAL CPC","0","1000","Air","8","kg","9.969","true","-1","N/A","0","false","9.969","true","0","false",,"141","141","6","false","true",
"C","A","20240101","2024","52","2024","703","SVK","Slovakia","X","Export","0","W00","World","0","W00","World","H6","HS","true","090230","Tea, black; (fermented) and partly fermented tea, in immediate packings of a content not exceeding 3kg","6","true","C00","TOTAL CPC","0","1000","Air","8","kg","8","false","8","kg","8","false","8","false","0","false",,"202.405","202.405","0","false","true",
"C","A","20240101","2024","52","2024","710","ZAF","South Africa","X","Export","0","W00","World","0","W00","World","H6","HS","true","090230","Tea, black; (fermented) and partly fermented tea, in immediate packings of a content not exceeding 3kg","6","true","C00","TOTAL CPC","0","1000","Air","8","kg","2987.28","false","8","kg","2987.28","false","2987.28","false","0","false",,"31254.662","31254.662","0","false","true",
"C","A","20240101","2024","52","2024","703","SVK","Slovakia","X","Export","0","W00","World","0","W00","World","H6","HS","true","090230","Tea, black; (fermented) and partly fermented tea, in immediate packings of a content not exceeding 3kg","6","true","C00","TOTAL CPC","0","2100","Sea","8","kg","16","false","8","kg","16","false","16","false","0","false",,"257.607","257.607","0","false","true",
"C","A","20240101","2024","52","2024","710","ZAF","South Africa","X","Export","0","W00","World","0","W00","World","H6","HS","true","090230","Tea, black; (fermented) and partly fermented tea, in immediate packings of a content not exceeding 3kg","6","true","C00","TOTAL CPC","0","2100","Sea","8","kg","141819.82","false","8","kg","141819.82","false","141819.82","false","0","false",,"517521.104","517521.104","0","false","true",
"C","A","20240101","2024","52","2024","688","SRB","Serbia","X","Export","0","W00","World","0","W00","World","H6","HS","true","090230","Tea, black; (fermented) and partly fermented tea, in immediate packings of a content not exceeding 3kg","6","true","C00","TOTAL CPC","0","3200","Road","8","kg","15292","false","8","kg","15292","false","15292","false","0","false",,"177711","177711","0","false","true",
"C","A","20240101","2024","52","2024","703","SVK","Slovakia","X","Export","0","W00","World","0","W00","World","H6","HS","true","090230","Tea, black; (fermented) and partly fermented tea, in immediate packings of a content not exceeding 3kg","6","true","C00","TOTAL CPC","0","3200","Road","8","kg","25841","false","8","kg","25841","false","25841","false","0","false",,"324705.479","324705.479","0","false","true",
"C","A","20240101","2024","52","2024","705","SVN","Slovenia","X","Export","0","W00","World","0","W00","World","H6","HS","true","090230","Tea, black; (fermented) and partly fermented tea, in immediate packings of a content not exceeding 3kg","6","true","C00","TOTAL CPC","0","3200","Road","8","kg","1906.941","false","8","kg","1906.941","false","1906.941","false","0","false",,"46535.202","46535.202","0","false","true",
"C","A","20240101","2024","52","2024","710","ZAF","South Africa","X","Export","0","W00","World","0","W00","World","H6","HS","true","090230","Tea, black; (fermented) and partly fermented tea, in immediate packings of a content not exceeding 3kg","6","true","C00","TOTAL CPC","0","3200","Road","8","kg","3383012.9","false","8","kg","3383012.9","false","3383012.9","false","0","false",,"19015035.779","19015035.779","0","false","true",
"C","A","20240101","2024","52","2024","703","SVK","Slovakia","X","Export","0","W00","World","0","W00","World","H6","HS","true","090230","Tea, black; (fermented) and partly fermented tea, in immediate packings of a content not exceeding 3kg","6","true","C00","TOTAL CPC","0","9200","Postal consignments, mail or courier shipment","8","kg","931","false","8","kg","931","false","931","false","0","false",,"25978.213","25978.213","0","false","true",
"C","A","20240101","2024","52","2024","705","SVN","Slovenia","X","Export","0","W00","World","0","W00","World","H6","HS","true","090230","Tea, black; (fermented) and partly fermented tea, in immediate packings of a content not exceeding 3kg","6","true","C00","TOTAL CPC","0","9900","Other","8","kg","459.745","false","8","kg","459.745","false","459.745","false","0","false",,"11906.32","11906.32","0","false","true",
"C","A","20240101","2024","52","2024","688","SRB","Serbia","X","Export","0","W00","World","0","W00","World","H6","HS","true","090240","Tea, black; (fermented) and partly fermented tea, in immediate packings of a content exceeding 3kg","6","true","C00","TOTAL CPC","0","0","TOTAL MOT","8","kg","3220.389","true","-1","N/A","0","false","3220.389","true","0","false",,"49627","49627","6","false","true",
"C","A","20240101","2024","52","2024","699","IND","India","X","Export","0","W00","World","0","W00","World","H6","HS","true","090240","Tea, black; (fermented) and partly fermented tea, in immediate packings of a content exceeding 3kg","6","true","C00","TOTAL CPC","0","0","TOTAL MOT","8","kg","221323049.765","true","8","kg","221322892","false","221323049.765","true","0","false",,"666913530.264","666913530.264","6","false","true",
"C","A","20240101","2024","52","2024","702","SGP","Singapore","X","Export","0","W00","World","0","W00","World","H6","HS","true","090240","Tea, black; (fermented) and partly fermented tea, in immediate packings of a content exceeding 3kg","6","true","C00","TOTAL CPC","0","0","TOTAL MOT","8","kg","718175.89","false","8","kg","718175.89","false","718175.89","false","0","false",,"2494241.025","2494241.025","0","false","true",
"C","A","20240101","2024","52","2024","703","SVK","Slovakia","X","Export","0","W00","World","0","W00","World","H6","HS","true","090240","Tea, black; (fermented) and partly fermented tea, in immediate packings of a content exceeding 3kg","6","true","C00","TOTAL CPC","0","0","TOTAL MOT","8","kg","1879","false","8","kg","1879","false","1879","false","0","false",,"29831.488","29831.488","0","false","true",
"C","A","20240101","2024","52","2024","705","SVN","Slovenia","X","Export","0","W00","World","0","W00","World","H6","HS","true","090240","Tea, black; (fermented) and partly fermented tea, in immediate packings of a content exceeding 3kg","6","true","C00","TOTAL CPC","0","0","TOTAL MOT","8","kg","279.478","false","8","kg","279.478","false","279.478","false","0","false",,"14028.077","14028.077","0","false","true",
"C","A","20240101","2024","52","2024","710","ZAF","South Africa","X","Export","0","W00","World","0","W00","World","H6","HS","true","090240","Tea, black; (fermented) and partly fermented tea, in immediate packings of a content exceeding 3kg","6","true","C00","TOTAL CPC","0","0","TOTAL MOT","8","kg","1153052.96","false","8","kg","1153052.96","false","1153052.96","false","0","false",,"4964864.369","4964864.369","0","false","true",
"C","A","20240101","2024","52","2024","716","ZWE","Zimbabwe","X","Export","0","W00","World","0","W00","World","H6","HS","true","090240","Tea, black; (fermented) and partly fermented tea, in immediate packings of a content exceeding 3kg","6","true","C00","TOTAL CPC","0","0","TOTAL MOT","8","kg","10180314","false","8","kg","10180314","false","10180314","false","0","false",,"13561625.028","13561625.028","0","false","true",
"C","A","20240101","2024","52","2024","688","SRB","Serbia","X","Export","0","W00","World","0","W00","World","H6","HS","true","090240","Tea, black; (fermented) and partly fermented tea, in immediate packings of a content exceeding 3kg","6","true","C00","TOTAL CPC","0","1000","Air","8","kg","1.389","true","-1","N/A","0","false","1.389","true","0","false",,"23","23","6","false","true",
"C","A","20240101","2024","52","2024","703","SVK","Slovakia","X","Export","0","W00","World","0","W00","World","H6","HS","true","090240","Tea, black; (fermented) and partly fermented tea, in immediate packings of a content exceeding 3kg","6","true","C00","TOTAL CPC","0","1000","Air","8","kg","447","false","8","kg","447","false","447","false","0","false",,"6139.262","6139.262","0","false","true",
"C","A","20240101","2024","52","2024","705","SVN","Slovenia","X","Export","0","W00","World","0","W00","World","H6","HS","true","090240","Tea, black; (fermented) and partly fermented tea, in immediate packings of a content exceeding 3kg","6","true","C00","TOTAL CPC","0","1000","Air","8","kg","0.2","false","8","kg","0.2","false","0.2","false","0","false",,"0.845","0.845","0","false","true",
"C","A","20240101","2024","52","2024","710","ZAF","South Africa","X","Export","0","W00","World","0","W00","World","H6","HS","true","090240","Tea, black; (fermented) and partly fermented tea, in immediate packings of a content exceeding 3kg","6","true","C00","TOTAL CPC","0","1000","Air","8","kg","3664.35","false","8","kg","3664.35","false","3664.35","false","0","false",,"39050.051","39050.051","0","false","true",
"C","A","20240101","2024","52","2024","710","ZAF","South Africa","X","Export","0","W00","World","0","W00","World","H6","HS","true","090240","Tea, black; (fermented) and partly fermented tea, in immediate packings of a content exceeding 3kg","6","true","C00","TOTAL CPC","0","2100","Sea","8","kg","59640.02","false","8","kg","59640.02","false","59640.02","false","0","false",,"288249.373","288249.373","0","false","true",
"C","A","20240101","2024","52","2024","688","SRB","Serbia","X","Export","0","W00","World","0","W00","World","H6","HS","true","090240","Tea, black; (fermented) and partly fermented tea, in immediate packings of a content exceeding 3kg","6","true","C00","TOTAL CPC","0","3200","Road","8","kg","1997","false","8","kg","1997","false","1997","false","0","false",,"29780","29780","0","false","true",
"C","A","20240101","2024","52","2024","703","SVK","Slovakia","X","Export","0","W00","World","0","W00","World","H6","HS","true","090240","Tea, black; (fermented) and partly fermented tea, in immediate packings of a content exceeding 3kg","6","true","C00","TOTAL CPC","0","3200","Road","8","kg","1248","false","8","kg","1248","false","1248","false","0","false",,"21708.223","21708.223","0","false","true",
"C","A","20240101","2024","52","2024","705","SVN","Slovenia","X","Export","0","W00","World","0","W00","World","H6","HS","true","090240","Tea, black; (fermented) and partly fermented tea, in immediate packings of a content exceeding 3kg","6","true","C00","TOTAL CPC","0","3200","Road","8","kg","154.83","false","8","kg","154.83","false","154.83","false","0","false",,"3247.212","3247.212","0","false","true",
"C","A","20240101","2024","52","2024","710","ZAF","South Africa","X","Export","0","W00","World","0","W00","World","H6","HS","true","090240","Tea, black; (fermented) and partly fermented tea, in immediate packings of a content exceeding 3kg","6","true","C00","TOTAL CPC","0","3200","Road","8","kg","1089748.59","false","8","kg","1089748.59","false","1089748.59","false","0","false",,"4637564.946","4637564.946","0","false","true",
"C","A","20240101","2024","52","2024","703","SVK","Slovakia","X","Export","0","W00","World","0","W00","World","H6","HS","true","090240","Tea, black; (fermented) and partly fermented tea, in immediate packings of a content exceeding 3kg","6","true","C00","TOTAL CPC","0","9200","Postal consignments, mail or courier shipment","8","kg","184","false","8","kg","184","false","184","false","0","false",,"1984.003","1984.003","0","false","true",
"C","A","20240101","2024","52","2024","688","SRB","Serbia","X","Export","0","W00","World","0","W00","World","H6","HS","true","090240","Tea, black; (fermented) and partly fermented tea, in immediate packings of a content exceeding 3kg","6","true","C00","TOTAL CPC","0","9900","Other","8","kg","1222","false","8","kg","1222","false","1222","false","0","false",,"19824","19824","0","false","true",
"C","A","20240101","2024","52","2024","705","SVN","Slovenia","X","Export","0","W00","World","0","W00","World","H6","HS","true","090240","Tea, black; (fermented) and partly fermented tea, in immediate packings of a content exceeding 3kg","6","true","C00","TOTAL CPC","0","9900","Other","8","kg","124.448","false","8","kg","124.448","false","124.448","false","0","false",,"10780.02","10780.02","0","false","true",
"C","A","20240101","2024","52","2024","724","ESP","Spain","X","Export","0","W00","World","0","W00","World","H6","HS","true","0902","Tea","4","false","C00","TOTAL CPC","0","0","TOTAL MOT","8","kg","899191.062","false","8","kg","899191.062","false","899191.062","false","0","false",,"12653499.621","12653499.621","0","false","true",
"C","A","20240101","2024","52","2024","724","ESP","Spain","X","Export","0","W00","World","0","W00","World","H6","HS","true","0902","Tea","4","false","C00","TOTAL CPC","0","1000","Air","8","kg","12718.166","false","8","kg","12718.166","false","12718.166","false","0","false",,"357598.305","357598.305","0","false","true",
"C","A","20240101","2024","52","2024","724","ESP","Spain","X","Export","0","W00","World","0","W00","World","H6","HS","true","0902","Tea","4","false","C00","TOTAL CPC","0","2100","Sea","8","kg","368336.477","false","8","kg","368336.477","false","368336.477","false","0","false",,"5104937.95","5104937.95","0","false","true",
"C","A","20240101","2024","52","2024","724","ESP","Spain","X","Export","0","W00","World","0","W00","World","H6","HS","true","0902","Tea","4","false","C00","TOTAL CPC","0","3100","Railway","8","kg","6.25","false","8","kg","6.25","false","6.25","false","0","false",,"233.152","233.152","0","false","true",
"C","A","20240101","2024","52","2024","724","ESP","Spain","X","Export","0","W00","World","0","W00","World","H6","HS","true","0902","Tea","4","false","C00","TOTAL CPC","0","3200","Road","8","kg","508261.539","false","8","kg","508261.539","false","508261.539","false","0","false",,"6931172.729","6931172.729","0","false","true",
"C","A","20240101","2024","52","2024","724","ESP","Spain","X","Export","0","W00","World","0","W00","World","H6","HS","true","0902","Tea","4","false","C00","TOTAL CPC","0","9200","Postal consignments, mail or courier shipment","8","kg","9868.63","false","8","kg","9868.63","false","9868.63","false","0","false",,"259557.485","259557.485","0","false","true",
"C","A","20240101","2024","52","2024","724","ESP","Spain","X","Export","0","W00","World","0","W00","World","H6","HS","true","090210","Tea, green; (not fermented), in immediate packings of a content not exceeding 3kg","6","true","C00","TOTAL CPC","0","0","TOTAL MOT","8","kg","381756.091","false","8","kg","381756.091","false","381756.091","false","0","false",,"5322978.376","5322978.376","0","false","true",
"C","A","20240101","2024","52","2024","724","ESP","Spain","X","Export","0","W00","World","0","W00","World","H6","HS","true","090210","Tea, green; (not fermented), in immediate packings of a content not exceeding 3kg","6","true","C00","TOTAL CPC","0","1000","Air","8","kg","2803.08","false","8","kg","2803.08","false","2803.08","false","0","false",,"105427.605","105427.605","0","false","true",
"C","A","20240101","2024","52","2024","724","ESP","Spain","X","Export","0","W00","World","0","W00","World","H6","HS","true","090210","Tea, green; (not fermented), in immediate packings of a content not exceeding 3kg","6","true","C00","TOTAL CPC","0","2100","Sea","8","kg","161452.481","false","8","kg","161452.481","false","161452.481","false","0","false",,"2242422.782","2242422.782","0","false","true",
"C","A","20240101","2024","52","2024","724","ESP","Spain","X","Export","0","W00","World","0","W00","World","H6","HS","true","090210","Tea, green; (not fermented), in immediate packings of a content not exceeding 3kg","6","true","C00","TOTAL CPC","0","3100","Railway","8","kg","6.25","false","8","kg","6.25","false","6.25","false","0","false",,"233.152","233.152","0","false","true",
"C","A","20240101","2024","52","2024","724","ESP","Spain","X","Export","0","W00","World","0","W00","World","H6","HS","true","090210","Tea, green; (not fermented), in immediate packings of a content not exceeding 3kg","6","true","C00","TOTAL CPC","0","3200","Road","8","kg","217291.212","false","8","kg","217291.212","false","217291.212","false","0","false",,"2964640.908","2964640.908","0","false","true",
"C","A","20240101","2024","52","2024","724","ESP","Spain","X","Export","0","W00","World","0","W00","World","H6","HS","true","090210","Tea, green; (not fermented), in immediate packings of a content not exceeding 3kg","6","true","C00","TOTAL CPC","0","9200","Postal consignments, mail or courier shipment","8","kg","203.068","false","8","kg","203.068","false","203.068","false","0","false",,"10253.928","10253.928","0","false","true",
"C","A","20240101","2024","52","2024","724","ESP","Spain","X","Export","0","W00","World","0","W00","World","H6","HS","true","090220","Tea, green; (not fermented), in immediate packings of a content exceeding 3kg","6","true","C00","TOTAL CPC","0","0","TOTAL MOT","8","kg","169394.19","false","8","kg","169394.19","false","169394.19","false","0","false",,"1335170.69","1335170.69","0","false","true",
"C","A","20240101","2024","52","2024","724","ESP","Spain","X","Export","0","W00","World","0","W00","World","H6","HS","true","090220","Tea, green; (not fermented), in immediate packings of a content exceeding 3kg","6","true","C00","TOTAL CPC","0","1000","Air","8","kg","4675.21","false","8","kg","4675.21","false","4675.21","false","0","false",,"127915.369","127915.369","0","false","true",
"C","A","20240101","2024","52","2024","724","ESP","Spain","X","Export","0","W00","World","0","W00","World","H6","HS","true","090220","Tea, green; (not fermented), in immediate packings of a content exceeding 3kg","6","true","C00","TOTAL CPC","0","2100","Sea","8","kg","57660.12","false","8","kg","57660.12","false","57660.12","false","0","false",,"253971.253","253971.253","0","false","true",
"C","A","20240101","2024","52","2024","724","ESP","Spain","X","Export","0","W00","World","0","W00","World","H6","HS","true","090220","Tea, green; (not fermented), in immediate packings of a content exceeding 3kg","6","true","C00","TOTAL CPC","0","3200","Road","8","kg","107051.27","false","8","kg","107051.27","false","107051.27","false","0","false",,"952923.232","952923.232","0","false","true",
"C","A","20240101","2024","52","2024","724","ESP","Spain","X","Export","0","W00","World","0","W00","World","H6","HS","true","090220","Tea, green; (not fermented), in immediate packings of a content exceeding 3kg","6","true","C00","TOTAL CPC","0","9200","Postal consignments, mail or courier shipment","8","kg","7.59","false","8","kg","7.59","false","7.59","false","0","false",,"360.836","360.836","0","false","true",
"C","A","20240101","2024","52","2024","724","ESP","Spain","X","Export","0","W00","World","0","W00","World","H6","HS","true","090230","Tea, black; (fermented) and partly fermented tea, in immediate packings of a content not exceeding 3kg","6","true","C00","TOTAL CPC","0","0","TOTAL MOT","8","kg","198913.653","false","8","kg","198913.653","false","198913.653","false","0","false",,"3161096.901","3161096.901","0","false","true",
"C","A","20240101","2024","52","2024","724","ESP","Spain","X","Export","0","W00","World","0","W00","World","H6","HS","true","090230","Tea, black; (fermented) and partly fermented tea, in immediate packings of a content not exceeding 3kg","6","true","C00","TOTAL CPC","0","1000","Air","8","kg","1855.026","false","8","kg","1855.026","false","1855.026","false","0","false",,"57924.109","57924.109","0","false","true",
"C","A","20240101","2024","52","2024","724","ESP","Spain","X","Export","0","W00","World","0","W00","World","H6","HS","true","090230","Tea, black; (fermented) and partly fermented tea, in immediate packings of a content not exceeding 3kg","6","true","C00","TOTAL CPC","0","2100","Sea","8","kg","57721.648","false","8","kg","57721.648","false","57721.648","false","0","false",,"679006.506","679006.506","0","false","true",
"C","A","20240101","2024","52","2024","724","ESP","Spain","X","Export","0","W00","World","0","W00","World","H6","HS","true","090230","Tea, black; (fermented) and partly fermented tea, in immediate packings of a content not exceeding 3kg","6","true","C00","TOTAL CPC","0","3200","Road","8","kg","138091.773","false","8","kg","138091.773","false","138091.773","false","0","false",,"2392475.381","2392475.381","0","false","true",
"C","A","20240101","2024","52","2024","724","ESP","Spain","X","Export","0","W00","World","0","W00","World","H6","HS","true","090230","Tea, black; (fermented) and partly fermented tea, in immediate packings of a content not exceeding 3kg","6","true","C00","TOTAL CPC","0","9200","Postal consignments, mail or courier shipment","8","kg","1245.206","false","8","kg","1245.206","false","1245.206","false","0","false",,"31690.905","31690.905","0","false","true",
"C","A","20240101","2024","52","2024","724","ESP","Spain","X","Export","0","W00","World","0","W00","World","H6","HS","true","090240","Tea, black; (fermented) and partly fermented tea, in immediate packings of a content exceeding 3kg","6","true","C00","TOTAL CPC","0","0","TOTAL MOT","8","kg","149127.128","false","8","kg","149127.128","false","149127.128","false","0","false",,"2834253.654","2834253.654","0","false","true",
"C","A","20240101","2024","52","2024","724","ESP","Spain","X","Export","0","W00","World","0","W00","World","H6","HS","true","090240","Tea, black; (fermented) and partly fermented tea, in immediate packings of a content exceeding 3kg","6","true","C00","TOTAL CPC","0","1000","Air","8","kg","3384.85","false","8","kg","3384.85","false","3384.85","false","0","false",,"66331.221","66331.221","0","false","true",
"C","A","20240101","2024","52","2024","724","ESP","Spain","X","Export","0","W00","World","0","W00","World","H6","HS","true","090240","Tea, black; (fermented) and partly fermented tea, in immediate packings of a content exceeding 3kg","6","true","C00","TOTAL CPC","0","2100","Sea","8","kg","91502.228","false","8","kg","91502.228","false","91502.228","false","0","false",,"1929537.409","1929537.409","0","false","true",
"C","A","20240101","2024","52","2024","724","ESP","Spain","X","Export","0","W00","World","0","W00","World","H6","HS","true","090240","Tea, black; (fermented) and partly fermented tea, in immediate packings of a content exceeding 3kg","6","true","C00","TOTAL CPC","0","3200","Road","8","kg","45827.284","false","8","kg","45827.284","false","45827.284","false","0","false",,"621133.208","621133.208","0","false","true",
"C","A","20240101","2024","52","2024","724","ESP","Spain","X","Export","0","W00","World","0","W00","World","H6","HS","true","090240","Tea, black; (fermented) and partly fermented tea, in immediate packings of a content exceeding 3kg","6","true","C00","TOTAL CPC","0","9200","Postal consignments, mail or courier shipment","8","kg","8412.766","false","8","kg","8412.766","false","8412.766","false","0","false",,"217251.816","217251.816","0","false","true",
"C","A","20240101","2024","52","2024","752","SWE","Sweden","X","Export","0","W00","World","0","W00","World","H6","HS","true","0902","Tea","4","false","C00","TOTAL CPC","0","0","TOTAL MOT","8","kg","756601.839","true","-1","N/A","0","false","756601.839","true","0","false",,"7759917.974","7759917.974","6","false","true",
"C","A","20240101","2024","52","2024","757","CHE","Switzerland","X","Export","0","W00","World","0","W00","World","H6","HS","true","0902","Tea","4","false","C00","TOTAL CPC","0","0","TOTAL MOT","8","kg","6759618.953","true","-1","N/A","0","false","6759618.953","true","0","false",,"28243551.268","28243551.268","6","false","true",
"C","A","20240101","2024","52","2024","764","THA","Thailand","X","Export","0","W00","World","0","W00","World","H6","HS","true","0902","Tea","4","false","C00","TOTAL CPC","0","0","TOTAL MOT","8","kg","4253234.41","true","-1","N/A","0","false","4253234.41","true","0","false",,"27942889.24","27942889.24","6","false","true",
"C","A","20240101","2024","52","2024","768","TGO","Togo","X","Export","0","W00","World","0","W00","World","H5","HS","true","0902","Tea","4","false","C00","TOTAL CPC","0","0","TOTAL MOT","8","kg","921983","false","8","kg","921983","false","921983","false","0","false",,"507394.15","507394.15","0","false","true",
"C","A","20240101","2024","52","2024","780","TTO","Trinidad and Tobago","X","Export","0","W00","World","0","W00","World","H4","HS","true","0902","Tea","4","false","C00","TOTAL CPC","0","0","TOTAL MOT","8","kg","14433.087","true","-1","N/A","0","false","14433.087","true","0","false",,"125108.53","125108.53","6","false","true",
"C","A","20240101","2024","52","2024","788","TUN","Tunisia","X","Export","0","W00","World","0","W00","World","H6","HS","true","0902","Tea","4","false","C00","TOTAL CPC","0","0","TOTAL MOT","8","kg","2439.209","true","-1","N/A","0","false","2439.209","true","0","false",,"20751.419","20751.419","6","false","true",
"C","A","20240101","2024","52","2024","752","SWE","Sweden","X","Export","0","W00","World","0","W00","World","H6","HS","true","0902","Tea","4","false","C00","TOTAL CPC","0","1000","Air","8","kg","6629.249","true","-1","N/A","0","false","6629.249","true","0","false",,"86301.219","86301.219","6","false","true",
"C","A","20240101","2024","52","2024","757","CHE","Switzerland","X","Export","0","W00","World","0","W00","World","H6","HS","true","0902","Tea","4","false","C00","TOTAL CPC","0","1000","Air","8","kg","1140.206","true","-1","N/A","0","false","1140.206","true","0","false",,"107732.878","107732.878","6","false","true",
"C","A","20240101","2024","52","2024","764","THA","Thailand","X","Export","0","W00","World","0","W00","World","H6","HS","true","0902","Tea","4","false","C00","TOTAL CPC","0","1000","Air","8","kg","13889.722","true","-1","N/A","0","false","13889.722","true","0","false",,"226274.63","226274.63","6","false","true",
"C","A","20240101","2024","52","2024","780","TTO","Trinidad and Tobago","X","Export","0","W00","World","0","W00","World","H4","HS","true","0902","Tea","4","false","C00","TOTAL CPC","0","1000","Air","8","kg","35.547","true","-1","N/A","0","false","35.547","true","0","false",,"298.513","298.513","6","false","true",
"C","A","20240101","2024","52","2024","764","THA","Thailand","X","Export","0","W00","World","0","W00","World","H6","HS","true","0902","Tea","4","false","C00","TOTAL CPC","0","2000","Water","8","kg","3305903.01","true","-1","N/A","0","false","3305903.01","true","0","false",,"21808764.76","21808764.76","6","false","true",
"C","A","20240101","2024","52","2024","752","SWE","Sweden","X","Export","0","W00","World","0","W00","World","H6","HS","true","0902","Tea","4","false","C00","TOTAL CPC","0","2100","Sea","8","kg","14426.344","true","-1","N/A","0","false","14426.344","true","0","false",,"201937.283","201937.283","6","false","true",
"C","A","20240101","2024","52","2024","780","TTO","Trinidad and Tobago","X","Export","0","W00","World","0","W00","World","H4","HS","true","0902","Tea","4","false","C00","TOTAL CPC","0","2100","Sea","8","kg","14397.54","true","-1","N/A","0","false","14397.54","true","0","false",,"124810.017","124810.017","6","false","true",
"C","A","20240101","2024","52","2024","757","CHE","Switzerland","X","Export","0","W00","World","0","W00","World","H6","HS","true","0902","Tea","4","false","C00","TOTAL CPC","0","2200","Inland waterway","8","kg","42","false","8","kg","42","false","42","false","0","false",,"8848.316","8848.316","0","false","true",
"C","A","20240101","2024","52","2024","764","THA","Thailand","X","Export","0","W00","World","0","W00","World","H6","HS","true","0902","Tea","4","false","C00","TOTAL CPC","0","3000","Land","8","kg","933303.365","true","-1","N/A","0","false","933303.365","true","0","false",,"5905971.05","5905971.05","6","false","true",
"C","A","20240101","2024","52","2024","752","SWE","Sweden","X","Export","0","W00","World","0","W00","World","H6","HS","true","0902","Tea","4","false","C00","TOTAL CPC","0","3100","Railway","8","kg","96.848","true","-1","N/A","0","false","96.848","true","0","false",,"1703.314","1703.314","6","false","true",
"C","A","20240101","2024","52","2024","752","SWE","Sweden","X","Export","0","W00","World","0","W00","World","H6","HS","true","0902","Tea","4","false","C00","TOTAL CPC","0","3200","Road","8","kg","243923.576","true","-1","N/A","0","false","243923.576","true","0","false",,"3428770.156","3428770.156","6","false","true",
"C","A","20240101","2024","52","2024","757","CHE","Switzerland","X","Export","0","W00","World","0","W00","World","H6","HS","true","0902","Tea","4","false","C00","TOTAL CPC","0","3200","Road","8","kg","6758436.748","true","-1","N/A","0","false","6758436.748","true","0","false",,"28126970.074","28126970.074","6","false","true",
"C","A","20240101","2024","52","2024","764","THA","Thailand","X","Export","0","W00","World","0","W00","World","H6","HS","true","0902","Tea","4","false","C00","TOTAL CPC","0","9000","Pipelines, cables, postal and others","8","kg","138.312","true","-1","N/A","0","false","138.312","true","0","false",,"1878.8","1878.8","6","false","true",
"C","A","20240101","2024","52","2024","752","SWE","Sweden","X","Export","0","W00","World","0","W00","World","H6","HS","true","0902","Tea","4","false","C00","TOTAL CPC","0","9200","Postal consignments, mail or courier shipment","8","kg","147.279","true","-1","N/A","0","false","147.279","true","0","false",,"2176.456","2176.456","6","false","true",
"C","A","20240101","2024","52","2024","752","SWE","Sweden","X","Export","0","W00","World","0","W00","World","H6","HS","true","0902","Tea","4","false","C00","TOTAL CPC","0","9900","Other","8","kg","491378.543","true","-1","N/A","0","false","491378.543","true","0","false",,"4039029.546","4039029.546","6","false","true",
"C","A","20240101","2024","52","2024","752","SWE","Sweden","X","Export","0","W00","World","0","W00","World","H6","HS","true","090210","Tea, green; (not fermented), in immediate packings of a content not exceeding 3kg","6","true","C00","TOTAL CPC","0","0","TOTAL MOT","8","kg","90638.615","true","-1","N/A","0","false","90638.615","true","0","false",,"1594112.216","1594112.216","6","false","true",
"C","A","20240101","2024","52","2024","757","CHE","Switzerland","X","Export","0","W00","World","0","W00","World","H6","HS","true","090210","Tea, green; (not fermented), in immediate packings of a content not exceeding 3kg","6","true","C00","TOTAL CPC","0","0","TOTAL MOT","8","kg","27212.186","true","-1","N/A","0","false","27212.186","true","0","false",,"1876482.656","1876482.656","6","false","true",
"C","A","20240101","2024","52","2024","764","THA","Thailand","X","Export","0","W00","World","0","W00","World","H6","HS","true","090210","Tea, green; (not fermented), in immediate packings of a content not exceeding 3kg","6","true","C00","TOTAL CPC","0","0","TOTAL MOT","8","kg","1336218.13","true","8","kg","1336161","false","1336218.13","true","0","false",,"12215060.39","12215060.39","6","false","true",
"C","A","20240101","2024","52","2024","780","TTO","Trinidad and Tobago","X","Export","0","W00","World","0","W00","World","H4","HS","true","090210","Tea, green; (not fermented), in immediate packings of a content not exceeding 3kg","6","true","C00","TOTAL CPC","0","0","TOTAL MOT","8","kg","7654.106","true","8","kg","7651","false","7654.106","true","0","false",,"65714.8","65714.8","6","false","true",
"C","A","20240101","2024","52","2024","788","TUN","Tunisia","X","Export","0","W00","World","0","W00","World","H6","HS","true","090210","Tea, green; (not fermented), in immediate packings of a content not exceeding 3kg","6","true","C00","TOTAL CPC","0","0","TOTAL MOT","8","kg","40.661","true","-1","N/A","0","false","40.661","true","0","false",,"817.069","817.069","6","false","true",
"C","A","20240101","2024","52","2024","752","SWE","Sweden","X","Export","0","W00","World","0","W00","World","H6","HS","true","090210","Tea, green; (not fermented), in immediate packings of a content not exceeding 3kg","6","true","C00","TOTAL CPC","0","1000","Air","8","kg","3033.8","true","-1","N/A","0","false","3033.8","true","0","false",,"52140.32","52140.32","6","false","true",
"C","A","20240101","2024","52","2024","757","CHE","Switzerland","X","Export","0","W00","World","0","W00","World","H6","HS","true","090210","Tea, green; (not fermented), in immediate packings of a content not exceeding 3kg","6","true","C00","TOTAL CPC","0","1000","Air","8","kg","266.989","true","-1","N/A","0","false","266.989","true","0","false",,"26606.668","26606.668","6","false","true",
"C","A","20240101","2024","52","2024","764","THA","Thailand","X","Export","0","W00","World","0","W00","World","H6","HS","true","090210","Tea, green; (not fermented), in immediate packings of a content not exceeding 3kg","6","true","C00","TOTAL CPC","0","1000","Air","8","kg","4051.824","true","8","kg","4048","false","4051.824","true","0","false",,"100675.45","100675.45","6","false","true",
"C","A","20240101","2024","52","2024","764","THA","Thailand","X","Export","0","W00","World","0","W00","World","H6","HS","true","090210","Tea, green; (not fermented), in immediate packings of a content not exceeding 3kg","6","true","C00","TOTAL CPC","0","2000","Water","8","kg","1226020.01","true","8","kg","1226015","false","1226020.01","true","0","false",,"10601022.6","10601022.6","6","false","true",
"C","A","20240101","2024","52","2024","752","SWE","Sweden","X","Export","0","W00","World","0","W00","World","H6","HS","true","090210","Tea, green; (not fermented), in immediate packings of a content not exceeding 3kg","6","true","C00","TOTAL CPC","0","2100","Sea","8","kg","344.347","true","-1","N/A","0","false","344.347","true","0","false",,"6056.226","6056.226","6","false","true",
"C","A","20240101","2024","52","2024","780","TTO","Trinidad and Tobago","X","Export","0","W00","World","0","W00","World","H4","HS","true","090210","Tea, green; (not fermented), in immediate packings of a content not exceeding 3kg","6","true","C00","TOTAL CPC","0","2100","Sea","8","kg","7654.106","true","8","kg","7651","false","7654.106","true","0","false",,"65714.8","65714.8","6","false","true",
"C","A","20240101","2024","52","2024","757","CHE","Switzerland","X","Export","0","W00","World","0","W00","World","H6","HS","true","090210","Tea, green; (not fermented), in immediate packings of a content not exceeding 3kg","6","true","C00","TOTAL CPC","0","2200","Inland waterway","8","kg","12","false","8","kg","12","false","12","false","0","false",,"2854.802","2854.802","0","false","true",
"C","A","20240101","2024","52","2024","764","THA","Thailand","X","Export","0","W00","World","0","W00","World","H6","HS","true","090210","Tea, green; (not fermented), in immediate packings of a content not exceeding 3kg","6","true","C00","TOTAL CPC","0","3000","Land","8","kg","106040","false","8","kg","106040","false","106040","false","0","false",,"1511645.66","1511645.66","0","false","true",
"C","A","20240101","2024","52","2024","752","SWE","Sweden","X","Export","0","W00","World","0","W00","World","H6","HS","true","090210","Tea, green; (not fermented), in immediate packings of a content not exceeding 3kg","6","true","C00","TOTAL CPC","0","3100","Railway","8","kg","96.848","true","-1","N/A","0","false","96.848","true","0","false",,"1703.314","1703.314","6","false","true",
"C","A","20240101","2024","52","2024","752","SWE","Sweden","X","Export","0","W00","World","0","W00","World","H6","HS","true","090210","Tea, green; (not fermented), in immediate packings of a content not exceeding 3kg","6","true","C00","TOTAL CPC","0","3200","Road","8","kg","45591.847","true","-1","N/A","0","false","45591.847","true","0","false",,"967198.205","967198.205","6","false","true",
"C","A","20240101","2024","52","2024","757","CHE","Switzerland","X","Export","0","W00","World","0","W00","World","H6","HS","true","090210","Tea, green; (not fermented), in immediate packings of a content not exceeding 3kg","6","true","C00","TOTAL CPC","0","3200","Road","8","kg","26933.197","true","-1","N/A","0","false","26933.197","true","0","false",,"1847021.186","1847021.186","6","false","true",
"C","A","20240101","2024","52","2024","764","THA","Thailand","X","Export","0","W00","World","0","W00","World","H6","HS","true","090210","Tea, green; (not fermented), in immediate packings of a content not exceeding 3kg","6","true","C00","TOTAL CPC","0","9000","Pipelines, cables, postal and others","8","kg","106.295","true","8","kg","58","false","106.295","true","0","false",,"1716.68","1716.68","6","false","true",
"C","A","20240101","2024","52","2024","752","SWE","Sweden","X","Export","0","W00","World","0","W00","World","H6","HS","true","090210","Tea, green; (not fermented), in immediate packings of a content not exceeding 3kg","6","true","C00","TOTAL CPC","0","9900","Other","8","kg","41571.773","true","-1","N/A","0","false","41571.773","true","0","false",,"567014.152","567014.152","6","false","true",
"C","A","20240101","2024","52","2024","752","SWE","Sweden","X","Export","0","W00","World","0","W00","World","H6","HS","true","090220","Tea, green; (not fermented), in immediate packings of a content exceeding 3kg","6","true","C00","TOTAL CPC","0","0","TOTAL MOT","8","kg","9530.12","true","-1","N/A","0","false","9530.12","true","0","false",,"149702.334","149702.334","6","false","true",
"C","A","20240101","2024","52","2024","757","CHE","Switzerland","X","Export","0","W00","World","0","W00","World","H6","HS","true","090220","Tea, green; (not fermented), in immediate packings of a content exceeding 3kg","6","true","C00","TOTAL CPC","0","0","TOTAL MOT","8","kg","10466.324","true","-1","N/A","0","false","10466.324","true","0","false",,"166778.135","166778.135","6","false","true",
"C","A","20240101","2024","52","2024","764","THA","Thailand","X","Export","0","W00","World","0","W00","World","H6","HS","true","090220","Tea, green; (not fermented), in immediate packings of a content exceeding 3kg","6","true","C00","TOTAL CPC","0","0","TOTAL MOT","8","kg","456382.564","true","8","kg","456381","false","456382.564","true","0","false",,"2575978.41","2575978.41","6","false","true",
"C","A","20240101","2024","52","2024","780","TTO","Trinidad and Tobago","X","Export","0","W00","World","0","W00","World","H4","HS","true","090220","Tea, green; (not fermented), in immediate packings of a content exceeding 3kg","6","true","C00","TOTAL CPC","0","0","TOTAL MOT","8","kg","1111.847","true","8","kg","1111","false","1111.847","true","0","false",,"8171.999","8171.999","6","false","true",
"C","A","20240101","2024","52","2024","788","TUN","Tunisia","X","Export","0","W00","World","0","W00","World","H6","HS","true","090220","Tea, green; (not fermented), in immediate packings of a content exceeding 3kg","6","true","C00","TOTAL CPC","0","0","TOTAL MOT","8","kg","2340.063","true","-1","N/A","0","false","2340.063","true","0","false",,"19598.384","19598.384","6","false","true",
"C","A","20240101","2024","52","2024","752","SWE","Sweden","X","Export","0","W00","World","0","W00","World","H6","HS","true","090220","Tea, green; (not fermented), in immediate packings of a content exceeding 3kg","6","true","C00","TOTAL CPC","0","1000","Air","8","kg","192.771","true","-1","N/A","0","false","192.771","true","0","false",,"3028.113","3028.113","6","false","true",
"C","A","20240101","2024","52","2024","757","CHE","Switzerland","X","Export","0","W00","World","0","W00","World","H6","HS","true","090220","Tea, green; (not fermented), in immediate packings of a content exceeding 3kg","6","true","C00","TOTAL CPC","0","1000","Air","8","kg","68.197","true","-1","N/A","0","false","68.197","true","0","false",,"9013.275","9013.275","6","false","true",
"C","A","20240101","2024","52","2024","764","THA","Thailand","X","Export","0","W00","World","0","W00","World","H6","HS","true","090220","Tea, green; (not fermented), in immediate packings of a content exceeding 3kg","6","true","C00","TOTAL CPC","0","1000","Air","8","kg","2624.564","true","8","kg","2623","false","2624.564","true","0","false",,"45904.91","45904.91","6","false","true",
"C","A","20240101","2024","52","2024","780","TTO","Trinidad and Tobago","X","Export","0","W00","World","0","W00","World","H4","HS","true","090220","Tea, green; (not fermented), in immediate packings of a content exceeding 3kg","6","true","C00","TOTAL CPC","0","1000","Air","8","kg","0.847","true","8","kg","0","false","0.847","true","0","false",,"6.222","6.222","6","false","true",
"C","A","20240101","2024","52","2024","764","THA","Thailand","X","Export","0","W00","World","0","W00","World","H6","HS","true","090220","Tea, green; (not fermented), in immediate packings of a content exceeding 3kg","6","true","C00","TOTAL CPC","0","2000","Water","8","kg","228814","false","8","kg","228814","false","228814","false","0","false",,"1445244.59","1445244.59","0","false","true",
"C","A","20240101","2024","52","2024","752","SWE","Sweden","X","Export","0","W00","World","0","W00","World","H6","HS","true","090220","Tea, green; (not fermented), in immediate packings of a content exceeding 3kg","6","true","C00","TOTAL CPC","0","2100","Sea","8","kg","4060.241","true","-1","N/A","0","false","4060.241","true","0","false",,"79204.08","79204.08","6","false","true",
"C","A","20240101","2024","52","2024","780","TTO","Trinidad and Tobago","X","Export","0","W00","World","0","W00","World","H4","HS","true","090220","Tea, green; (not fermented), in immediate packings of a content exceeding 3kg","6","true","C00","TOTAL CPC","0","2100","Sea","8","kg","1111","false","8","kg","1111","false","1111","false","0","false",,"8165.777","8165.777","0","false","true",
"C","A","20240101","2024","52","2024","764","THA","Thailand","X","Export","0","W00","World","0","W00","World","H6","HS","true","090220","Tea, green; (not fermented), in immediate packings of a content exceeding 3kg","6","true","C00","TOTAL CPC","0","3000","Land","8","kg","224944","false","8","kg","224944","false","224944","false","0","false",,"1084828.91","1084828.91","0","false","true",
"C","A","20240101","2024","52","2024","752","SWE","Sweden","X","Export","0","W00","World","0","W00","World","H6","HS","true","090220","Tea, green; (not fermented), in immediate packings of a content exceeding 3kg","6","true","C00","TOTAL CPC","0","3200","Road","8","kg","2807.229","true","-1","N/A","0","false","2807.229","true","0","false",,"44096.895","44096.895","6","false","true",
"C","A","20240101","2024","52","2024","757","CHE","Switzerland","X","Export","0","W00","World","0","W00","World","H6","HS","true","090220","Tea, green; (not fermented), in immediate packings of a content exceeding 3kg","6","true","C00","TOTAL CPC","0","3200","Road","8","kg","10398.127","true","-1","N/A","0","false","10398.127","true","0","false",,"157764.859","157764.859","6","false","true",
"C","A","20240101","2024","52","2024","752","SWE","Sweden","X","Export","0","W00","World","0","W00","World","H6","HS","true","090220","Tea, green; (not fermented), in immediate packings of a content exceeding 3kg","6","true","C00","TOTAL CPC","0","9200","Postal consignments, mail or courier shipment","8","kg","126.506","true","-1","N/A","0","false","126.506","true","0","false",,"1987.199","1987.199","6","false","true",
"C","A","20240101","2024","52","2024","752","SWE","Sweden","X","Export","0","W00","World","0","W00","World","H6","HS","true","090220","Tea, green; (not fermented), in immediate packings of a content exceeding 3kg","6","true","C00","TOTAL CPC","0","9900","Other","8","kg","2343.373","true","-1","N/A","0","false","2343.373","true","0","false",,"21386.048","21386.048","6","false","true",
"C","A","20240101","2024","52","2024","752","SWE","Sweden","X","Export","0","W00","World","0","W00","World","H6","HS","true","090230","Tea, black; (fermented) and partly fermented tea, in immediate packings of a content not exceeding 3kg","6","true","C00","TOTAL CPC","0","0","TOTAL MOT","8","kg","627693.346","true","-1","N/A","0","false","627693.346","true","0","false",,"5754266.281","5754266.281","6","false","true",
"C","A","20240101","2024","52","2024","757","CHE","Switzerland","X","Export","0","W00","World","0","W00","World","H6","HS","true","090230","Tea, black; (fermented) and partly fermented tea, in immediate packings of a content not exceeding 3kg","6","true","C00","TOTAL CPC","0","0","TOTAL MOT","8","kg","51935.958","true","-1","N/A","0","false","51935.958","true","0","false",,"3842211.55","3842211.55","6","false","true",
"C","A","20240101","2024","52","2024","764","THA","Thailand","X","Export","0","W00","World","0","W00","World","H6","HS","true","090230","Tea, black; (fermented) and partly fermented tea, in immediate packings of a content not exceeding 3kg","6","true","C00","TOTAL CPC","0","0","TOTAL MOT","-1","N/A","0","false","8","kg","1063953","false",,"false","0","false",,"6212275.73","6212275.73","0","false","true",
"C","A","20240101","2024","52","2024","768","TGO","Togo","X","Export","0","W00","World","0","W00","World","H5","HS","true","090230","Tea, black; (fermented) and partly fermented tea, in immediate packings of a content not exceeding 3kg","6","true","C00","TOTAL CPC","0","0","TOTAL MOT","8","kg","904428","false","8","kg","904428","false","904428","false","0","false",,"442024.452","442024.452","0","false","true",
"C","A","20240101","2024","52","2024","780","TTO","Trinidad and Tobago","X","Export","0","W00","World","0","W00","World","H4","HS","true","090230","Tea, black; (fermented) and partly fermented tea, in immediate packings of a content not exceeding 3kg","6","true","C00","TOTAL CPC","0","0","TOTAL MOT","8","kg","4059.794","true","8","kg","4024","false","4059.794","true","0","false",,"36948.955","36948.955","6","false","true",
"C","A","20240101","2024","52","2024","788","TUN","Tunisia","X","Export","0","W00","World","0","W00","World","H6","HS","true","090230","Tea, black; (fermented) and partly fermented tea, in immediate packings of a content not exceeding 3kg","6","true","C00","TOTAL CPC","0","0","TOTAL MOT","8","kg","8.662","true","-1","N/A","0","false","8.662","true","0","false",,"113.598","113.598","6","false","true",
"C","A","20240101","2024","52","2024","752","SWE","Sweden","X","Export","0","W00","World","0","W00","World","H6","HS","true","090230","Tea, black; (fermented) and partly fermented tea, in immediate packings of a content not exceeding 3kg","6","true","C00","TOTAL CPC","0","1000","Air","8","kg","2332.857","true","-1","N/A","0","false","2332.857","true","0","false",,"21386.048","21386.048","6","false","true",
"C","A","20240101","2024","52","2024","757","CHE","Switzerland","X","Export","0","W00","World","0","W00","World","H6","HS","true","090230","Tea, black; (fermented) and partly fermented tea, in immediate packings of a content not exceeding 3kg","6","true","C00","TOTAL CPC","0","1000","Air","8","kg","510.547","true","-1","N/A","0","false","510.547","true","0","false",,"67935.093","67935.093","6","false","true",
"C","A","20240101","2024","52","2024","764","THA","Thailand","X","Export","0","W00","World","0","W00","World","H6","HS","true","090230","Tea, black; (fermented) and partly fermented tea, in immediate packings of a content not exceeding 3kg","6","true","C00","TOTAL CPC","0","1000","Air","-1","N/A","0","false","8","kg","3723","false",,"false","0","false",,"24576.54","24576.54","0","false","true",
"C","A","20240101","2024","52","2024","780","TTO","Trinidad and Tobago","X","Export","0","W00","World","0","W00","World","H4","HS","true","090230","Tea, black; (fermented) and partly fermented tea, in immediate packings of a content not exceeding 3kg","6","true","C00","TOTAL CPC","0","1000","Air","8","kg","32","false","8","kg","32","false","32","false","0","false",,"270.514","270.514","0","false","true",
"C","A","20240101","2024","52","2024","764","THA","Thailand","X","Export","0","W00","World","0","W00","World","H6","HS","true","090230","Tea, black; (fermented) and partly fermented tea, in immediate packings of a content not exceeding 3kg","6","true","C00","TOTAL CPC","0","2000","Water","8","kg","1016102","false","8","kg","1016102","false","1016102","false","0","false",,"5834463.11","5834463.11","0","false","true",
"C","A","20240101","2024","52","2024","752","SWE","Sweden","X","Export","0","W00","World","0","W00","World","H6","HS","true","090230","Tea, black; (fermented) and partly fermented tea, in immediate packings of a content not exceeding 3kg","6","true","C00","TOTAL CPC","0","2100","Sea","8","kg","10021.756","true","-1","N/A","0","false","10021.756","true","0","false",,"116676.977","116676.977","6","false","true",
"C","A","20240101","2024","52","2024","780","TTO","Trinidad and Tobago","X","Export","0","W00","World","0","W00","World","H4","HS","true","090230","Tea, black; (fermented) and partly fermented tea, in immediate packings of a content not exceeding 3kg","6","true","C00","TOTAL CPC","0","2100","Sea","8","kg","4027.794","true","8","kg","3992","false","4027.794","true","0","false",,"36678.441","36678.441","6","false","true",
"C","A","20240101","2024","52","2024","757","CHE","Switzerland","X","Export","0","W00","World","0","W00","World","H6","HS","true","090230","Tea, black; (fermented) and partly fermented tea, in immediate packings of a content not exceeding 3kg","6","true","C00","TOTAL CPC","0","2200","Inland waterway","8","kg","30","false","8","kg","30","false","30","false","0","false",,"5993.514","5993.514","0","false","true",
"C","A","20240101","2024","52","2024","764","THA","Thailand","X","Export","0","W00","World","0","W00","World","H6","HS","true","090230","Tea, black; (fermented) and partly fermented tea, in immediate packings of a content not exceeding 3kg","6","true","C00","TOTAL CPC","0","3000","Land","8","kg","44112.365","true","8","kg","44097","false","44112.365","true","0","false",,"353073.96","353073.96","6","false","true",
"C","A","20240101","2024","52","2024","752","SWE","Sweden","X","Export","0","W00","World","0","W00","World","H6","HS","true","090230","Tea, black; (fermented) and partly fermented tea, in immediate packings of a content not exceeding 3kg","6","true","C00","TOTAL CPC","0","3200","Road","8","kg","175421.788","true","-1","N/A","0","false","175421.788","true","0","false",,"2228217.996","2228217.996","6","false","true",
"C","A","20240101","2024","52","2024","757","CHE","Switzerland","X","Export","0","W00","World","0","W00","World","H6","HS","true","090230","Tea, black; (fermented) and partly fermented tea, in immediate packings of a content not exceeding 3kg","6","true","C00","TOTAL CPC","0","3200","Road","8","kg","51395.411","true","-1","N/A","0","false","51395.411","true","0","false",,"3768282.943","3768282.943","6","false","true",
"C","A","20240101","2024","52","2024","764","THA","Thailand","X","Export","0","W00","World","0","W00","World","H6","HS","true","090230","Tea, black; (fermented) and partly fermented tea, in immediate packings of a content not exceeding 3kg","6","true","C00","TOTAL CPC","0","9000","Pipelines, cables, postal and others","8","kg","32.017","true","8","kg","31","false","32.017","true","0","false",,"162.12","162.12","6","false","true",
"C","A","20240101","2024","52","2024","752","SWE","Sweden","X","Export","0","W00","World","0","W00","World","H6","HS","true","090230","Tea, black; (fermented) and partly fermented tea, in immediate packings of a content not exceeding 3kg","6","true","C00","TOTAL CPC","0","9900","Other","8","kg","439916.945","true","-1","N/A","0","false","439916.945","true","0","false",,"3387985.26","3387985.26","6","false","true",
"C","A","20240101","2024","52","2024","752","SWE","Sweden","X","Export","0","W00","World","0","W00","World","H6","HS","true","090240","Tea, black; (fermented) and partly fermented tea, in immediate packings of a content exceeding 3kg","6","true","C00","TOTAL CPC","0","0","TOTAL MOT","8","kg","28739.758","true","-1","N/A","0","false","28739.758","true","0","false",,"261837.143","261837.143","6","false","true",
"C","A","20240101","2024","52","2024","757","CHE","Switzerland","X","Export","0","W00","World","0","W00","World","H6","HS","true","090240","Tea, black; (fermented) and partly fermented tea, in immediate packings of a content exceeding 3kg","6","true","C00","TOTAL CPC","0","0","TOTAL MOT","8","kg","6670004.486","true","-1","N/A","0","false","6670004.486","true","0","false",,"22358078.928","22358078.928","6","false","true",
"C","A","20240101","2024","52","2024","764","THA","Thailand","X","Export","0","W00","World","0","W00","World","H6","HS","true","090240","Tea, black; (fermented) and partly fermented tea, in immediate packings of a content exceeding 3kg","6","true","C00","TOTAL CPC","0","0","TOTAL MOT","8","kg","1396719.409","true","8","kg","1396704","false","1396719.409","true","0","false",,"6939574.71","6939574.71","6","false","true",
"C","A","20240101","2024","52","2024","768","TGO","Togo","X","Export","0","W00","World","0","W00","World","H5","HS","true","090240","Tea, black; (fermented) and partly fermented tea, in immediate packings of a content exceeding 3kg","6","true","C00","TOTAL CPC","0","0","TOTAL MOT","8","kg","17555","false","8","kg","17555","false","17555","false","0","false",,"65369.698","65369.698","0","false","true",
"C","A","20240101","2024","52","2024","780","TTO","Trinidad and Tobago","X","Export","0","W00","World","0","W00","World","H4","HS","true","090240","Tea, black; (fermented) and partly fermented tea, in immediate packings of a content exceeding 3kg","6","true","C00","TOTAL CPC","0","0","TOTAL MOT","8","kg","1607.34","true","8","kg","1584","false","1607.34","true","0","false",,"14272.776","14272.776","6","false","true",
"C","A","20240101","2024","52","2024","788","TUN","Tunisia","X","Export","0","W00","World","0","W00","World","H6","HS","true","090240","Tea, black; (fermented) and partly fermented tea, in immediate packings of a content exceeding 3kg","6","true","C00","TOTAL CPC","0","0","TOTAL MOT","8","kg","49.822","true","-1","N/A","0","false","49.822","true","0","false",,"222.369","222.369","6","false","true",
"C","A","20240101","2024","52","2024","752","SWE","Sweden","X","Export","0","W00","World","0","W00","World","H6","HS","true","090240","Tea, black; (fermented) and partly fermented tea, in immediate packings of a content exceeding 3kg","6","true","C00","TOTAL CPC","0","1000","Air","8","kg","1069.821","true","-1","N/A","0","false","1069.821","true","0","false",,"9746.739","9746.739","6","false","true",
"C","A","20240101","2024","52","2024","757","CHE","Switzerland","X","Export","0","W00","World","0","W00","World","H6","HS","true","090240","Tea, black; (fermented) and partly fermented tea, in immediate packings of a content exceeding 3kg","6","true","C00","TOTAL CPC","0","1000","Air","8","kg","294.473","true","-1","N/A","0","false","294.473","true","0","false",,"4177.842","4177.842","6","false","true",
"C","A","20240101","2024","52","2024","764","THA","Thailand","X","Export","0","W00","World","0","W00","World","H6","HS","true","090240","Tea, black; (fermented) and partly fermented tea, in immediate packings of a content exceeding 3kg","6","true","C00","TOTAL CPC","0","1000","Air","8","kg","3545.409","true","8","kg","3530","false","3545.409","true","0","false",,"55117.73","55117.73","6","false","true",
"C","A","20240101","2024","52","2024","780","TTO","Trinidad and Tobago","X","Export","0","W00","World","0","W00","World","H4","HS","true","090240","Tea, black; (fermented) and partly fermented tea, in immediate packings of a content exceeding 3kg","6","true","C00","TOTAL CPC","0","1000","Air","8","kg","2.701","true","8","kg","2","false","2.701","true","0","false",,"21.777","21.777","6","false","true",
"C","A","20240101","2024","52","2024","764","THA","Thailand","X","Export","0","W00","World","0","W00","World","H6","HS","true","090240","Tea, black; (fermented) and partly fermented tea, in immediate packings of a content exceeding 3kg","6","true","C00","TOTAL CPC","0","2000","Water","8","kg","834967","false","8","kg","834967","false","834967","false","0","false",,"3928034.46","3928034.46","0","false","true",
"C","A","20240101","2024","52","2024","780","TTO","Trinidad and Tobago","X","Export","0","W00","World","0","W00","World","H4","HS","true","090240","Tea, black; (fermented) and partly fermented tea, in immediate packings of a content exceeding 3kg","6","true","C00","TOTAL CPC","0","2100","Sea","8","kg","1604.64","true","8","kg","1582","false","1604.64","true","0","false",,"14250.999","14250.999","6","false","true",
"C","A","20240101","2024","52","2024","764","THA","Thailand","X","Export","0","W00","World","0","W00","World","H6","HS","true","090240","Tea, black; (fermented) and partly fermented tea, in immediate packings of a content exceeding 3kg","6","true","C00","TOTAL CPC","0","3000","Land","8","kg","558207","false","8","kg","558207","false","558207","false","0","false",,"2956422.52","2956422.52","0","false","true",
"C","A","20240101","2024","52","2024","752","SWE","Sweden","X","Export","0","W00","World","0","W00","World","H6","HS","true","090240","Tea, black; (fermented) and partly fermented tea, in immediate packings of a content exceeding 3kg","6","true","C00","TOTAL CPC","0","3200","Road","8","kg","20102.712","true","-1","N/A","0","false","20102.712","true","0","false",,"189257.06","189257.06","6","false","true",
"C","A","20240101","2024","52","2024","757","CHE","Switzerland","X","Export","0","W00","World","0","W00","World","H6","HS","true","090240","Tea, black; (fermented) and partly fermented tea, in immediate packings of a content exceeding 3kg","6","true","C00","TOTAL CPC","0","3200","Road","8","kg","6669710.013","true","-1","N/A","0","false","6669710.013","true","0","false",,"22353901.086","22353901.086","6","false","true",
"C","A","20240101","2024","52","2024","752","SWE","Sweden","X","Export","0","W00","World","0","W00","World","H6","HS","true","090240","Tea, black; (fermented) and partly fermented tea, in immediate packings of a content exceeding 3kg","6","true","C00","TOTAL CPC","0","9200","Postal consignments, mail or courier shipment","8","kg","20.773","true","-1","N/A","0","false","20.773","true","0","false",,"189.257","189.257","6","false","true",
"C","A","20240101","2024","52","2024","752","SWE","Sweden","X","Export","0","W00","World","0","W00","World","H6","HS","true","090240","Tea, black; (fermented) and partly fermented tea, in immediate packings of a content exceeding 3kg","6","true","C00","TOTAL CPC","0","9900","Other","8","kg","7546.451","true","-1","N/A","0","false","7546.451","true","0","false",,"62644.087","62644.087","6","false","true",
"C","A","20240101","2024","52","2024","792","TUR","Türkiye","X","Export","0","W00","World","0","W00","World","H6","HS","true","0902","Tea","4","false","C00","TOTAL CPC","0","0","TOTAL MOT","8","kg","5302864","false","8","kg","5302864","false","5302864","false","0","false",,"27054028","27054028","0","false","true",
"C","A","20240101","2024","52","2024","800","UGA","Uganda","X","Export","0","W00","World","0","W00","World","H6","HS","true","0902","Tea","4","false","C00","TOTAL CPC","0","0","TOTAL MOT","8","kg","59860150.05","false","8","kg","59860150.05","false","59860150.05","false","0","false",,"56162838.5","56162838.5","0","false","true",
"C","A","20240101","2024","52","2024","804","UKR","Ukraine","X","Export","0","W00","World","0","W00","World","H6","HS","true","0902","Tea","4","false","C00","TOTAL CPC","0","0","TOTAL MOT","8","kg","506759.53","false","8","kg","506759.53","false","506759.53","false","0","false",,"7509250.15","7509250.15","0","false","true",
"C","A","20240101","2024","52","2024","807","MKD","North Macedonia","X","Export","0","W00","World","0","W00","World","H6","HS","true","0902","Tea","4","false","C00","TOTAL CPC","0","0","TOTAL MOT","8","kg","3962","false","8","kg","3962","false","3962","false","0","false",,"37720.71","37720.71","0","false","true",
"C","A","20240101","2024","52","2024","818","EGY","Egypt","X","Export","0","W00","World","0","W00","World","H6","HS","true","0902","Tea","4","false","C00","TOTAL CPC","0","0","TOTAL MOT","8","kg","1743725.708","true","-1","N/A","0","false","1743725.708","true","0","false",,"22738633.381","22738633.381","6","false","true",
"C","A","20240101","2024","52","2024","826","GBR","United Kingdom","X","Export","0","W00","World","0","W00","World","H6","HS","true","0902","Tea","4","false","C00","TOTAL CPC","0","0","TOTAL MOT","8","kg","14447028.248","true","-1","N/A","0","false","14447028.248","true","0","false",,"136491782.57","136491782.57","6","false","true",
"C","A","20240101","2024","52","2024","834","TZA","United Rep. of Tanzania","X","Export","0","W00","World","0","W00","World","H6","HS","true","0902","Tea","4","false","C00","TOTAL CPC","0","0","TOTAL MOT","8","kg","15742693.17","false","8","kg","15742693.17","false","15742693.17","false","0","false",,"19441355.567","19441355.567","0","false","true",
"C","A","20240101","2024","52","2024","842","USA","USA","X","Export","0","W00","World","0","W00","World","H6","HS","true","0902","Tea","4","false","C00","TOTAL CPC","0","0","TOTAL MOT","8","kg","14840386","false","8","kg","14840386","false","14840386","false","0","false",,"97276547","97276547","0","false","true",
"C","A","20240101","2024","52","2024","854","BFA","Burkina Faso","X","Export","0","W00","World","0","W00","World","H6","HS","true","0902","Tea","4","false","C00","TOTAL CPC","0","0","TOTAL MOT","8","kg","26300","false","8","kg","26300","false","26300","false","0","false",,"21554.151","21554.151","0","false","true",
"C","A","20240101","2024","52","2024","858","URY","Uruguay","X","Export","0","W00","World","0","W00","World","H6","HS","true","0902","Tea","4","false","C00","TOTAL CPC","0","0","TOTAL MOT","8","kg","105","false","8","kg","105","false","105","false","0","false",,"882","882","0","false","true",
"C","A","20240101","2024","52","2024","860","UZB","Uzbekistan","X","Export","0","W00","World","0","W00","World","H6","HS","true","0902","Tea","4","false","C00","TOTAL CPC","0","0","TOTAL MOT","8","kg","220086.45","true","-1","N/A","0","false","220086.45","true","0","false",,"465381.98","465381.98","6","false","true",
"C","A","20240101","2024","52","2024","882","WSM","Samoa","X","Export","0","W00","World","0","W00","World","H5","HS","true","0902","Tea","4","false","C00","TOTAL CPC","0","0","TOTAL MOT","8","kg","440","false","8","kg","440","false","440","false","0","false",,"1435.103","1435.103","0","false","true",
"C","A","20240101","2024","52","2024","887","YEM","Yemen","X","Export","0","W00","World","0","W00","World","H5","HS","true","0902","Tea","4","false","C00","TOTAL CPC","0","0","TOTAL MOT","8","kg","1463489.4","false","8","kg","1463489.4","false","1463489.4","false","0","false",,"13272651.817","13272651.817","0","false","true",
"C","A","20240101","2024","52","2024","894","ZMB","Zambia","X","Export","0","W00","World","0","W00","World","H6","HS","true","0902","Tea","4","false","C00","TOTAL CPC","0","0","TOTAL MOT","8","kg","11667.3","false","8","kg","11667.3","false","11667.3","false","0","false",,"10276.974","10276.974","0","false","true",
"C","A","20240101","2024","52","2024","792","TUR","Türkiye","X","Export","0","W00","World","0","W00","World","H6","HS","true","0902","Tea","4","false","C00","TOTAL CPC","0","1000","Air","8","kg","162375","false","8","kg","162375","false","162375","false","0","false",,"1820288","1820288","0","false","true",
"C","A","20240101","2024","52","2024","826","GBR","United Kingdom","X","Export","0","W00","World","0","W00","World","H6","HS","true","0902","Tea","4","false","C00","TOTAL CPC","0","1000","Air","8","kg","201443","true","-1","N/A","0","false","201443","true","0","false",,"4746369.236","4746369.236","6","false","true",
"C","A","20240101","2024","52","2024","792","TUR","Türkiye","X","Export","0","W00","World","0","W00","World","H6","HS","true","0902","Tea","4","false","C00","TOTAL CPC","0","2100","Sea","8","kg","3514494","false","8","kg","3514494","false","3514494","false","0","false",,"20066872","20066872","0","false","true",
"C","A","20240101","2024","52","2024","826","GBR","United Kingdom","X","Export","0","W00","World","0","W00","World","H6","HS","true","0902","Tea","4","false","C00","TOTAL CPC","0","2100","Sea","8","kg","7161633.324","true","-1","N/A","0","false","7161633.324","true","0","false",,"66141690.267","66141690.267","6","false","true",
"C","A","20240101","2024","52","2024","887","YEM","Yemen","X","Export","0","W00","World","0","W00","World","H5","HS","true","0902","Tea","4","false","C00","TOTAL CPC","0","2100","Sea","8","kg","8910","false","8","kg","8910","false","8910","false","0","false",,"3000","3000","0","false","true",
"C","A","20240101","2024","52","2024","887","YEM","Yemen","X","Export","0","W00","World","0","W00","World","H5","HS","true","0902","Tea","4","false","C00","TOTAL CPC","0","3000","Land","8","kg","1454579.4","false","8","kg","1454579.4","false","1454579.4","false","0","false",,"13269651.817","13269651.817","0","false","true",
"C","A","20240101","2024","52","2024","792","TUR","Türkiye","X","Export","0","W00","World","0","W00","World","H6","HS","true","0902","Tea","4","false","C00","TOTAL CPC","0","3100","Railway","8","kg","4229","false","8","kg","4229","false","4229","false","0","false",,"23205","23205","0","false","true",
"C","A","20240101","2024","52","2024","826","GBR","United Kingdom","X","Export","0","W00","World","0","W00","World","H6","HS","true","0902","Tea","4","false","C00","TOTAL CPC","0","3100","Railway","8","kg","935","false","8","kg","935","false","935","false","0","false",,"14761.744","14761.744","0","false","true",
"C","A","20240101","2024","52","2024","854","BFA","Burkina Faso","X","Export","0","W00","World","0","W00","World","H6","HS","true","0902","Tea","4","false","C00","TOTAL CPC","0","3100","Railway","8","kg","100","false","8","kg","100","false","100","false","0","false",,"164.922","164.922","0","false","true",
"C","A","20240101","2024","52","2024","792","TUR","Türkiye","X","Export","0","W00","World","0","W00","World","H6","HS","true","0902","Tea","4","false","C00","TOTAL CPC","0","3200","Road","8","kg","1621766","false","8","kg","1621766","false","1621766","false","0","false",,"5143663","5143663","0","false","true",
"C","A","20240101","2024","52","2024","807","MKD","North Macedonia","X","Export","0","W00","World","0","W00","World","H6","HS","true","0902","Tea","4","false","C00","TOTAL CPC","0","3200","Road","8","kg","3962","false","8","kg","3962","false","3962","false","0","false",,"37720.71","37720.71","0","false","true",
"C","A","20240101","2024","52","2024","826","GBR","United Kingdom","X","Export","0","W00","World","0","W00","World","H6","HS","true","0902","Tea","4","false","C00","TOTAL CPC","0","3200","Road","8","kg","216","false","8","kg","216","false","216","false","0","false",,"4615.344","4615.344","0","false","true",
"C","A","20240101","2024","52","2024","854","BFA","Burkina Faso","X","Export","0","W00","World","0","W00","World","H6","HS","true","0902","Tea","4","false","C00","TOTAL CPC","0","3200","Road","8","kg","26200","false","8","kg","26200","false","26200","false","0","false",,"21389.229","21389.229","0","false","true",
"C","A","20240101","2024","52","2024","826","GBR","United Kingdom","X","Export","0","W00","World","0","W00","World","H6","HS","true","0902","Tea","4","false","C00","TOTAL CPC","0","9900","Other","8","kg","7082800.924","true","-1","N/A","0","false","7082800.924","true","0","false",,"65584345.979","65584345.979","6","false","true",
"C","A","20240101","2024","52","2024","792","TUR","Türkiye","X","Export","0","W00","World","0","W00","World","H6","HS","true","090210","Tea, green; (not fermented), in immediate packings of a content not exceeding 3kg","6","true","C00","TOTAL CPC","0","0","TOTAL MOT","8","kg","108690","false","8","kg","108690","false","108690","false","0","false",,"1541297","1541297","0","false","true",
"C","A","20240101","2024","52","2024","800","UGA","Uganda","X","Export","0","W00","World","0","W00","World","H6","HS","true","090210","Tea, green; (not fermented), in immediate packings of a content not exceeding 3kg","6","true","C00","TOTAL CPC","0","0","TOTAL MOT","8","kg","904","false","8","kg","904","false","904","false","0","false",,"1612.83","1612.83","0","false","true",
"C","A","20240101","2024","52","2024","804","UKR","Ukraine","X","Export","0","W00","World","0","W00","World","H6","HS","true","090210","Tea, green; (not fermented), in immediate packings of a content not exceeding 3kg","6","true","C00","TOTAL CPC","0","0","TOTAL MOT","8","kg","85382.685","false","8","kg","85382.685","false","85382.685","false","0","false",,"1420641.55","1420641.55","0","false","true",
"C","A","20240101","2024","52","2024","807","MKD","North Macedonia","X","Export","0","W00","World","0","W00","World","H6","HS","true","090210","Tea, green; (not fermented), in immediate packings of a content not exceeding 3kg","6","true","C00","TOTAL CPC","0","0","TOTAL MOT","8","kg","759","false","8","kg","759","false","759","false","0","false",,"9259.81","9259.81","0","false","true",
"C","A","20240101","2024","52","2024","818","EGY","Egypt","X","Export","0","W00","World","0","W00","World","H6","HS","true","090210","Tea, green; (not fermented), in immediate packings of a content not exceeding 3kg","6","true","C00","TOTAL CPC","0","0","TOTAL MOT","8","kg","25412.492","true","-1","N/A","0","false","25412.492","true","0","false",,"623086.33","623086.33","6","false","true",
"C","A","20240101","2024","52","2024","826","GBR","United Kingdom","X","Export","0","W00","World","0","W00","World","H6","HS","true","090210","Tea, green; (not fermented), in immediate packings of a content not exceeding 3kg","6","true","C00","TOTAL CPC","0","0","TOTAL MOT","8","kg","1139567.84","true","-1","N/A","0","false","1139567.84","true","0","false",,"21438087.583","21438087.583","6","false","true",
"C","A","20240101","2024","52","2024","834","TZA","United Rep. of Tanzania","X","Export","0","W00","World","0","W00","World","H6","HS","true","090210","Tea, green; (not fermented), in immediate packings of a content not exceeding 3kg","6","true","C00","TOTAL CPC","0","0","TOTAL MOT","8","kg","707.27","false","8","kg","707.27","false","707.27","false","0","false",,"9199.333","9199.333","0","false","true",
"C","A","20240101","2024","52","2024","842","USA","USA","X","Export","0","W00","World","0","W00","World","H6","HS","true","090210","Tea, green; (not fermented), in immediate packings of a content not exceeding 3kg","6","true","C00","TOTAL CPC","0","0","TOTAL MOT","8","kg","7117051","false","8","kg","7117051","false","7117051","false","0","false",,"33898596","33898596","0","false","true",
"C","A","20240101","2024","52","2024","854","BFA","Burkina Faso","X","Export","0","W00","World","0","W00","World","H6","HS","true","090210","Tea, green; (not fermented), in immediate packings of a content not exceeding 3kg","6","true","C00","TOTAL CPC","0","0","TOTAL MOT","8","kg","100","false","8","kg","100","false","100","false","0","false",,"164.922","164.922","0","false","true",
"C","A","20240101","2024","52","2024","858","URY","Uruguay","X","Export","0","W00","World","0","W00","World","H6","HS","true","090210","Tea, green; (not fermented), in immediate packings of a content not exceeding 3kg","6","true","C00","TOTAL CPC","0","0","TOTAL MOT","8","kg","102","false","8","kg","102","false","102","false","0","false",,"743","743","0","false","true",
"C","A","20240101","2024","52","2024","860","UZB","Uzbekistan","X","Export","0","W00","World","0","W00","World","H6","HS","true","090210","Tea, green; (not fermented), in immediate packings of a content not exceeding 3kg","6","true","C00","TOTAL CPC","0","0","TOTAL MOT","8","kg","48107","false","8","kg","48107","false","48107","false","0","false",,"138994","138994","0","false","true",
"C","A","20240101","2024","52","2024","887","YEM","Yemen","X","Export","0","W00","World","0","W00","World","H5","HS","true","090210","Tea, green; (not fermented), in immediate packings of a content not exceeding 3kg","6","true","C00","TOTAL CPC","0","0","TOTAL MOT","8","kg","23214","false","8","kg","23214","false","23214","false","0","false",,"42499.577","42499.577","0","false","true",
"C","A","20240101","2024","52","2024","894","ZMB","Zambia","X","Export","0","W00","World","0","W00","World","H6","HS","true","090210","Tea, green; (not fermented), in immediate packings of a content not exceeding 3kg","6","true","C00","TOTAL CPC","0","0","TOTAL MOT","8","kg","148","false","8","kg","148","false","148","false","0","false",,"2891.862","2891.862","0","false","true",
"C","A","20240101","2024","52","2024","792","TUR","Türkiye","X","Export","0","W00","World","0","W00","World","H6","HS","true","090210","Tea, green; (not fermented), in immediate packings of a content not exceeding 3kg","6","true","C00","TOTAL CPC","0","1000","Air","8","kg","17710","false","8","kg","17710","false","17710","false","0","false",,"285283","285283","0","false","true",
"C","A","20240101","2024","52","2024","826","GBR","United Kingdom","X","Export","0","W00","World","0","W00","World","H6","HS","true","090210","Tea, green; (not fermented), in immediate packings of a content not exceeding 3kg","6","true","C00","TOTAL CPC","0","1000","Air","8","kg","17776.766","true","-1","N/A","0","false","17776.766","true","0","false",,"751083.455","751083.455","6","false","true",
"C","A","20240101","2024","52","2024","792","TUR","Türkiye","X","Export","0","W00","World","0","W00","World","H6","HS","true","090210","Tea, green; (not fermented), in immediate packings of a content not exceeding 3kg","6","true","C00","TOTAL CPC","0","2100","Sea","8","kg","43983","false","8","kg","43983","false","43983","false","0","false",,"912601","912601","0","false","true",
"C","A","20240101","2024","52","2024","826","GBR","United Kingdom","X","Export","0","W00","World","0","W00","World","H6","HS","true","090210","Tea, green; (not fermented), in immediate packings of a content not exceeding 3kg","6","true","C00","TOTAL CPC","0","2100","Sea","8","kg","362483.073","true","-1","N/A","0","false","362483.073","true","0","false",,"7190727.046","7190727.046","6","false","true",
"C","A","20240101","2024","52","2024","887","YEM","Yemen","X","Export","0","W00","World","0","W00","World","H5","HS","true","090210","Tea, green; (not fermented), in immediate packings of a content not exceeding 3kg","6","true","C00","TOTAL CPC","0","3000","Land","8","kg","23214","false","8","kg","23214","false","23214","false","0","false",,"42499.577","42499.577","0","false","true",
"C","A","20240101","2024","52","2024","826","GBR","United Kingdom","X","Export","0","W00","World","0","W00","World","H6","HS","true","090210","Tea, green; (not fermented), in immediate packings of a content not exceeding 3kg","6","true","C00","TOTAL CPC","0","3100","Railway","8","kg","200","false","8","kg","200","false","200","false","0","false",,"4299.537","4299.537","0","false","true",
"C","A","20240101","2024","52","2024","854","BFA","Burkina Faso","X","Export","0","W00","World","0","W00","World","H6","HS","true","090210","Tea, green; (not fermented), in immediate packings of a content not exceeding 3kg","6","true","C00","TOTAL CPC","0","3100","Railway","8","kg","100","false","8","kg","100","false","100","false","0","false",,"164.922","164.922","0","false","true",
"C","A","20240101","2024","52","2024","792","TUR","Türkiye","X","Export","0","W00","World","0","W00","World","H6","HS","true","090210","Tea, green; (not fermented), in immediate packings of a content not exceeding 3kg","6","true","C00","TOTAL CPC","0","3200","Road","8","kg","46997","false","8","kg","46997","false","46997","false","0","false",,"343413","343413","0","false","true",
"C","A","20240101","2024","52","2024","807","MKD","North Macedonia","X","Export","0","W00","World","0","W00","World","H6","HS","true","090210","Tea, green; (not fermented), in immediate packings of a content not exceeding 3kg","6","true","C00","TOTAL CPC","0","3200","Road","8","kg","759","false","8","kg","759","false","759","false","0","false",,"9259.81","9259.81","0","false","true",
"C","A","20240101","2024","52","2024","826","GBR","United Kingdom","X","Export","0","W00","World","0","W00","World","H6","HS","true","090210","Tea, green; (not fermented), in immediate packings of a content not exceeding 3kg","6","true","C00","TOTAL CPC","0","9900","Other","8","kg","759108","false","8","kg","759108","false","759108","false","0","false",,"13491977.545","13491977.545","0","false","true",
"C","A","20240101","2024","52","2024","792","TUR","Türkiye","X","Export","0","W00","World","0","W00","World","H6","HS","true","090220","Tea, green; (not fermented), in immediate packings of a content exceeding 3kg","6","true","C00","TOTAL CPC","0","0","TOTAL MOT","8","kg","123898","false","8","kg","123898","false","123898","false","0","false",,"1236682","1236682","0","false","true",
"C","A","20240101","2024","52","2024","800","UGA","Uganda","X","Export","0","W00","World","0","W00","World","H6","HS","true","090220","Tea, green; (not fermented), in immediate packings of a content exceeding 3kg","6","true","C00","TOTAL CPC","0","0","TOTAL MOT","8","kg","123327.65","false","8","kg","123327.65","false","123327.65","false","0","false",,"198453.16","198453.16","0","false","true",
"C","A","20240101","2024","52","2024","804","UKR","Ukraine","X","Export","0","W00","World","0","W00","World","H6","HS","true","090220","Tea, green; (not fermented), in immediate packings of a content exceeding 3kg","6","true","C00","TOTAL CPC","0","0","TOTAL MOT","8","kg","1275.7","false","8","kg","1275.7","false","1275.7","false","0","false",,"9799.09","9799.09","0","false","true",
"C","A","20240101","2024","52","2024","807","MKD","North Macedonia","X","Export","0","W00","World","0","W00","World","H6","HS","true","090220","Tea, green; (not fermented), in immediate packings of a content exceeding 3kg","6","true","C00","TOTAL CPC","0","0","TOTAL MOT","8","kg","46","false","8","kg","46","false","46","false","0","false",,"375.15","375.15","0","false","true",
"C","A","20240101","2024","52","2024","818","EGY","Egypt","X","Export","0","W00","World","0","W00","World","H6","HS","true","090220","Tea, green; (not fermented), in immediate packings of a content exceeding 3kg","6","true","C00","TOTAL CPC","0","0","TOTAL MOT","8","kg","20597.839","true","-1","N/A","0","false","20597.839","true","0","false",,"281559.25","281559.25","6","false","true",
"C","A","20240101","2024","52","2024","826","GBR","United Kingdom","X","Export","0","W00","World","0","W00","World","H6","HS","true","090220","Tea, green; (not fermented), in immediate packings of a content exceeding 3kg","6","true","C00","TOTAL CPC","0","0","TOTAL MOT","8","kg","210918.175","true","-1","N/A","0","false","210918.175","true","0","false",,"3185909.99","3185909.99","6","false","true",
"C","A","20240101","2024","52","2024","834","TZA","United Rep. of Tanzania","X","Export","0","W00","World","0","W00","World","H6","HS","true","090220","Tea, green; (not fermented), in immediate packings of a content exceeding 3kg","6","true","C00","TOTAL CPC","0","0","TOTAL MOT","8","kg","70791.4","false","8","kg","70791.4","false","70791.4","false","0","false",,"93551.617","93551.617","0","false","true",
"C","A","20240101","2024","52","2024","842","USA","USA","X","Export","0","W00","World","0","W00","World","H6","HS","true","090220","Tea, green; (not fermented), in immediate packings of a content exceeding 3kg","6","true","C00","TOTAL CPC","0","0","TOTAL MOT","8","kg","1304517","false","8","kg","1304517","false","1304517","false","0","false",,"6556143","6556143","0","false","true",
"C","A","20240101","2024","52","2024","854","BFA","Burkina Faso","X","Export","0","W00","World","0","W00","World","H6","HS","true","090220","Tea, green; (not fermented), in immediate packings of a content exceeding 3kg","6","true","C00","TOTAL CPC","0","0","TOTAL MOT","8","kg","1400","false","8","kg","1400","false","1400","false","0","false",,"494.766","494.766","0","false","true",
"C","A","20240101","2024","52","2024","860","UZB","Uzbekistan","X","Export","0","W00","World","0","W00","World","H6","HS","true","090220","Tea, green; (not fermented), in immediate packings of a content exceeding 3kg","6","true","C00","TOTAL CPC","0","0","TOTAL MOT","8","kg","121105.767","true","8","kg","119280","false","121105.767","true","0","false",,"36017.98","36017.98","6","false","true",
"C","A","20240101","2024","52","2024","887","YEM","Yemen","X","Export","0","W00","World","0","W00","World","H5","HS","true","090220","Tea, green; (not fermented), in immediate packings of a content exceeding 3kg","6","true","C00","TOTAL CPC","0","0","TOTAL MOT","8","kg","10660","false","8","kg","10660","false","10660","false","0","false",,"4624.907","4624.907","0","false","true",
"C","A","20240101","2024","52","2024","894","ZMB","Zambia","X","Export","0","W00","World","0","W00","World","H6","HS","true","090220","Tea, green; (not fermented), in immediate packings of a content exceeding 3kg","6","true","C00","TOTAL CPC","0","0","TOTAL MOT","8","kg","10534.54","false","8","kg","10534.54","false","10534.54","false","0","false",,"2948.902","2948.902","0","false","true",
"C","A","20240101","2024","52","2024","792","TUR","Türkiye","X","Export","0","W00","World","0","W00","World","H6","HS","true","090220","Tea, green; (not fermented), in immediate packings of a content exceeding 3kg","6","true","C00","TOTAL CPC","0","1000","Air","8","kg","10974","false","8","kg","10974","false","10974","false","0","false",,"135802","135802","0","false","true",
"C","A","20240101","2024","52","2024","826","GBR","United Kingdom","X","Export","0","W00","World","0","W00","World","H6","HS","true","090220","Tea, green; (not fermented), in immediate packings of a content exceeding 3kg","6","true","C00","TOTAL CPC","0","1000","Air","8","kg","5655","false","8","kg","5655","false","5655","false","0","false",,"266977.15","266977.15","0","false","true",
"C","A","20240101","2024","52","2024","792","TUR","Türkiye","X","Export","0","W00","World","0","W00","World","H6","HS","true","090220","Tea, green; (not fermented), in immediate packings of a content exceeding 3kg","6","true","C00","TOTAL CPC","0","2100","Sea","8","kg","37895","false","8","kg","37895","false","37895","false","0","false",,"371644","371644","0","false","true",
"C","A","20240101","2024","52","2024","826","GBR","United Kingdom","X","Export","0","W00","World","0","W00","World","H6","HS","true","090220","Tea, green; (not fermented), in immediate packings of a content exceeding 3kg","6","true","C00","TOTAL CPC","0","2100","Sea","8","kg","108182.251","true","-1","N/A","0","false","108182.251","true","0","false",,"1082212.487","1082212.487","6","false","true",
"C","A","20240101","2024","52","2024","887","YEM","Yemen","X","Export","0","W00","World","0","W00","World","H5","HS","true","090220","Tea, green; (not fermented), in immediate packings of a content exceeding 3kg","6","true","C00","TOTAL CPC","0","2100","Sea","8","kg","8910","false","8","kg","8910","false","8910","false","0","false",,"3000","3000","0","false","true",
"C","A","20240101","2024","52","2024","887","YEM","Yemen","X","Export","0","W00","World","0","W00","World","H5","HS","true","090220","Tea, green; (not fermented), in immediate packings of a content exceeding 3kg","6","true","C00","TOTAL CPC","0","3000","Land","8","kg","1750","false","8","kg","1750","false","1750","false","0","false",,"1624.907","1624.907","0","false","true",
"C","A","20240101","2024","52","2024","792","TUR","Türkiye","X","Export","0","W00","World","0","W00","World","H6","HS","true","090220","Tea, green; (not fermented), in immediate packings of a content exceeding 3kg","6","true","C00","TOTAL CPC","0","3200","Road","8","kg","75029","false","8","kg","75029","false","75029","false","0","false",,"729236","729236","0","false","true",
"C","A","20240101","2024","52","2024","807","MKD","North Macedonia","X","Export","0","W00","World","0","W00","World","H6","HS","true","090220","Tea, green; (not fermented), in immediate packings of a content exceeding 3kg","6","true","C00","TOTAL CPC","0","3200","Road","8","kg","46","false","8","kg","46","false","46","false","0","false",,"375.15","375.15","0","false","true",
"C","A","20240101","2024","52","2024","826","GBR","United Kingdom","X","Export","0","W00","World","0","W00","World","H6","HS","true","090220","Tea, green; (not fermented), in immediate packings of a content exceeding 3kg","6","true","C00","TOTAL CPC","0","3200","Road","8","kg","126","false","8","kg","126","false","126","false","0","false",,"3204.994","3204.994","0","false","true",
"C","A","20240101","2024","52","2024","854","BFA","Burkina Faso","X","Export","0","W00","World","0","W00","World","H6","HS","true","090220","Tea, green; (not fermented), in immediate packings of a content exceeding 3kg","6","true","C00","TOTAL CPC","0","3200","Road","8","kg","1400","false","8","kg","1400","false","1400","false","0","false",,"494.766","494.766","0","false","true",
"C","A","20240101","2024","52","2024","826","GBR","United Kingdom","X","Export","0","W00","World","0","W00","World","H6","HS","true","090220","Tea, green; (not fermented), in immediate packings of a content exceeding 3kg","6","true","C00","TOTAL CPC","0","9900","Other","8","kg","96954.924","true","-1","N/A","0","false","96954.924","true","0","false",,"1833515.358","1833515.358","6","false","true",
"C","A","20240101","2024","52","2024","792","TUR","Türkiye","X","Export","0","W00","World","0","W00","World","H6","HS","true","090230","Tea, black; (fermented) and partly fermented tea, in immediate packings of a content not exceeding 3kg","6","true","C00","TOTAL CPC","0","0","TOTAL MOT","8","kg","3764635","false","8","kg","3764635","false","3764635","false","0","false",,"22262604","22262604","0","false","true",
"C","A","20240101","2024","52","2024","800","UGA","Uganda","X","Export","0","W00","World","0","W00","World","H6","HS","true","090230","Tea, black; (fermented) and partly fermented tea, in immediate packings of a content not exceeding 3kg","6","true","C00","TOTAL CPC","0","0","TOTAL MOT","8","kg","6239230","false","8","kg","6239230","false","6239230","false","0","false",,"5788483.9","5788483.9","0","false","true",
"C","A","20240101","2024","52","2024","804","UKR","Ukraine","X","Export","0","W00","World","0","W00","World","H6","HS","true","090230","Tea, black; (fermented) and partly fermented tea, in immediate packings of a content not exceeding 3kg","6","true","C00","TOTAL CPC","0","0","TOTAL MOT","8","kg","419476.115","false","8","kg","419476.115","false","419476.115","false","0","false",,"6074747.64","6074747.64","0","false","true",
"C","A","20240101","2024","52","2024","807","MKD","North Macedonia","X","Export","0","W00","World","0","W00","World","H6","HS","true","090230","Tea, black; (fermented) and partly fermented tea, in immediate packings of a content not exceeding 3kg","6","true","C00","TOTAL CPC","0","0","TOTAL MOT","8","kg","588","false","8","kg","588","false","588","false","0","false",,"6240.89","6240.89","0","false","true",
"C","A","20240101","2024","52","2024","818","EGY","Egypt","X","Export","0","W00","World","0","W00","World","H6","HS","true","090230","Tea, black; (fermented) and partly fermented tea, in immediate packings of a content not exceeding 3kg","6","true","C00","TOTAL CPC","0","0","TOTAL MOT","8","kg","1612616.658","true","-1","N/A","0","false","1612616.658","true","0","false",,"21480548.411","21480548.411","6","false","true",
"C","A","20240101","2024","52","2024","826","GBR","United Kingdom","X","Export","0","W00","World","0","W00","World","H6","HS","true","090230","Tea, black; (fermented) and partly fermented tea, in immediate packings of a content not exceeding 3kg","6","true","C00","TOTAL CPC","0","0","TOTAL MOT","8","kg","11741068.234","true","-1","N/A","0","false","11741068.234","true","0","false",,"104764523.724","104764523.724","6","false","true",
"C","A","20240101","2024","52","2024","834","TZA","United Rep. of Tanzania","X","Export","0","W00","World","0","W00","World","H6","HS","true","090230","Tea, black; (fermented) and partly fermented tea, in immediate packings of a content not exceeding 3kg","6","true","C00","TOTAL CPC","0","0","TOTAL MOT","8","kg","1642153.5","false","8","kg","1642153.5","false","1642153.5","false","0","false",,"2501676.311","2501676.311","0","false","true",
"C","A","20240101","2024","52","2024","842","USA","USA","X","Export","0","W00","World","0","W00","World","H6","HS","true","090230","Tea, black; (fermented) and partly fermented tea, in immediate packings of a content not exceeding 3kg","6","true","C00","TOTAL CPC","0","0","TOTAL MOT","8","kg","4411067","false","8","kg","4411067","false","4411067","false","0","false",,"48384993","48384993","0","false","true",
"C","A","20240101","2024","52","2024","854","BFA","Burkina Faso","X","Export","0","W00","World","0","W00","World","H6","HS","true","090230","Tea, black; (fermented) and partly fermented tea, in immediate packings of a content not exceeding 3kg","6","true","C00","TOTAL CPC","0","0","TOTAL MOT","8","kg","24800","false","8","kg","24800","false","24800","false","0","false",,"20894.463","20894.463","0","false","true",
"C","A","20240101","2024","52","2024","858","URY","Uruguay","X","Export","0","W00","World","0","W00","World","H6","HS","true","090230","Tea, black; (fermented) and partly fermented tea, in immediate packings of a content not exceeding 3kg","6","true","C00","TOTAL CPC","0","0","TOTAL MOT","8","kg","3","false","8","kg","3","false","3","false","0","false",,"139","139","0","false","true",
"C","A","20240101","2024","52","2024","860","UZB","Uzbekistan","X","Export","0","W00","World","0","W00","World","H6","HS","true","090230","Tea, black; (fermented) and partly fermented tea, in immediate packings of a content not exceeding 3kg","6","true","C00","TOTAL CPC","0","0","TOTAL MOT","8","kg","27519.5","false","8","kg","27519.5","false","27519.5","false","0","false",,"170472","170472","0","false","true",
"C","A","20240101","2024","52","2024","882","WSM","Samoa","X","Export","0","W00","World","0","W00","World","H5","HS","true","090230","Tea, black; (fermented) and partly fermented tea, in immediate packings of a content not exceeding 3kg","6","true","C00","TOTAL CPC","0","0","TOTAL MOT","8","kg","160","false","8","kg","160","false","160","false","0","false",,"395.298","395.298","0","false","true",
"C","A","20240101","2024","52","2024","887","YEM","Yemen","X","Export","0","W00","World","0","W00","World","H5","HS","true","090230","Tea, black; (fermented) and partly fermented tea, in immediate packings of a content not exceeding 3kg","6","true","C00","TOTAL CPC","0","0","TOTAL MOT","8","kg","1340663","false","8","kg","1340663","false","1340663","false","0","false",,"12849263.182","12849263.182","0","false","true",
"C","A","20240101","2024","52","2024","894","ZMB","Zambia","X","Export","0","W00","World","0","W00","World","H6","HS","true","090230","Tea, black; (fermented) and partly fermented tea, in immediate packings of a content not exceeding 3kg","6","true","C00","TOTAL CPC","0","0","TOTAL MOT","8","kg","60","false","8","kg","60","false","60","false","0","false",,"359.307","359.307","0","false","true",
"C","A","20240101","2024","52","2024","792","TUR","Türkiye","X","Export","0","W00","World","0","W00","World","H6","HS","true","090230","Tea, black; (fermented) and partly fermented tea, in immediate packings of a content not exceeding 3kg","6","true","C00","TOTAL CPC","0","1000","Air","8","kg","98249","false","8","kg","98249","false","98249","false","0","false",,"1124760","1124760","0","false","true",
"C","A","20240101","2024","52","2024","826","GBR","United Kingdom","X","Export","0","W00","World","0","W00","World","H6","HS","true","090230","Tea, black; (fermented) and partly fermented tea, in immediate packings of a content not exceeding 3kg","6","true","C00","TOTAL CPC","0","1000","Air","8","kg","157329.234","true","-1","N/A","0","false","157329.234","true","0","false",,"3258686.312","3258686.312","6","false","true",
"C","A","20240101","2024","52","2024","792","TUR","Türkiye","X","Export","0","W00","World","0","W00","World","H6","HS","true","090230","Tea, black; (fermented) and partly fermented tea, in immediate packings of a content not exceeding 3kg","6","true","C00","TOTAL CPC","0","2100","Sea","8","kg","3144730","false","8","kg","3144730","false","3144730","false","0","false",,"17759368","17759368","0","false","true",
"C","A","20240101","2024","52","2024","826","GBR","United Kingdom","X","Export","0","W00","World","0","W00","World","H6","HS","true","090230","Tea, black; (fermented) and partly fermented tea, in immediate packings of a content not exceeding 3kg","6","true","C00","TOTAL CPC","0","2100","Sea","8","kg","6262462","false","8","kg","6262462","false","6262462","false","0","false",,"55329772.672","55329772.672","0","false","true",
"C","A","20240101","2024","52","2024","887","YEM","Yemen","X","Export","0","W00","World","0","W00","World","H5","HS","true","090230","Tea, black; (fermented) and partly fermented tea, in immediate packings of a content not exceeding 3kg","6","true","C00","TOTAL CPC","0","3000","Land","8","kg","1340663","false","8","kg","1340663","false","1340663","false","0","false",,"12849263.182","12849263.182","0","false","true",
"C","A","20240101","2024","52","2024","792","TUR","Türkiye","X","Export","0","W00","World","0","W00","World","H6","HS","true","090230","Tea, black; (fermented) and partly fermented tea, in immediate packings of a content not exceeding 3kg","6","true","C00","TOTAL CPC","0","3100","Railway","8","kg","4229","false","8","kg","4229","false","4229","false","0","false",,"23205","23205","0","false","true",
"C","A","20240101","2024","52","2024","826","GBR","United Kingdom","X","Export","0","W00","World","0","W00","World","H6","HS","true","090230","Tea, black; (fermented) and partly fermented tea, in immediate packings of a content not exceeding 3kg","6","true","C00","TOTAL CPC","0","3100","Railway","8","kg","735","false","8","kg","735","false","735","false","0","false",,"10462.207","10462.207","0","false","true",
"C","A","20240101","2024","52","2024","792","TUR","Türkiye","X","Export","0","W00","World","0","W00","World","H6","HS","true","090230","Tea, black; (fermented) and partly fermented tea, in immediate packings of a content not exceeding 3kg","6","true","C00","TOTAL CPC","0","3200","Road","8","kg","517427","false","8","kg","517427","false","517427","false","0","false",,"3355271","3355271","0","false","true",
"C","A","20240101","2024","52","2024","807","MKD","North Macedonia","X","Export","0","W00","World","0","W00","World","H6","HS","true","090230","Tea, black; (fermented) and partly fermented tea, in immediate packings of a content not exceeding 3kg","6","true","C00","TOTAL CPC","0","3200","Road","8","kg","588","false","8","kg","588","false","588","false","0","false",,"6240.89","6240.89","0","false","true",
"C","A","20240101","2024","52","2024","854","BFA","Burkina Faso","X","Export","0","W00","World","0","W00","World","H6","HS","true","090230","Tea, black; (fermented) and partly fermented tea, in immediate packings of a content not exceeding 3kg","6","true","C00","TOTAL CPC","0","3200","Road","8","kg","24800","false","8","kg","24800","false","24800","false","0","false",,"20894.463","20894.463","0","false","true",
"C","A","20240101","2024","52","2024","826","GBR","United Kingdom","X","Export","0","W00","World","0","W00","World","H6","HS","true","090230","Tea, black; (fermented) and partly fermented tea, in immediate packings of a content not exceeding 3kg","6","true","C00","TOTAL CPC","0","9900","Other","8","kg","5320542","false","8","kg","5320542","false","5320542","false","0","false",,"46165602.534","46165602.534","0","false","true",
"C","A","20240101","2024","52","2024","792","TUR","Türkiye","X","Export","0","W00","World","0","W00","World","H6","HS","true","090240","Tea, black; (fermented) and partly fermented tea, in immediate packings of a content exceeding 3kg","6","true","C00","TOTAL CPC","0","0","TOTAL MOT","8","kg","1305641","false","8","kg","1305641","false","1305641","false","0","false",,"2013445","2013445","0","false","true",
"C","A","20240101","2024","52","2024","800","UGA","Uganda","X","Export","0","W00","World","0","W00","World","H6","HS","true","090240","Tea, black; (fermented) and partly fermented tea, in immediate packings of a content exceeding 3kg","6","true","C00","TOTAL CPC","0","0","TOTAL MOT","8","kg","53496688.4","false","8","kg","53496688.4","false","53496688.4","false","0","false",,"50174288.61","50174288.61","0","false","true",
"C","A","20240101","2024","52","2024","804","UKR","Ukraine","X","Export","0","W00","World","0","W00","World","H6","HS","true","090240","Tea, black; (fermented) and partly fermented tea, in immediate packings of a content exceeding 3kg","6","true","C00","TOTAL CPC","0","0","TOTAL MOT","8","kg","625.03","false","8","kg","625.03","false","625.03","false","0","false",,"4061.87","4061.87","0","false","true",
"C","A","20240101","2024","52","2024","807","MKD","North Macedonia","X","Export","0","W00","World","0","W00","World","H6","HS","true","090240","Tea, black; (fermented) and partly fermented tea, in immediate packings of a content exceeding 3kg","6","true","C00","TOTAL CPC","0","0","TOTAL MOT","8","kg","2569","false","8","kg","2569","false","2569","false","0","false",,"21844.86","21844.86","0","false","true",
"C","A","20240101","2024","52","2024","818","EGY","Egypt","X","Export","0","W00","World","0","W00","World","H6","HS","true","090240","Tea, black; (fermented) and partly fermented tea, in immediate packings of a content exceeding 3kg","6","true","C00","TOTAL CPC","0","0","TOTAL MOT","8","kg","85098.719","true","-1","N/A","0","false","85098.719","true","0","false",,"353439.39","353439.39","6","false","true",
"C","A","20240101","2024","52","2024","826","GBR","United Kingdom","X","Export","0","W00","World","0","W00","World","H6","HS","true","090240","Tea, black; (fermented) and partly fermented tea, in immediate packings of a content exceeding 3kg","6","true","C00","TOTAL CPC","0","0","TOTAL MOT","8","kg","1355474","false","8","kg","1355474","false","1355474","false","0","false",,"7103261.273","7103261.273","0","false","true",
"C","A","20240101","2024","52","2024","834","TZA","United Rep. of Tanzania","X","Export","0","W00","World","0","W00","World","H6","HS","true","090240","Tea, black; (fermented) and partly fermented tea, in immediate packings of a content exceeding 3kg","6","true","C00","TOTAL CPC","0","0","TOTAL MOT","8","kg","14029041","false","8","kg","14029041","false","14029041","false","0","false",,"16836928.306","16836928.306","0","false","true",
"C","A","20240101","2024","52","2024","842","USA","USA","X","Export","0","W00","World","0","W00","World","H6","HS","true","090240","Tea, black; (fermented) and partly fermented tea, in immediate packings of a content exceeding 3kg","6","true","C00","TOTAL CPC","0","0","TOTAL MOT","8","kg","2007751","false","8","kg","2007751","false","2007751","false","0","false",,"8436815","8436815","0","false","true",
"C","A","20240101","2024","52","2024","860","UZB","Uzbekistan","X","Export","0","W00","World","0","W00","World","H6","HS","true","090240","Tea, black; (fermented) and partly fermented tea, in immediate packings of a content exceeding 3kg","6","true","C00","TOTAL CPC","0","0","TOTAL MOT","8","kg","23354.183","true","8","kg","23010","false","23354.183","true","0","false",,"119898","119898","6","false","true",
"C","A","20240101","2024","52","2024","882","WSM","Samoa","X","Export","0","W00","World","0","W00","World","H5","HS","true","090240","Tea, black; (fermented) and partly fermented tea, in immediate packings of a content exceeding 3kg","6","true","C00","TOTAL CPC","0","0","TOTAL MOT","8","kg","280","false","8","kg","280","false","280","false","0","false",,"1039.806","1039.806","0","false","true",
"C","A","20240101","2024","52","2024","887","YEM","Yemen","X","Export","0","W00","World","0","W00","World","H5","HS","true","090240","Tea, black; (fermented) and partly fermented tea, in immediate packings of a content exceeding 3kg","6","true","C00","TOTAL CPC","0","0","TOTAL MOT","8","kg","88952.4","false","8","kg","88952.4","false","88952.4","false","0","false",,"376264.151","376264.151","0","false","true",
"C","A","20240101","2024","52","2024","894","ZMB","Zambia","X","Export","0","W00","World","0","W00","World","H6","HS","true","090240","Tea, black; (fermented) and partly fermented tea, in immediate packings of a content exceeding 3kg","6","true","C00","TOTAL CPC","0","0","TOTAL MOT","8","kg","924.76","false","8","kg","924.76","false","924.76","false","0","false",,"4076.903","4076.903","0","false","true",
"C","A","20240101","2024","52","2024","792","TUR","Türkiye","X","Export","0","W00","World","0","W00","World","H6","HS","true","090240","Tea, black; (fermented) and partly fermented tea, in immediate packings of a content exceeding 3kg","6","true","C00","TOTAL CPC","0","1000","Air","8","kg","35442","false","8","kg","35442","false","35442","false","0","false",,"274443","274443","0","false","true",
"C","A","20240101","2024","52","2024","826","GBR","United Kingdom","X","Export","0","W00","World","0","W00","World","H6","HS","true","090240","Tea, black; (fermented) and partly fermented tea, in immediate packings of a content exceeding 3kg","6","true","C00","TOTAL CPC","0","1000","Air","8","kg","20682","false","8","kg","20682","false","20682","false","0","false",,"469622.319","469622.319","0","false","true",
"C","A","20240101","2024","52","2024","792","TUR","Türkiye","X","Export","0","W00","World","0","W00","World","H6","HS","true","090240","Tea, black; (fermented) and partly fermented tea, in immediate packings of a content exceeding 3kg","6","true","C00","TOTAL CPC","0","2100","Sea","8","kg","287886","false","8","kg","287886","false","287886","false","0","false",,"1023259","1023259","0","false","true",
"C","A","20240101","2024","52","2024","826","GBR","United Kingdom","X","Export","0","W00","World","0","W00","World","H6","HS","true","090240","Tea, black; (fermented) and partly fermented tea, in immediate packings of a content exceeding 3kg","6","true","C00","TOTAL CPC","0","2100","Sea","8","kg","428506","false","8","kg","428506","false","428506","false","0","false",,"2538978.063","2538978.063","0","false","true",
"C","A","20240101","2024","52","2024","887","YEM","Yemen","X","Export","0","W00","World","0","W00","World","H5","HS","true","090240","Tea, black; (fermented) and partly fermented tea, in immediate packings of a content exceeding 3kg","6","true","C00","TOTAL CPC","0","3000","Land","8","kg","88952.4","false","8","kg","88952.4","false","88952.4","false","0","false",,"376264.151","376264.151","0","false","true",
"C","A","20240101","2024","52","2024","792","TUR","Türkiye","X","Export","0","W00","World","0","W00","World","H6","HS","true","090240","Tea, black; (fermented) and partly fermented tea, in immediate packings of a content exceeding 3kg","6","true","C00","TOTAL CPC","0","3200","Road","8","kg","982313","false","8","kg","982313","false","982313","false","0","false",,"715743","715743","0","false","true",
"C","A","20240101","2024","52","2024","807","MKD","North Macedonia","X","Export","0","W00","World","0","W00","World","H6","HS","true","090240","Tea, black; (fermented) and partly fermented tea, in immediate packings of a content exceeding 3kg","6","true","C00","TOTAL CPC","0","3200","Road","8","kg","2569","false","8","kg","2569","false","2569","false","0","false",,"21844.86","21844.86","0","false","true",
"C","A","20240101","2024","52","2024","826","GBR","United Kingdom","X","Export","0","W00","World","0","W00","World","H6","HS","true","090240","Tea, black; (fermented) and partly fermented tea, in immediate packings of a content exceeding 3kg","6","true","C00","TOTAL CPC","0","3200","Road","8","kg","90","false","8","kg","90","false","90","false","0","false",,"1410.35","1410.35","0","false","true",
"C","A","20240101","2024","52","2024","826","GBR","United Kingdom","X","Export","0","W00","World","0","W00","World","H6","HS","true","090240","Tea, black; (fermented) and partly fermented tea, in immediate packings of a content exceeding 3kg","6","true","C00","TOTAL CPC","0","9900","Other","8","kg","906196","false","8","kg","906196","false","906196","false","0","false",,"4093250.542","4093250.542","0","false","true",
